label,text
spam,Nhập miễn phí trong 2 WKLY Comp để giành chiến thắng FA Cup Final TKTS ngày 21 tháng 5 năm 2005. Văn bản FA đến 87121 để nhận câu hỏi nhập cảnh (tỷ lệ STD TXT) T & C áp dụng 08452810075Over18
ham,Bạn không nói quá sớm ... bạn đã nói ...
ham,"Không, tôi không nghĩ anh ấy đến USF, anh ấy sống quanh đây"
ham,Ngay cả anh trai tôi cũng không thích nói chuyện với tôi.
ham,Theo yêu cầu của bạn 'Melle Melle (Oru Minnaminunginte Nurungu Vettam)' đã được đặt làm người gọi của bạn cho tất cả người gọi.
spam,Người chiến thắng !!
spam,Có di động của bạn 11 tháng trở lên?
ham,"Tôi sẽ về nhà sớm và tôi không muốn nói về những thứ này nữa tối nay, K?"
spam,Sáu cơ hội để giành được tiền mặt!
spam,CẤP BÁCH!
ham,Tôi đã tìm kiếm những từ thích hợp để cảm ơn bạn vì hơi thở này.
ham,Tôi có một cuộc hẹn vào Chủ nhật với Will !!
spam,"XXXMOBILEMOVIECLUB: Để sử dụng tín dụng của bạn, nhấp vào liên kết WAP trong thông báo TXT tiếp theo hoặc nhấp vào đây >> http: // wap."
ham,Oh k ... tôi đang xem ở đây :)
ham,Eh bạn nhớ làm thế nào 2 đánh vần tên của anh ấy ... vâng tôi đã làm.
ham,Tốt nếu đó là cách bạn cảm thấy.
spam,Anh v Macedonia - Đừng bỏ lỡ các mục tiêu/tin tức của đội.
ham,Đó có phải là một cách nghiêm túc về cách bạn đánh vần tên của anh ấy?
ham,Tôi sẽ cố gắng thử trong 2 tháng ha ha chỉ nói đùa
ham,"Vì vậy, ì_ trả trước lần cuối cùng ... thì khi nào là cổ phiếu ..."
ham,Phía sau tôi hoàn thành bữa trưa của mình sau đó tôi đi xuống.
ham,Ffffffffff.
ham,Chỉ buộc mình phải ăn một lát.
ham,Lol bạn luôn luôn thuyết phục.
ham,Bạn đã bắt xe buýt?
ham,Tôi trở lại & amp;
ham,Ahhh.
ham,"Đợi đã vẫn không rõ ràng, bạn không chắc chắn về việc tôi bị mỉa mai hay đó là lý do tại sao X không muốn sống với chúng tôi"
ham,"Vâng, anh ấy đã vào lúc 2 tuổi và V xin lỗi."
ham,K Hãy cho tôi biết bất cứ điều gì về bạn.
ham,Vì sợ ngất xỉu với tất cả những công việc nhà mà bạn vừa làm?
spam,"Cảm ơn bạn đã đăng ký với Ringtone UK, điện thoại di động của bạn sẽ được tính phí £ 5/tháng, vui lòng xác nhận bằng cách trả lời có hoặc không."
ham,Yup ... ok tôi về nhà nhìn vào thời gian rồi tôi tin ì_ một lần nữa ... Xuhui sẽ học vào ngày 2 tháng 5 cũng vậy nhưng bài học của cô ấy là lúc 8 giờ sáng
ham,"Rất tiếc, tôi sẽ cho bạn biết khi bạn cùng phòng của tôi xong"
ham,Tôi thấy chữ B trên xe của tôi
ham,Bất cứ điều gì ... bạn quyết định ...
ham,Xin chào!
ham,Xin vui lòng đi trước với Watts.
ham,Tôi đã quên nói với bạn?
spam,07732584351 - Rodger Burns - MSG = Chúng tôi đã cố gắng gọi cho bạn trả lời của bạn cho SMS của chúng tôi cho một máy quay Nokia Mobile + miễn phí miễn phí.
ham,Bạn đang nhìn thấy ai?
ham,Tuyệt vời!
ham,Không có cuộc gọi..Messages..missed cuộc gọi
ham,Bạn đã không được tiêm chủng Hep B ở Nigeria.
ham,"Đủ công bằng, bất cứ điều gì đang xảy ra?"
ham,"Vâng hy vọng, nếu Tyler không thể làm điều đó, tôi có thể hỏi xung quanh một chút"
ham,Bạn không biết tôi bướng bỉnh như thế nào.
ham,Bạn nghĩ gì về tôi.
ham,Một gram thường chạy như & lt;#& gt;
ham,K FYI X có một chuyến đi vào sáng sớm mai nhưng anh ấy đã gặp nạn tại chỗ của chúng tôi tối nay
ham,Ồ.
spam,SMS.
ham,Bạn có biết Mallika Sherawat đã làm gì ngày hôm qua không?
spam,Xin chúc mừng!
ham,"Xin lỗi, tôi sẽ gọi sau trong cuộc họp."
ham,Cho biết bạn đã đạt được nơi nào
ham,Có..Gauti và Sehwag ra khỏi loạt ODI.
ham,Bạn sẽ phải lấy một chiếc burger $ 1 cho chính mình trên đường về nhà.
ham,Ha ha ha trò đùa hay.
ham,Nó là một phần của việc kiểm tra IQ
ham,"Xin lỗi bạn cùng phòng của tôi đã mất mãi mãi, có ổn không nếu tôi đến bây giờ?"
ham,OK Lar Tôi kiểm tra kỹ Wif Da Hair Chail đã anh ấy nói Wun Cut V Short.
spam,"Là một khách hàng có giá trị, tôi vui mừng khuyên bạn rằng sau khi xem xét gần đây về mob của bạn, bạn được trao giải thưởng thưởng Å £ 1500, hãy gọi 09066364589"
ham,"Hôm nay là \ bài hát dành riêng cho ngày .. \ ""Bạn sẽ dành bài hát nào cho tôi?"
spam,"Urgent Ur đã trao một chuyến đi miễn phí cho Eurodisinc Trav, ACO & Entry41 hoặc Å £ 1000."
spam,"Bạn có nghe nói về \ mới Barbie \ ""? Nó đi kèm với tất cả các thứ của Ken!"""
ham,Tôi máy bay để cho vào cuối tháng này.
ham,Người đàn ông may mắn ... sau đó có thể tiết kiệm tiền ... hee ...
ham,Hoàn thành lớp học ở đâu.
ham,"Chào em yêu, tôi đang ở nhà bây giờ muốn làm gì đó?"
ham,K..k :) Bạn đang ở đâu? Bạn đã biểu diễn như thế nào?
ham,Bạn có thể gọi cho tôi ngay bây giờ ...
ham,Tôi đang đợi Machan.
ham,Điều đó thật tuyệt.
ham,Tôi thích bạn mọi người rất nhiều :) nhưng tôi rất nhút nhát.
ham,Không hoạt động sau & lt;#& gt;
ham,Nó không giống nhau ở đây.
ham,"Xin lỗi, tôi sẽ gọi sau"
ham,K. Bạn đã gọi cho tôi ngay bây giờ ah?
ham,"Được rồi, tôi đang trên đường về nhà. Xin chào"
ham,Bạn sẽ ở vị trí của người đàn ông đó
ham,Yup điểm dừng tiếp theo.
ham,"Tôi gọi cho bạn sau, không có mạng."
ham,Thực sự khi bạn nhận được trên yo?
ham,"Vâng, tôi bắt đầu gửi yêu cầu để thực hiện nhưng nỗi đau đã trở lại nên tôi trở lại giường."
ham,Tôi thực sự không muốn nó vẫn còn tối nay em yêu
ham,Tôi thực sự không muốn nó vẫn còn tối nay em yêu
ham,Vâng làm!
ham,Xin lỗi là một nỗi đau.
ham,Nụ cười trong niềm vui cười trong nụ cười đau khi rắc rối như mưa như mưa khi sum1 đau bạn cười vì ai đó vẫn thích nhìn thấy bạn mỉm cười !!
spam,Vui lòng gọi cho đại diện dịch vụ khách hàng của chúng tôi theo số 0800 169 6031 trong khoảng từ 10 giờ sáng đến 9 giờ tối vì bạn đã giành được giải thưởng £ 1000 tiền mặt hoặc Å £ 5000!
ham,Không có kế hoạch mua sau.
spam,Không có kế hoạch mua sau.
ham,Xem phim tiếng Telugu..có bạn thì sao?
ham,tôi hiểu rồi.
ham,CHÀO.
ham,Xin đừng nhắn tin cho tôi nữa.
ham,"Được rồi, giá của bạn miễn là hợp pháp của nó!"
ham,Tôi vẫn đang tìm một chiếc xe để mua.
ham,Theo yêu cầu của bạn 'Melle Melle (Oru Minnaminunginte Nurungu Vettam)' đã được đặt làm người gọi của bạn cho tất cả người gọi.
ham,Ồ.
ham,Umma cuộc sống của tôi và vava umma yêu bạn rất nhiều
ham,Cảm ơn rất nhiều vì những lời chúc của bạn vào ngày sinh nhật của tôi.
ham,"Aight, tôi sẽ đánh bạn khi tôi nhận được một số tiền mặt"
ham,Làm thế nào kiểm tra địa chỉ IP của tôi rằng xem xét máy tính của tôi không phải là máy chủ Minecraft
ham,
ham,Đừng lo lắng.
ham,Số nhiều của nghiên cứu danh từ là gì?
ham,Đi ăn tối.msg bạn sau.
ham,Tôi ổn với nó vì tôi muốn 2 thử những điều mới.
spam,QUÝ ÔNG!
ham,"Wa, câu mở đầu của bạn rất trang trọng ... Dù sao, tôi cũng ổn, Juz tt Tôi đang ăn quá nhiều n puttin về cân nặng ... haha ... có gì đặc biệt xảy ra không?"
ham,"Khi tôi bước vào cabin của tôi, tôi đã nói, '' B'day Boss hạnh phúc !! ''."
spam,"Bạn là người chiến thắng, bạn đã được chọn đặc biệt 2 £ 1000 hoặc 4* Holiday (Flights Inc) Nói chuyện với Nhà điều hành trực tiếp 2 Yêu cầu 0871277810910P/phút (18+)"
ham,Goodo!
ham,Hmm ... chú tôi chỉ thông báo cho tôi rằng anh ấy đang trả tiền trực tiếp cho trường.
spam,RIÊNG TƯ!
spam,CẤP BÁCH!
ham,CẤP BÁCH!
spam,Các số Voda Today kết thúc 7548 được chọn để nhận giải thưởng $ 350.
ham,Tôi sẽ đến Sao Mu hôm nay.
ham,Ì ì dự đoán wat thời gian Ì_ sẽ hoàn thành việc mua?
ham,"Công cụ tốt, sẽ làm."
ham,"Chỉ để bạn biết, Yetunde vẫn chưa gửi tiền."
ham,Bạn có ở trong phòng không.
ham,Bạn có ở trong phòng không.
ham,K..k :) nó có giá bao nhiêu?
ham,Tôi về nhà.
ham,"Thân mến, sẽ gọi vào ngày mai. Xin vui lòng có chỗ ở."
ham,Câu trả lời đầu tiên câu hỏi của tôi.
spam,Câu đố về ánh nắng mặt trời wkly Q!
spam,Câu đố về ánh nắng mặt trời wkly Q!
ham,Tôi chỉ haf msn.
ham,Anh ấy ở đó.
ham,Không không.
spam,Bạn sẽ không RCV thêm bất kỳ tin nhắn nào từ SVC trò chuyện.
ham,Có c ... Tôi lười gõ ... Tôi quên ì_ trong bài giảng ... Tôi đã thấy một túi nhưng giống như không V tốt ...
ham,"K, nhắn tin cho tôi khi bạn đang trên đường"
ham,"Thưa ông, chờ thư của bạn."
ham,"Thưa ông, chờ thư của bạn."
ham,Tôi biết bạn là.
ham,"Vâng, xem bạn không có trên dấu chấm"
ham,Tên nhân viên đang tham gia lớp học cho chúng tôi là gì?
spam,Freemsg Tại sao bạn không trả lời văn bản của tôi?
ham,Ummma. Hãy gọi sau khi kiểm tra. Cuộc sống của chúng tôi sẽ bắt đầu từ Qatar nên xin cầu nguyện rất nhiều.
ham,Ummma. Hãy gọi sau khi kiểm tra. Cuộc sống của chúng tôi sẽ bắt đầu từ Qatar nên xin cầu nguyện rất nhiều.
ham,Sindhu có công việc ở Birlasoft ..
ham,Rượu đang chảy và tôi không bao giờ bao giờ ..
ham,Yup i thk cine tốt hơn vì không cần 2 đi xuống 2 plaza mah.
ham,Ok ... bạn trả lời điển hình ...
ham,Theo yêu cầu của bạn 'Melle Melle (Oru Minnaminunginte Nurungu Vettam)' đã được đặt làm người gọi của bạn cho tất cả người gọi.
ham,"Bạn ở khắp mọi nơi bẩn thỉu, trên sàn nhà, cửa sổ, thậm chí trên áo của tôi."
ham,Aaoooooright Bạn có đang làm việc không?
ham,Tôi đang rời khỏi nhà của tôi bây giờ ...
ham,Xin chào tình yêu của tôi.
spam,Dịch vụ khách hàng annoncility.
spam,"Bạn là người chiến thắng, bạn đã được lựa chọn đặc biệt 2 nhận ’£ 1000 tiền mặt hoặc 4* Holiday (Flights Inc) Nói chuyện với Nhà điều hành trực tiếp 2 Yêu cầu 0871277810810"
ham,Giữ cho bản thân an toàn cho tôi vì tôi cần bạn và tôi nhớ bạn rồi và tôi ghen tị với mọi người nhìn thấy bạn trong cuộc sống thực
ham,Xe và nhà mới cho bố mẹ tôi .:) Tôi chỉ có công việc mới trong tay :)
ham,Tôi rất yêu bạn.
spam,-Pls dừng chiến lợi phẩm (32/f) đang mời bạn làm bạn của cô ấy.
spam,-Pls dừng chiến lợi phẩm (32/f) đang mời bạn làm bạn của cô ấy.
ham,Bangbabes Đơn hàng của bạn đang trên đường.
spam,CẤP BÁCH!
ham,"Chào bạn, cách tốt nhất để tránh sự hiểu lầm với người yêu dấu của chúng ta?"
ham,Thoát tuyệt vời.
ham,Có :) Nó hoàn toàn ngoài hình thức :) Clark cũng thốt ra chất thải.
ham,"Thưa ông, tôi cần tài khoản ngân hàng trục không và địa chỉ ngân hàng."
ham,"Hmmm .. thk chắc chắn có thời gian để hop ard ... ya, có thể đi 4 miễn phí ... Muz gọi cho bạn để thảo luận về liao ..."
ham,Bạn đi xuống lúc mấy giờ?
ham,"Địa ngục đẫm máu, không thể tin rằng bạn đã quên họ của tôi."
ham,"Chà, tôi sẽ hoàn thành phòng tắm của mình bây giờ."
ham,Hãy cho tôi biết khi bạn có tiền để Carlos có thể thực hiện cuộc gọi
ham,Bạn vẫn đi đến trung tâm mua sắm?
ham,Hóa ra bạn bè của tôi đang ở lại cho toàn bộ chương trình và sẽ không trở lại cho đến khi ~ & lt;#& gt;
ham,Nhắn tin cho cô ấy.
ham,CHÀO!
ham,Bạn đã nâng hy vọng của tôi với lời đề nghị của tiền.
ham,Lol không.
ham,Được rồi.
ham,"Anh ấy sẽ, các bạn gần gũi?"
ham,Không có gì tuyệt vời .Bye
ham,Không có gì tuyệt vời .Bye
ham,"Haha tuyệt vời, ở đó trong một phút"
spam,Vui lòng gọi cho đại diện dịch vụ khách hàng của chúng tôi trên FreePhone 0808 145 4742 trong khoảng thời gian từ 9 giờ sáng đến 11 giờ tối vì bạn đã giành được một khoản tiền mặt £ 1000 hoặc giải thưởng £ 5000!
ham,Bạn đã có XMAS Radio Times.
ham,Tôi đã trở về nhà.
spam,Tôi đã trở về nhà.
ham,Bạn có đủ độc đáo không?
ham,Xin chào :) cuối cùng tôi đã hoàn thành khóa học :)
ham,Nó sẽ dừng lại trên chính nó.
ham,Bạn dạo này thế nào?
ham,Chào buổi sáng thân yêu có một ngày tốt lành
ham,Bạn đã có câu chuyện của người đó
ham,Hamster của bạn có chết không?
ham,"Xin chào, Kate của nó buổi tối của bạn thế nào?"
ham,"Xin chào, Kate của nó buổi tối của bạn thế nào?"
ham,Tôi đã gửi cho bạn & lt;#& gt;
ham,"Xin chào Darlin, bây giờ tôi đã học xong đại học nên hãy nhắn tin cho tôi khi bạn hoàn thành nếu bạn có thể yêu Kate xxx"
ham,Tài khoản của bạn đã được nạp lại thành công bởi INR & lt; thập phân & gt;
ham,Good đang ngủ Ga.
ham,Bạn gọi tôi là thay đổi lúc 11 ok.
ham,Ìï nói cho đến khi như dat tôi không mua ericsson oso không thể oredi lar ...
ham,"Khi tôi bước vào cabin của tôi, tôi đã nói, '' B'day Boss hạnh phúc !! ''."
ham,"Aight yo, Dats Straight Dogg"
ham,Bạn vui lòng cho chúng tôi kết nối ngay hôm nay trước & lt; thập phân & gt;
ham,Cả hai :) Tôi bắn rất nhiều vì vậy hãy sẵn sàng!
ham,"Có chuyện gì vậy, hy vọng bạn đã có một kỳ nghỉ tuyệt vời."
ham,Nhà để chúng tôi luôn có thể trò chuyện
ham,K :) k :) tốt :) học tốt.
ham,Yup ... Làm thế nào ì_ Noe leh ...
ham,Nghe có vẻ tuyệt vời!
ham,"Cuối cùng, trận đấu hướng tới Draw như dự đoán của bạn."
ham,Mệt.
ham,Ah dễ dàng? Sen được chọn có nghĩa là nó tốt ..
ham,Tôi phải thi với ngày 3 tháng 3
ham,"Vâng, bạn nên."
ham,Ok không có vấn đề gì.
ham,Có hệ điều hành được gọi là Ubandu sẽ chạy mà không cần cài đặt trong đĩa cứng ... bạn có thể sử dụng hệ điều hành đó để sao chép các tệp quan trọng trong hệ thống và cung cấp cho cửa hàng sửa chữa ..
ham,"Xin lỗi, tôi sẽ gọi sau"
ham,"Xin lỗi, tôi sẽ gọi sau"
spam,"500 điện thoại di động mới từ năm 2004, phải đi!"
ham,Sẽ thực sự đánh giá cao nếu bạn gọi cho tôi.
spam,Bạn sẽ gặp đối tác mơ ước của bạn sớm?
ham,Này công ty Elama Po Mudyadhu.
ham,Cuộc sống nghiêm ngặt hơn giáo viên ... Giáo viên BCOZ dạy bài học & amp;
ham,Chào buổi sáng chào buổi sáng bây giờ chỉ có tôi thức dậy
ham,Đi xuống Gandhipuram và đi bộ để băng qua đường cắt.
ham,"Thân mến, chúng tôi sẽ đến nơi cao su của chúng tôi"
ham,"Xin lỗi pin đã chết, vâng tôi ở đây"
ham,Có :) ở đây TV luôn có sẵn ở nơi làm việc ..
spam,Text & Gặp ai đó gợi cảm hôm nay.
ham,Tôi đã in nó oh.
ham,Hoặc tôi sẽ gần hơn một chút như ở trạm xe buýt trên cùng một con phố
ham,Bạn đang ở đâu? Khi nào bạn sẽ đến đây?
ham,"Lý thuyết mới: Đối số chiến thắng tình huống D, nhưng mất người."
spam,"U 447801259231 có một người hâm mộ bí mật, người đang tìm kiếm 2 người liên lạc với U-Find ra ai mà họ tiết lộ ai nghĩ bạn rất đặc biệt vào ngày 09058094597"
ham,Ngày mai xét xử cuối cùng về hộp đựng máy tính xách tay của tôi nên tôi không thể.
ham,Pleasssssssseeeeee tel me v avent thực hiện sportx
ham,Được rồi.
ham,"Mặc dù bây giờ tôi đã nói với bạn, tôi đang thích đồng hồ Baig nhưng tôi thực sự thích e xem bạn đã cho vì nó là fr u."
ham,Bạn không nhớ thương mại cũ đó?
ham,Quá muộn.
ham,Tôi đã yêu cầu bạn gọi cho anh ấy ngay bây giờ ok
ham,Kallis sẽ không dơi trong hiệp thứ 2.
ham,Nó không hoạt động trở lại oh.
spam,Xin chúc mừng bạn đã trao 500 phiếu chứng từ CD hoặc 125Gift Đảm bảo & Nhập miễn phí 2 100 WKLY Vẽ nhạc TXT tới 87066 TNCS www.ldew.com1win150ppmx3age16
ham,Ranjith Cal Drpd Deeraj và Deepak 5 phút
ham,Ranjith Cal Drpd Deeraj và Deepak 5 phút
ham,"Wen của bạn đáng yêu bcums giận dữ u, không nghiêm túc .. vì tức giận là một cách trẻ con nhất để thể hiện tình cảm sâu sắc, quan tâm n luv! .. kettoda manda ... Chúc một ngày tốt lành da."
ham,UPS cũng là 3 ngày và công ty vận chuyển mất 2 tuần.
ham,"Tôi đã trở lại, Lemme biết khi nào bạn đã sẵn sàng"
ham,Không nhất thiết phải mong đợi nó sẽ được thực hiện trước khi bạn quay lại vì tôi vừa mới ra ngoài
ham,"Mmm rất ngon, Babe ... Nice Jolt to the Suzy"
ham,Bạn đang ở đâu?
spam,Chúng tôi đã cố gắng liên hệ với bạn trả lời của bạn cho lời đề nghị của chúng tôi về một chiếc điện thoại video?
ham,I ‰ û m đậu bên cạnh một mini !!!!
ham,Chuẩn rồi
ham,Dù sao thì tôi cũng đang đi mua sắm một mình.
ham,Dù sao thì tôi cũng đang đi mua sắm một mình.
spam,"Này, tôi thực sự rất vui khi muốn trò chuyện hoặc xem tôi khỏa thân văn bản nóng đến 69698 Văn bản được tính vào lúc 150pm để hủy đăng ký văn bản dừng 69698"
ham,Tại sao bạn không đi cùng chúng tôi.
ham,Sam.
ham,"Chưa chắc chắn, vẫn cố giữ anh ta"
spam,Dịch vụ nhạc chuông của bạn đã thay đổi!
ham,Dịch vụ nhạc chuông của bạn đã thay đổi!
spam,Câu lạc bộ nhạc chuông: Nhận bảng xếp hạng người độc thân của Vương quốc Anh trên điện thoại di động của bạn mỗi tuần và chọn bất kỳ nhạc chuông chất lượng hàng đầu nào!
ham,"Hãy đến với MU, chúng tôi đang sắp xếp tình huống ma túy của mình"
ham,"Đêm đã kết thúc cho một ngày khác, buổi sáng đã đến một cách đặc biệt."
spam,Phần thưởng đặc biệt của HMV 500 pound các chứng từ HMV chính hãng sẽ giành được.
ham,Phần thưởng đặc biệt của HMV 500 pound các chứng từ HMV chính hãng sẽ giành được.
ham,Không phản đối.
ham,Thanx ...
ham,Nói với Rob cho Mack GF của anh ấy trong nhà hát
ham,"Tuyệt vời, tôi sẽ gặp bạn một chút"
ham,Vừa gửi nó.
ham,Tất cả đã hoàn thành?
ham,Tất cả đã hoàn thành?
ham,\ Wen bạn nhớ ai đó
ham,Được rồi.
ham,Okie ...
ham,"Vâng, tôi nghĩ rằng anh chàng thông thường của tôi vẫn bị bất tỉnh từ đêm qua, nếu bạn nhận được bất kỳ ai cho tôi biết và tôi sẽ ném xuống"
ham,"K, tôi có thể đến tối nay nếu lớp của tôi cho ra sớm"
ham,Được rồi..
ham,"Chào em bé, tôi đang đi Cruisin với bạn gái của tôi là gì bạn lên 2?"
ham,"Cuộc sống của tôi có ý nghĩa rất lớn đối với tôi, không phải vì tôi yêu cuộc sống của mình, mà vì tôi yêu những người trong đời, thế giới gọi họ là bạn bè, tôi gọi họ là thế giới của tôi :-) .. ge :-) .."
ham,"Thân mến, sẽ gửi thư tonite."
ham,Này bạn đã nói tên bạn với Gautham Ah?
ham,Haf bạn đã tìm thấy anh ta?
ham,Ối.
ham,Bạn có nhiều điều này rất nhiều
ham,Tôi vô tình xóa tin nhắn.
spam,Tôi vô tình xóa tin nhắn.
ham,Trừ khi đó là tình huống bạn đi Gurl sẽ phù hợp hơn
ham,"Làm tổn thương tôi ... trêu chọc tôi ... làm cho tôi khóc ... nhưng cuối đời tôi đã chết, hãy giữ một bông hồng trên mộ của tôi và nói ngu ngốc tôi nhớ bạn .. Chúc một ngày tốt lành BSLVYL"
ham,Tôi không thể chọn điện thoại ngay bây giờ.
ham,Cần một cà phê chạy tomo? Không thể tin rằng đó là thời điểm đó trong tuần rồi
ham,"Tuyệt vời, tôi nhớ lần cuối cùng chúng tôi có ai đó cao lần đầu tiên với Diesel: V"
ham,"Chết tiệt thực sự gây sốc và đáng sợ, không thể tưởng tượng trong một giây."
ham,Oh và nhân tiện bạn có nhiều thức ăn hơn trong tủ lạnh của bạn!
ham,Anh ấy là một diễn viên Womdarful
spam,SMS.
ham,Yup ... từ những gì tôi remb ... tôi nghĩ nên có thể đặt ...
ham,Jos hỏi bạn có muốn gặp nhau không?
ham,Lol vâng.
spam,"Themob> Kiểm tra lựa chọn mới nhất của chúng tôi về nội dung, trò chơi, âm điệu, tin đồn, Babes và Sport, giữ cho thiết bị di động của bạn phù hợp và wap văn bản vui nhộn đến 82468"
ham,Chìa khóa nhà để xe ở đâu?
ham,Hôm nay là ngày chấp nhận..u chấp nhận tôi như?
spam,Nghĩ rằng bạn thông minh?
ham,Anh ấy nói anh ấy sẽ gọi cho tôi khi bạn của anh ấy nhận được tiền nhưng anh ấy chắc chắn sẽ mua trước cuối tuần
ham,"Xin chào cách tôi đã ở với bạn 2 ngày, là cách bình thường đây là tôi thực sự."
ham,Bạn đã làm cho ngày của tôi.
ham,K.k :) tiến lên hạnh phúc pongal.
ham,"Hmmm ... đoán chúng ta có thể đi 4 kb n power yoga ... haha, dunno chúng ta có thể tahan power yoga anot ... thk đã lo oso, quên liao ..."
ham,"Không thực sự là anh bạn, không có bạn bè, tôi sợ :("
spam,Chỉ tháng 12!
ham,"Bánh cà phê, tôi đoán ..."
ham,"Chúc bạn Giáng sinh vui vẻ, em yêu, anh yêu ya *nụ hôn *"
ham,Này ... tại sao chúng ta không đi xem x người đàn ông và ăn trưa ... haha
ham,Cud u nói với ppl im gona b a bit l8 cos 2 xe buýt hav gon qua vì họ đã đầy và tôi vẫn chờ đợi 4 1. Pete x
ham,Điều đó sẽ là tuyệt vời.
ham,Không có gì.
ham,Không có cuộc gọi..Messages..missed cuộc gọi
ham,Honda :) Lớp học hôm nay thế nào?
ham,"Tôi muốn nói đó là một dấu hiệu tốt, nhưng, bạn biết hồ sơ theo dõi của tôi khi đọc phụ nữ"
ham,"Tuyệt vời, nhắn tin cho tôi khi bạn đang đỗ"
ham,Tôi đang đọc văn bản tôi vừa gửi cho bạn.
ham,K.K :) Phim Apo K.Good.
ham,Có lẽ tôi có thể lấy cuốn sách ra Tomo sau đó trả lại ngay lập tức ..?
spam,Gọi cho Đức chỉ với 1 pence mỗi phút!
ham,Bất kỳ cơ hội nào bạn có thể đã có với tôi bốc hơi ngay khi bạn vi phạm quyền riêng tư của tôi bằng cách đánh cắp số điện thoại của tôi từ giấy tờ của chủ nhân của bạn.
spam,Ngày lễ tình nhân đặc biệt!
ham,Ta-daaaaa!
ham,Mát mẻ.
ham,Chỉ ngủ..và lướt sóng
ham,"Xin lỗi, tôi sẽ gọi sau"
ham,"Xin lỗi, tôi sẽ gọi sau"
ham,"Được rồi, thật tuyệt vời hơn rất nhiều."
ham,Tôi lấy nó bài viết đã đến sau đó!
ham,Nơi bạn đã che giấu người lạ?
ham,Tôi không quan tâm để làm như vậy.
ham,Chị tôi đã xóa hai vòng ở Birla Soft ngày hôm qua.
ham,Gudnite .... TC ... Thực hành đang diễn ra
ham,Dis là yijue.
ham,Một vấn đề uy tín nhỏ bây giờ.
spam,Ưa thích một cái xù xì?
ham,Chỉ cần đăng ký vào bạn.
ham,"Nah không thể giúp bạn ở đó, tôi chưa bao giờ có iPhone"
ham,"Nếu bạn không ở trong xe của tôi trong một tiếng rưỡi, tôi sẽ apeshit"
ham,Hôm nay là ngày xin lỗi.!
ham,Yo bạn bao giờ tìm ra chúng ta cần bao nhiêu cho rượu?
ham,& lt;#& gt;
ham,Cảm ơn bạn đã gọi. Hãy nói hạnh phúc onam với bạn Sirji.
spam,Xin chúc mừng bạn đã trao 500 phiếu chứng từ CD hoặc 125Gift Đảm bảo & Nhập miễn phí 2 100 WKLY Vẽ nhạc TXT tới 87066 TNCS www.ldew.com1win150ppmx3age16
spam,"Cân bằng tiền mặt của bạn hiện là 500 pounds-để tối đa hóa tiền mặt của bạn, bây giờ hãy gửi tiền mặt tới 86688 chỉ 150p/msg."
ham,Tôi là một diễn viên.
ham,Xin chào!
ham,Ha ha Cool Cool Chikku Chikku:-):-DB-)
ham,Oh ok không có prob ..
ham,Kiểm tra trạng thái của Audrey ngay bây giờ
ham,Bận rộn ở đây.
ham,Bận rộn ở đây.
ham,Tôi biết Z sẽ chăm sóc tôi.
spam,Update_Now - Ưu đãi Xmas!
spam,Đây là mã giảm giá của bạn RP176781.
ham,Đồng phục wat?
ham,Đồng phục wat?
ham,"Xin chào Boytoy của tôi ... Geeee, tôi nhớ bạn rồi và tôi vừa thức dậy."
ham,Tôi cũng sẽ làm hỏng bạn trên giường :)
ham,Tôi sẽ đi tắm sẽ gửi tin nhắn cho bạn tiếp theo & lt;#& gt;
ham,Tôi không thể nói chuyện với mọi người nếu không chắc tôi có thể trả tiền cho họ nếu họ đồng ý với giá.
spam,"Cảm ơn đơn đặt hàng nhạc chuông của bạn, T91 tham khảo."
ham,Bạn có thể nói điều gì xảy ra
ham,Bạn có thể đã nhìn thấy tôi..Tôi không nhận ra bạn khuôn mặt. :)
ham,"Vâng, không có nhiều điều xảy ra ở Lindsay vào những năm mới * thở dài * Một số quán bar ở Ptbo và Blue Heron có một cái gì đó đang diễn ra"
ham,Giữ payasam của tôi ở đó nếu Rinu mang
ham,Tôi đã dạy rằng Ranjith Sir đã gọi cho tôi.
ham,Tôi đoán đó là lý do tại sao bạn lại lo lắng.
ham,"Vâng chắc chắn, hãy cho tôi một vài phút để theo dõi ví của tôi"
ham,Này để lại nó.
ham,"Này, tôi sẽ đến muộn ah ... gặp bạn lúc 945+"
spam,Double Mins và TXTS 4 6 tháng Bluetooth miễn phí trên Orange.
ham,Nó đã mất Mr cú 3 liếm
ham,Nơi khách hàng tôi sẽ gọi cho bạn.
ham,Mm lúc đó bạn không thích vui vẻ
spam,4mths Half Price Orange Line Cho thuê & điện thoại camera mới nhất 4 miễn phí.
ham,Yup có bữa trưa tự chọn của tôi bây giờ .. bạn đã ăn rồi?
ham,Huh quá muộn ... cho bữa tối?
ham,Huh quá muộn ... cho bữa tối?
ham,Buổi sáng chỉ tôi có thể ổn.
ham,"Vâng, tôi nghĩ vậy."
ham,Đón bạn Bout 7.30ish?
ham,Từ đây sau khi giải thưởng hiệu suất được tính toán hai tháng một lần. Không có thời gian một tháng hiện tại ..
ham,Đã thực sự ngủ và vẫn có thể khi bạn gọi lại.
ham,Bạn luôn luôn đưa doanh nghiệp của bạn ra khỏi đó.
ham,"Chào buổi tối thưa ngài, Al Salam Wahleykkum. Bị một tin vui."
ham,Hmmm ... k ... nhưng tôi muốn thay đổi trường một cách nhanh chóng da :-) Tôi muốn lấy quản trị viên hệ thống hoặc quản trị viên mạng ..
spam,Văn bản nhạc chuông miễn phí đầu tiên đến 87131 cho một poly hoặc văn bản được 87131 cho một giai điệu thực sự!
ham,Thân mến thế nào là Chechi.
ham,Kem tóc chưa được vận chuyển.
ham,Không ai trong số đó xảy ra cho đến khi bạn đến đây
ham,"Đúng, Great Loxahatchee Xmas Tree Burning of & lt;#& gt;"
ham,"Haha đã quen với việc lái xe đến người đàn ông USF, tôi biết rất nhiều người ném đá"
ham,"Haha đã quen với việc lái xe đến người đàn ông USF, tôi biết rất nhiều người ném đá"
ham,Xin chào!
ham,Đi về phía Busetop
ham,Đi về phía Busetop
ham,Đến phòng của chúng tôi vào một lúc nào đó để chúng tôi có thể giải quyết kế hoạch cho cuối tuần này
ham,Vì tôi muốn nó là thứ của bạn
ham,"Okies ... Tôi cũng sẽ đi yan jiu ... chúng ta có thể bỏ qua ard oso, đi cine den go mrt One, blah blah blah ..."
ham,Mang về nhà một số wendy = d
spam,100 Dịch vụ hẹn hò CAL; L 09064012103 Box334SK38CH
ham,Có gì trên đó.
ham,"Được rồi, bây giờ tôi có một mục tiêu mới"
spam,Nhập cảnh miễn phí vào cuộc thi Å £ 250 của chúng tôi chỉ nhắn tin từ WIN WIN đến 80086 ngay bây giờ.
ham,"Được rồi, tôi sẽ ra ngoài sau vài phút, nhắn tin cho tôi ở đâu để gặp bạn"
spam,Gửi logo 2 người yêu của bạn - 2 tên được nối bởi một trái tim.
ham,"Có :) Từ tuần trước, tôi đang thực hiện cuộc gọi trực tiếp."
spam,Ai đó đã liên hệ với dịch vụ hẹn hò của chúng tôi và nhập điện thoại của bạn vì họ thích bạn!
ham,Siva ở trong ký túc xá aha:-.
spam,CẤP BÁCH!
ham,Gửi cái này cho bạn bè của bạn và nhận được điều gì đó về giọng nói của bạn ..... Cách nói của tôi như thế nào?
ham,Được rồi.
ham,Aathi.. bạn thân yêu ở đâu ..
ham,Bất kỳ đau đớn khi đi tiểu bất kỳ điều gì khác?
ham,7 tại esplanade .. làm ì_ tâm trí cho tôi một thang máy vì tôi không có xe hôm nay ..
ham,Tôi không nên mua một chiếc xe BMW khẩn cấp..Thôi Vry Urgent.Nhưng hv thiếu & lt;#& gt;
ham,Ở nhà xem TV lor.
ham,Cô ấy thường mất mười lăm phút để trả lời một câu hỏi có hoặc không
spam,Cô ấy thường mất mười lăm phút để trả lời một câu hỏi có hoặc không
ham,Đã đặt vé cho Pongal?
ham,Bạn có sẵn bây giờ?
ham,Tin nhắn được gửi là yêu cầu & lt;#& gt;
ham,"Hỏi G hoặc iouri, tôi đã kể câu chuyện như mười lần rồi"
ham,Applebees chết tiệt mất bao lâu
ham,"Xin chào, hy vọng bạn nhận được txt này ~ hành trình đã không tốt, tôi nghĩ khoảng 50 phút muộn."
ham,Nhưng tôi phải.
ham,Vâng..He thực sự tuyệt vời..bhaji đã nói với Kallis cricketer tốt nhất sau Sachin trên thế giới :). Rất khó khăn để thoát ra.
ham,Bạn phải đánh thức tôi dậy & gt; :(
ham,Oic ... tôi cũng đã thấy anh ấy nhưng tôi không phải là anh ấy ... tôi đã tìm thấy một nhóm liao ...
ham,"Xin lỗi, tôi sẽ gọi sau"
ham,\ Hey hey werethe monkeespeople nói rằng chúng tôi khỉ!
ham,"Xin lỗi, pin của tôi đã chết, tôi có thể đến nhưng tôi chỉ nhận được một gram bây giờ, nơi bạn ở đâu?"
ham,"Xin lỗi, pin của tôi đã chết, tôi có thể đến nhưng tôi chỉ nhận được một gram bây giờ, nơi bạn ở đâu?"
ham,"Tôi sẽ không được tập trung thân yêu, bạn biết bạn là tâm trí của tôi và tất cả mọi thứ :-)"
ham,Lol ... bạn đã lên kế hoạch cho năm mới chưa?
ham,10 phút sau K ...
ham,Hanks rất nhiều!
ham,Cảm ơn vì hy vọng bạn đã có một ngày tốt lành hôm nay
ham,K :) k :) chi tiết bạn muốn chuyển là gì? ACC Không đủ?
ham,K :) k :) chi tiết bạn muốn chuyển là gì? ACC Không đủ?
spam,Khoản vay cho bất kỳ mục đích Å £ 500 - Å £ 75.000.
ham,Si si.
ham,"Hãy nhìn Amy Ure một người phụ nữ xinh đẹp, thông minh và tôi thích bạn rất nhiều."
ham,Tôi hy vọng bạn đó là kết quả của việc liên tục thông minh và tốt bụng.
ham,1.20 Chi phí cuộc gọi đó.
ham,Đi qua một cảm giác rất khác nhau. Các quyết định và đối phó với cùng một cá nhân. Thời gian sẽ chữa lành mọi thứ tôi tin.
ham,Bạn đã đi đâu?
ham,Tuyệt vời.
spam,"Upgrdcentre Orange khách hàng, bây giờ bạn có thể yêu cầu nâng cấp điện thoại camera miễn phí của bạn cho lòng trung thành của bạn."
ham,"Xin lỗi, tôi sẽ gọi sau OK, tạm biệt"
ham,"Được rồi, tôi đang trên đường đến đường sắt"
ham,Công chúa vĩ đại!
ham,Họ không đặt những thứ đó trên đường để giữ cho nó không bị trơn trượt ở đó?
ham,Khi nào bạn sẽ đi xe đạp của bạn?
ham,"Yup, không cần."
ham,Có nhiều công ty.
spam,Okmail: Dear Dave Đây là thông báo cuối cùng của bạn để thu thập kỳ nghỉ 4* Tenerife của bạn hoặc Giải thưởng tiền mặt #5000!
ham,"Đã bao lâu rồi kể từ khi bạn hét lên, Công chúa?"
ham,Không có gì.
spam,Muốn 2 nhận được tối nay?
ham,Dòng tốt nói bởi một trái tim tan vỡ- làm ơn đừng kiêm thêm 1 lần nữa trước mặt tôi ... một lần nữa khôn ngoan khác tôi sẽ tin tưởng bạn ... tốt 9t :)
ham,"Được rồi, tôi sẽ đi đến USF trong khoảng mười lăm phút"
ham,Yêu em Aathi..Love U Rất nhiều ..
ham,Căng thẳng ah? Machi nào? Có vấn đề gì không?
ham,"K, tôi có thể chọn thứ 8 khác khi bạn hoàn thành không?"
ham,Khi nào các bạn trở lại?
ham,"Gần như ở đó, nhìn thấy bạn trong một giây"
ham,"Yo Carlos, một vài người bạn đã hỏi tôi về bạn, bạn làm việc vào cuối tuần này?"
ham,Xem TV lor ...
ham,Cảm ơn em yêu!
ham,Bạn nên thay đổi FB của mình thành Jaykwon Thuglyfe Falconerf
ham,Nếu chúng ta giành chiến thắng thực sự không có 1 trong thời gian dài.
spam,"Tin nhắn miễn phí Kích hoạt 500 tin nhắn văn bản miễn phí của bạn bằng cách trả lời tin nhắn này với từ miễn phí cho các điều khoản & điều kiện, hãy truy cập www.07781482378.com"
ham,Kính gửi đến đường sắt.
ham,Phụ thuộc vào chất lượng.
ham,"Tôi nghĩ rằng tôi đã sửa nó, bạn có thể gửi tin nhắn kiểm tra không?"
ham,"Xin lỗi người đàn ông tài khoản của tôi khô ráo hoặc tôi sẽ, nếu bạn muốn chúng ta có thể giao dịch lại một nửa hoặc tôi có thể mua một số shit với thẻ tín dụng của tôi"
spam,Xin chúc mừng!
ham,"Xin lỗi, trong cuộc họp, tôi sẽ gọi sau"
ham,"Xin lỗi, trong cuộc họp, tôi sẽ gọi sau"
ham,Bây giờ bạn có rảnh không? Tôi có thể gọi bây giờ không?
ham,Có Meh ... khi nào?
ham,Không ... nghĩ rằng tôi sẽ đi cho nó vào thứ Hai ... xin lỗi tôi đã trả lời quá muộn
ham,Một số người trong số họ nói với Accergy không phải là xác nhận.
ham,"Trung tâm Kate Jackson Rec trước năm 7ish, phải không?"
ham,Thân mến tôi đã đến phòng
ham,"Chiến đấu với thế giới thật dễ dàng, bạn có thể thắng hoặc thua BT với một số người gần gũi với bạn là khó khăn nếu bạn thua - bạn thua nếu bạn thắng - bạn vẫn thua."
ham,Khi nào ì_ có thể ra ngoài?
ham,Kiểm tra với nhà thần kinh học.
ham,Lolnice.
spam,"+123 Xin chúc mừng - Trong cuộc thi Draw của tuần này, U đã giành được giải thưởng Å £ 1450 để yêu cầu chỉ gọi 09050002311 B4280703."
ham,"Không, nó đang chờ đợi trong E của E Dat's Bored Wat."
ham,"Có lẽ làng Westshore hoặc Hyde Park, nơi gần nhà tôi?"
ham,Bạn nên biết bây giờ.
ham,Ý nghĩa là gì?
ham,Ý kiến của bạn về tôi?
ham,"8 Đã mới nhất, G vẫn ở đó nếu bạn có thể tìm ra một số đạn và muốn thử AK mới"
ham,Bohha..Tôi xin lỗi..Trom thực sự ... từ trái tim tôi xin lỗi
ham,LOL ok được tha thứ của bạn :)
ham,Không..Jst chỉ thay đổi tat ..
spam,"Bạn được đảm bảo là điện thoại Nokia mới nhất, máy nghe nhạc iPod 40GB hoặc giải thưởng Å £ 500!"
ham,S :) không có sự cạnh tranh cho anh ta.
spam,Tones Boltblue cho 150p Trả lời poly# hoặc mono# eg poly3 1. Cha Cha trượt 2. Yeah 3. Slow Jamz 6. Độc tính 8. Hãy đến với tôi hoặc dừng thêm 4 âm
spam,Tín dụng của bạn đã được đứng đầu cho http://www.bubbletext.com Pin gia hạn của bạn là TGXXRZ
ham,"Bằng cách đó, vận chuyển ít có vấn đề hơn vào đêm thứ Bảy."
ham,"Thông thường người đó là vô thức ở trẻ em nhưng ở người lớn, họ có thể cư xử bất thường."
ham,"Nhưng đó là trên eBay, nó có thể ít hơn ở nơi khác."
ham,Tôi sẽ đến để lấy dưa chua
ham,Sẽ đi lấy một số tacos
ham,"Thật là thô lỗ, bạn trong khuôn viên trường?"
spam,"Thật là thô lỗ, bạn trong khuôn viên trường?"
ham,"Xin chào, tôi sẽ không b ard 4 Giáng sinh."
spam,Ưu đãi hôm nay!
ham,Đúng!
spam,Bạn sẽ nhận được giai điệu của bạn trong vòng 24 giờ tới.
ham,Jay nói rằng bạn là một kẻ lừa đảo kép
spam,RIÊNG TƯ!
ham,Ngày hôm nay-Chủ Nhật Bản..sunday là kỳ nghỉ..vì không có việc làm ..
ham,Gudnite .... TC ... Thực hành đang diễn ra
ham,Tôi sẽ đến muộn ...
ham,Tôi đã không gọi cho bạn trong một thời gian.
ham,"Chào buổi chiều, tình yêu của tôi!"
ham,"Chào buổi chiều, tình yêu của tôi!"
ham,Hoặc có thể các ngón tay béo của tôi chỉ nhấn tất cả các nút này và nó không biết phải làm gì.
ham,Ummmmmmaah nhiều hạnh phúc trở lại của d ngày trái tim thân yêu của tôi .. chúc mừng sinh nhật thân yêu
ham,"Tôi đang ở Tirupur Da, một khi bạn bắt đầu từ văn phòng, hãy gọi cho tôi."
spam,Từ www.applausestore.com hàng tháng
ham,"Một câu nói nổi tiếng: Khi bạn phát triển khả năng lắng nghe 'bất cứ điều gì' vô điều kiện mà không mất bình tĩnh hay tự tin, điều đó có nghĩa là bạn đang ......... 'đã kết hôn'"
ham,"Một câu nói nổi tiếng: Khi bạn phát triển khả năng lắng nghe 'bất cứ điều gì' vô điều kiện mà không mất bình tĩnh hay tự tin, điều đó có nghĩa là bạn đang ......... 'đã kết hôn'"
ham,4 oclock tại của tôi.
ham,Cô gái này không nằm trên giường.
ham,"Sau đó, bất kỳ đặc biệt ở đó?"
ham,Tôi biết nhưng bạn cần phải có khách sạn ngay bây giờ.
ham,"Xin lỗi rằng đã mất quá nhiều thời gian, OMW bây giờ"
ham,Chờ & lt;#& gt;
ham,"Được rồi, cho tôi 5 phút tôi nghĩ tôi gặp cô ấy."
ham,"Hãy tưởng tượng cuối cùng bạn cũng được chìm vào bồn tắm đó sau khi tôi đưa bạn qua những bước chân của bạn, thậm chí có thể bạn ăn tôi một lúc trước khi tôi rời đi ... nhưng cũng tưởng tượng cảm giác của cái lồng đó trên con cặc của bạn được bao quanh bởi nước tắm,"
ham,"Nhanh lên, tôi đã bị thiếu cỏ dại trong ba ngày"
ham,"Chắc chắn, nếu tôi nhận được một sự thừa nhận từ bạn rằng điều đó thật đáng kinh ngạc và nói chung là không thích"
ham,Được rồi.
ham,Được rồi.
ham,O. tốt UV gây đột biến.
ham,Ăn trưa :) Bạn không trực tuyến? Tại sao?
ham,Tôi biết rằng bạn tôi đã nói điều đó.
ham,Chào công chúa!
ham,"Aiyo ... bạn luôn luôn là một người cũ ... tôi không biết mei, cô ấy thiên đường trả lời ... lần đầu tiên bạn trả lời quá nhanh ... y vì vậy không làm việc hả hả, đã nhận được bao"
ham,"Aiyo ... bạn luôn luôn là một người cũ ... tôi không biết mei, cô ấy thiên đường trả lời ... lần đầu tiên bạn trả lời quá nhanh ... y vì vậy không làm việc hả hả, đã nhận được bao"
ham,Thanx 4 E brownie Nó rất tốt ...
ham,"Geeeee ... tôi yêu bạn rất nhiều, tôi hầu như không thể chịu đựng được"
spam,QUÝ ÔNG!
ham,"Mẹ kiếp ... anh nhớ em rồi, em biết không?"
ham,"Tôi sẽ gọi cho bạn 2Mrw khi kết thúc, với địa chỉ của tôi rằng freek của American sẽ không ngừng gọi cho tôi 2 xấu jen k eh?"
ham,OOOH BED CARDDEN EY?
ham,"Vì vậy, dù sao đi nữa, bạn chỉ có thể đi đến phòng tập thể dục của bạn hoặc bất cứ điều gì, tình yêu của tôi * cười * Tôi hy vọng bạn ổn và có một ngày tốt lành ... tôi nhớ bạn rất nhiều rồi"
ham,Yêu nó!
ham,Wot bạn muốn làm sau đó missy?
ham,Yar lor chờ 4 mẹ tôi 2 kết thúc sch sau đó ăn trưa ... tôi cả buổi sáng ở nhà sạch phòng của tôi bây giờ phòng của tôi khá sạch sẽ ... hee ...
ham,Bạn có biết kính bảo hộ phòng thí nghiệm của tôi đã đi đâu không
ham,Bạn có thể mở cửa không?
ham,Chờ đợi cuộc gọi của bạn.
ham,"Không, tôi đang đợi trong Sch 4 Daddy ..."
spam,Bạn đã giành được? 1.000 tiền mặt hoặc một giải thưởng? 2.000!
ham,Tôi mệt mỏi vì tranh cãi với bạn về tuần này qua tuần này qua tuần khác.
ham,Ì chờ đợi 4 tôi trong sch tôi hoàn thành ard 5 ..
spam,"Số điện thoại di động của chúng tôi đã giành được 5000 bảng Anh, để yêu cầu gọi lại cho chúng tôi hoặc gọi đường dây nóng yêu cầu theo số 09050005321."
ham,Hôn nhân sắp xếp là trong khi y o u 'r e đi bộ không may một con rắn cắn bạn.
ham,Huh quá sớm .. sau đó ì_ ăn tối bên ngoài izzit?
ham,"Được rồi, dù sao cũng không cần phải thay đổi với những gì bạn đã nói"
spam,Chúng tôi đã cố gắng liên hệ với bạn trả lời của bạn cho đề nghị của chúng tôi là 750 phút 150 Textand một điện thoại mới gọi điện thoại 08002988890 ngay bây giờ hoặc trả lời cho giao hàng miễn phí vào ngày mai
ham,Vợ cũ của tôi không thể có con.
ham,Vậy Scotland thế nào.
ham,Nói với họ rằng bạn bị đau đầu và chỉ muốn sử dụng 1 giờ thời gian ốm.
ham,"Tôi không biết tôi sẽ bỏ việc ... hmmm, có thể đi nhạc jazz không?"
ham,"\ Pete bạn có thể vui lòng gọi meive hầu như không có tín dụng \ """""
ham,Ya srsly tốt hơn yi tho
ham,"Tôi đang ở trong một cuộc họp, hãy gọi cho tôi sau tại"
spam,Để có cơ hội để giành được Å £ 250 wkly mua sắm spree txt: mua sắm lên 80878.
spam,Bạn đã được chọn đặc biệt để nhận giải thưởng 2000 pound!
spam,RIÊNG TƯ!
ham,Bạn vẫn ở Grand Prix?
ham,Bạn vẫn ở Grand Prix?
ham,Tôi đã gặp bạn như một người lạ và chọn bạn là bạn của tôi.
ham,Chào buổi sáng thân yêu có một ngày tốt lành
spam,Bạn có một thông báo dịch vụ khách hàng quan trọng.
ham,Bạn có một thông báo dịch vụ khách hàng quan trọng.
ham,Tôi sẽ ra ngoài để mua AR hiện tại của mẹ.
ham,Tâm trí blastin .. không còn sóng thần sẽ xảy ra từ bây giờ .. Rajnikant ngừng bơi ở Ấn Độ Dương ..:-D
ham,"Nếu bạn gửi cô ấy về nhà trước, bạn không ổn."
ham,Nói về anh ta có tiền mặt chưa?
ham,Hãy hạnh phúc ở đó.
ham,Gặp sau bữa trưa LA ...
ham,Hãy chăm sóc và sớm khỏe lại
spam,Xclusive@clubsaisai 2morow 28/5 soiree speciale zouk với nichols từ paris.free hoa hồng 2 tất cả các quý cô !!!
ham,Những gì tôi muốn nói là không thể chờ đợi để gặp lại bạn cảm thấy buồn chán với trò chơi bridgwater này
ham,Neva tâm trí nó ổn ..
ham,"Không sao đâu, imma uống một ly hoặc somethin."
spam,22 ngày để khởi động!
ham,Đó là một trò chơi Valentine.
ham,Tôi có nhiều người phụ thuộc
ham,Thanx4 hôm nay cer thật tuyệt vời
ham,Tôi gọi và nói tất cả với anh ấy :) sau đó anh ấy phải chọn tương lai này.
ham,"\ Happy Valentines Day \ ""Tôi biết sớm nhưng tôi có hàng trăm người đẹp trai và người đẹp mong muốn. Vì vậy, tôi nghĩ sẽ kết thúc các dì và chú 1 ..."""
ham,Anh ấy không thích V Shock Leh.
ham,Cho gia đình tôi hạnh phúc ..
ham,Tôi đến và chọn ì_ lên ... đi ra ngay sau khi học ...
ham,Hãy để có tuyết.
ham,"Thân mến, chúng tôi đã nhận được & lt;#& gt;"
ham,Những từ tốt .... nhưng lời nói có thể khiến bạn mất tinh thần nhiều lần.
ham,Hãy chắc chắn rằng Alex biết sinh nhật của anh ấy đã kết thúc sau mười lăm phút theo như bạn quan tâm
ham,"Xin lỗi, không, có vài việc phải làm."
ham,"Không, nó thẳng, nếu bạn chỉ có thể mang theo nụ hoặc đồ uống hoặc thứ gì đó thực sự hữu ích hơn một chút so với tiền mặt thẳng"
ham,"Không, nó thẳng, nếu bạn chỉ có thể mang theo nụ hoặc đồ uống hoặc thứ gì đó thực sự hữu ích hơn một chút so với tiền mặt thẳng"
ham,Cần bao nhiêu liếm để đến trung tâm của một pop tootsie?
ham,Yup tôi thk họ là giáo viên nói rằng sẽ làm cho khuôn mặt của tôi trông dài hơn.
spam,TextBuddy Trò chuyện mới 2 Guys Horny ở khu vực của bạn 4 chỉ 25p miễn phí 2 Nhận mã bưu điện tìm kiếm hoặc tại gaytextbuddy.com.
spam,Các số Vodafone của ngày kết thúc với 4882 được chọn để nhận giải thưởng Å £ 350.
ham,Xin đừng nói như vậy.
ham,Cảm ơn bạn!
ham,"Ồ, đó là một thông điệp chuyển tiếp."
ham,Hiểu rồi.
spam,"Chủ sở hữu chứng từ thân mến, 2 yêu cầu cung cấp tuần này, tại PC của bạn, bạn truy cập http://www.e-tlp.co.uk/expressoffer ts & cs Áp dụng.2 Dừng văn bản TXT dừng đến 80062."
ham,Tôi n anh ấy thật buồn cười ...
ham,"Em yêu, hy vọng em không có ngày đó!"
ham,Khi ì_ đăng nhập thời gian ... bố lấy ì_ nhà bây giờ?
ham,"Chúng ta sẽ làm gì khi tắm, em yêu?"
ham,Tôi đã hỏi bạn một câu hỏi vài giờ trước.
ham,"Isma chắc chắn cần phải bổ sung trước Lễ Tạ ơn, tôi sẽ cho bạn biết khi tôi ra ngoài"
ham,"Kiss nói, hôn, tôi không thể làm hiệu ứng âm thanh!"
ham,Có lẽ sẽ vung trong một chút
ham,Ya rất đẹp.
ham,Allo!
ham,"Xem phim hoạt hình, nghe nhạc & amp;"
ham,Bạn có phiền nếu tôi hỏi chuyện gì đã xảy ra?
spam,RIÊNG TƯ!
ham,Không có prob.
spam,Bạn đã giành được? 1.000 tiền mặt hoặc một giải thưởng? 2.000!
ham,Thật tuyệt!
ham,Tôi sẽ nói không.
ham,"Đợi đã, bạn có biết nếu Wesley trong thị trấn?"
ham,"Tốt thôi, tôi nhớ bạn rất nhiều."
ham,Bạn đã có câu chuyện của người đó
ham,Nói với họ những kẻ buôn ma túy đang thiếu kiên nhẫn
ham,Mặt trời không thể đến Trái đất nhưng gửi Luv dưới dạng tia.
ham,Bạn sẽ ở vị trí của người đàn ông đó
ham,Nó không có ý nghĩa để mang nó ở đó trừ khi nó miễn phí.
spam,88800 và 89034 là dịch vụ điện thoại cao cấp Gọi 08718711108
ham,"Dưới biển, có một tảng đá."
ham,"Sau đó, mẹ ăn năn làm thế nào?"
ham,Xin lỗi tôi về nhà đầu tiên ... Bố đến tìm kiếm ì_ sau ...
ham,Xin lỗi tôi về nhà đầu tiên ... Bố đến tìm kiếm ì_ sau ...
ham,Vâng em yêu!
ham,En chikku nange bakra tin nhắn kalstiya..then đã có trà/cà phê?
ham,Carlos sẽ ở đây trong một phút nếu bạn vẫn cần mua
ham,Tiền lương này là & lt; thập phân & gt;
ham,Chúc một buổi tối tốt lành!
ham,Bạn đã nhận được tin nhắn của tôi?
ham,HO HO - Cười bụng lớn!
spam,SMS.
spam,Nhận nhạc chuông đầu tiên của bạn ngay bây giờ!
ham,Như trên.
ham,Tôi đã có & lt;#& gt;
ham,"Tôi không knw pa, tôi chỉ uống sữa .."
ham,Có lẽ?!
ham,"Piggy, bạn thức dậy?"
ham,Vì tôi không quái đản lol
ham,Bỏ lỡ cuộc gọi của bạn vì tôi đã la hét với Scrappy.
ham,Nơi 'hex' này bạn nói đến là gì?
ham,Ìï đăng nhập 4 cách.
ham,XY đang đi ăn trưa 4 e?
spam,"Xin chào, tôi SUE."
ham,Tôi muốn yêu cầu ì_ đợi 4 tôi để hoàn thành bài giảng.
ham,Bạn đã hoàn thành công việc chưa?
ham,"Mỗi vị vua đã từng là một đứa bé đang khóc và mọi tòa nhà vĩ đại đều từng là một bản đồ .. không quan trọng ở đâu hôm nay, nhưng bạn sẽ đến nơi vào ngày mai."
ham,"Thân mến, tôi tại Cherthala.in Case u r Come Cochin PLS Gọi cho bạn bắt đầu. Tôi cũng sẽ đến với."
ham,Cảm ơn tình yêu.
spam,<Tripryed từ 448712404000> Vui lòng gọi 08712404000 ngay lập tức vì có một tin nhắn khẩn cấp đang chờ bạn.
ham,Trang trại có mở không?
ham,Xin lỗi vì đã gặp sự cố một lần nữa.
ham,"Chị vợ tôi, hy vọng bạn đang có một tháng tuyệt vời."
ham,Sẽ mua công cụ D ngay hôm nay và gửi thư cho bạn.
ham,Ah poop.
ham,Ah poop.
ham,"Aight, bạn đóng cửa hoặc vẫn còn xung quanh nơi của Alex?"
ham,Gặp bạn trong tập đoàn St bên ngoài Gap ‰_ Bạn có thể thấy tâm trí của tôi hoạt động như thế nào!
ham,Mẹ yêu cầu ì_ mua thực phẩm về nhà ...
ham,K..U cũng không tin nhắn hay trả lời tin nhắn của anh ấy ..
ham,Bao nhiêu r Ì_ sẵn sàng trả?
ham,"Xin lỗi, tôi sẽ gọi sau"
ham,Điều quan trọng là bạn ngăn ngừa mất nước bằng cách cho cô ấy đủ chất lỏng
ham,"Đó là một chút kỳ lạ, thậm chí?- nơi được cho là sẽ xảy ra?"
ham,Đúng là thân yêu..Tôi ngồi cầu nguyện buổi tối và cảm thấy vậy.
ham,"Tôi không nghĩ rằng tôi có thể rời khỏi một chuyến đi dài với gia đình trong thị trấn, xin lỗi"
ham,Vậy khi nào bạn muốn phòng tập thể dục Harri
ham,Khá muộn lar ... ard 12 dù sao thì tôi cũng wun b drivin ...
spam,"Để xem xét và giữ bộ bài trò chơi Nokia N-Pident tuyệt vời với Club Nokia, hãy đi 2 www.cnupdates.com/newsletter."
spam,4mths Half Price Orange Line Cho thuê & điện thoại camera mới nhất 4 miễn phí.
ham,Chiều cao của sự tự tin: Tất cả các giáo sư hàng không wer Calld & amp;
ham,Có vẻ như thời điểm kỳ lạ mà đêm mà tất cả những gì bạn và G muốn là tôi đến cùng một ngày như khi một cơn bão được gán cho tôi luôn luôn đến và khiến mọi người hút thuốc
spam,08714712388 trong khoảng từ 10 giờ sáng đến 7 giờ tối 10p
ham,Hãy tự cứu mình sự căng thẳng.
ham,Anh ấy cũng biết về thực đơn bữa trưa chỉ da.
ham,Khi tôi có những thứ để bán I. sẽ nói với bạn
spam,+449071512431 khẩn cấp!
ham,Sách bài học nào?
spam,Bạn đã giành được một khoản tiền mặt £ 1000 được đảm bảo hoặc giải thưởng Å £ 2000.
ham,Bạn đã giành được một khoản tiền mặt £ 1000 được đảm bảo hoặc giải thưởng Å £ 2000.
ham,Ồ là nó?
ham,S'fine.
ham,Đó là bộ phim tuyệt vời.
ham,Ya ngay cả những chiếc bánh quy đó cũng có thạch trên chúng
ham,"Thế giới đang chạy và tôi vẫn còn. Tất cả đều cảm thấy như vậy, vì vậy hãy là nó."
ham,"Thế giới đang chạy và tôi vẫn còn. Tất cả đều cảm thấy như vậy, vì vậy hãy là nó."
ham,Của cos có thể không tôi không nên ba người ok ... 1 giờ chiều lor ... bạn không bao giờ hỏi chúng tôi đi đâu ah ... Tôi nói bạn sẽ hỏi vào thứ sáu nhưng anh ấy nói bạn sẽ hỏi hôm nay ...
ham,"Được rồi OMW, phải thay đổi đơn đặt hàng của tôi thành một nửa"
ham,Chính xác.
ham,Dunno y bạn hỏi tôi.
spam,Email AlertFrom: Jeri StewartSize: 2KBSubject: Quy định về giá rẻ DRVGSTO Lắng nghe email Gọi 123
ham,"Không, anh ấy đã không."
ham,Lol bạn sẽ không cảm thấy tồi tệ khi tôi dùng tiền của cô ấy để đưa bạn đi ăn tối
ham,Ngay cả bạn cũng không gặp rắc rối trong khi thuyết phục..chỉ nói với anh ấy một hoặc hai lần và chỉ tel bỏ qua tin nhắn của anh ấy không c và đọc nó..chỉ không trả lời
ham,Rời khỏi Qatar tối nay để tìm kiếm cơ hội. Tất cả đã đi nhanh. Hãy thêm tôi vào những lời cầu nguyện của bạn thân yêu.
ham,Vậy tại sao không ai nói chuyện với tôi
ham,Cảm ơn vì đã tìm kiếm tôi.
spam,CHÀO.
ham,Ước gì tôi đã ở bên bạn bây giờ!
ham,Ước gì tôi đã ở bên bạn bây giờ!
ham,"Vâng, tôi sẽ ở đó."
ham,Làm tốt :) Tất cả sẽ trong ít thời gian.
ham,Chỉ cần đứng dậy.
ham,Được rồi.
ham,Đàn ông thích phụ nữ ngắn hơn.
ham,Dunno anh jus nói đi lido.
ham,"Tôi hứa sẽ chăm sóc bạn tốt, Công chúa."
spam,U được đăng ký vào dịch vụ nội dung di động tốt nhất ở Anh với giá £ 3 mỗi 10 ngày cho đến khi bạn gửi điểm dừng đến 82324.
ham,Có lý do gì chúng ta không nói trong năm nay?
ham,Vào thứ Hai tuần sau.
spam,"Bạn có nhận ra rằng trong khoảng 40 năm, chúng ta sẽ có hàng ngàn bà già chạy xung quanh với hình xăm?"
spam,Bạn có một thông báo dịch vụ khách hàng quan trọng từ Premier.
ham,Đừng để những chiếc hang động môi đó
ham,Khi nào bạn đến thư viện
ham,Thực sự xin lỗi-Tôi không nhận ra con số này và bây giờ tôi bối rối :) ai là bạn xin vui lòng?!
ham,Vậy tại sao bạn không holla?
ham,Không thể nghĩ về bất cứ ai có * phòng rảnh rỗi * đỉnh đầu của tôi
ham,"Niềm tin làm cho mọi thứ có thể, hy vọng làm cho mọi thứ hoạt động, tình yêu làm cho mọi thứ trở nên đẹp đẽ, bạn có thể có cả ba Giáng sinh này! Giáng sinh vui vẻ!"
ham,Bạn nên đã hẹn một cuộc hẹn
ham,"Gọi cho tôi khi bạn/Carlos đang ở đây, điện thoại của tôi rung động đang diễn ra và tôi có thể không nghe thấy tin nhắn"
spam,Paris lãng mạn.
ham,Chúng tôi đang ở Grandmas.
spam,Urgent ur Å £ 500 Giải thưởng được đảm bảo vẫn chưa được yêu cầu!
ham,Không có gì nhưng chúng tôi sẽ hỏi bạn sẽ hỏi vì bạn ba gua ... nhưng chúng tôi đã đi mt faber yest ...
ham,"Chúc bạn và gia đình bạn vui vẻ \ x \ ""Mas và chúc mừng năm mới trước .."""
spam,Ur đã trao một kỳ nghỉ thành phố và có thể giành được một cuộc mua sắm mùa hè £ 200 mỗi tuần.
ham,"Tôi là người đi, có một số điều gì đó, trừ khi họ gặp nhau 4 bữa tối ... haha, tôi tự hỏi ai sẽ đi thời gian ..."
ham,"Xin lỗi, tôi sẽ gọi sau"
ham,Tôi không thể chọn điện thoại ngay bây giờ.
ham,Lol tôi biết!
ham,Không nhận được bất cứ nơi nào với công việc chết tiệt này ở đây!
ham,Cười!
ham,"IDC vượt qua đây, bạn không đi ra khỏi cái chết tiệt này hai lần liên tiếp"
ham,Tôi sẽ ở đó với trong & lt;#& gt;
ham,Chỉ ngủ..và lướt sóng
ham,Cảm ơn bạn đã nhặt rác.
ham,Tại sao bạn không đi nói với bạn mình rằng bạn không chắc bạn muốn sống với anh ấy vì anh ấy hút quá nhiều sau đó dành hàng giờ để cầu xin anh ấy đến hút thuốc
ham,"\ Xin chào, thật đáng yêu khi gặp bạn tối nay và gọi điện cho bạn vào ngày mai."
ham,Chúc mừng năm mới anh trai thân yêu của tôi.
ham,Điều đó có nghĩa là lấy cửa
ham,Ý kiến của bạn về tôi?
ham,"Hmmm ... Tôi nghĩ chúng tôi đã nói nô lệ 2 giờ, không phải 3 ... bạn đến muộn ... Tôi nên trừng phạt bạn như thế nào?"
ham,Bia?
spam,Bạn có một thông báo dịch vụ khách hàng quan trọng từ Premier.
ham,Đừng nghĩ vậy.
ham,"Cô ấy được cho là nhưng không thể làm được, cô ấy vẫn ở trong thị trấn"
ham,Nó làm điều đó một mình.
spam,Bạn đã bao giờ nghĩ về việc sống một cuộc sống tốt đẹp với một đối tác hoàn hảo?
spam,"5 Ton Polyphonic hàng đầu miễn phí Gọi 087018728737, Tỷ lệ quốc gia."
ham,Chào buổi sáng thân yêu có một ngày tốt lành
ham,Chào buổi sáng thân yêu có một ngày tốt lành
ham,Tất cả tốt nhất 4 TMR lái xe của bạn :-)
ham,Y? Bạn ở đâu tại Dogbreath?
ham,OMG tôi muốn hét lên.
ham,Nói chung không có một.
ham,Nó thực sự khiến tôi thất vọng khi đi xung quanh.
spam,"Khách hàng Orange, bây giờ bạn có thể yêu cầu nâng cấp điện thoại camera miễn phí của bạn cho lòng trung thành của bạn."
ham,\ Petey Boy ở đó
ham,Ok tôi tin tưởng bạn b4 Tôi rời khỏi nhà của tôi.
ham,"\ Gimme một vài \ ""was & lt;#& gt; vài phút trước"""
spam,Cơ hội cuối cùng!
ham,Appt là tại & lt; thời gian & gt;
spam,Miễn phí cho tuần đầu tiên!
spam,Bạn đã giành được một giải thưởng £ 200 được đảm bảo hoặc thậm chí Å £ 1000 Cash để nhận Giải thưởng UR Gọi miễn phí theo số 08000407165 (18+) 2 Stop GetStop trên 88222 PHP.
ham,K Tôi sẽ ở đó trước 4.
ham,Tôi đã làm việc 3D của nó rất imp
ham,"chắc chắn, nhưng hãy chắc chắn rằng anh ấy biết chúng tôi chưa hút thuốc"
ham,Boooo bạn luôn làm việc.
ham,Tôi đang nghỉ một nửa ngày Bec Tôi không khỏe
ham,Ugh Tôi không muốn ra khỏi giường.
ham,S :) s.nervous & lt;#& gt;
ham,"Vì vậy, có một chiếc nhẫn đi kèm với trang phục của các chàng trai."
spam,Xin chúc mừng bạn đã được trao £ 500 của CD quà tặng và mục nhập miễn phí 2 £ 100 £ 100 hàng tuần của chúng tôi.
ham,Tôi mượn túi của bạn ok.
spam,U đã được trả giá bởi Simonwatson5120 trên DVD DVD của Shinco.
ham,Boytoy của tôi đâu?
ham,"Anh ấy có rất nhiều người đã qua sử dụng, nhưng người mẫu không giúp được gì."
ham,"Ngoài ra, bạn đang mang Galileo hoặc Dobby"
ham,Vậy tại sao bạn không trả lời
ham,\ Boo babe!
ham,Chào buổi chiều Starshine!
ham,Trên đường nên không thể txt
spam,SMSService.
spam,25p 4 Alfie Moon's Children in Need Song On Ur Mob.
ham,Chúc một buổi tối tốt lành!
ham,Hmm .. bit và mảnh lol ... * thở dài * ...
ham,Hahaha.. Sử dụng bộ não của bạn thân yêu
ham,Chào.
ham,"Xin lỗi ánh sáng chuyển sang màu xanh lá cây, ý tôi là một người bạn khác muốn & lt;#& gt;"
ham,Cảm ơn hôm qua thưa ngài.
spam,Bạn có một người ngưỡng mộ bí mật.
ham,Xin chào Mate ITS RV Bạn đã có một hol tốt đẹp chỉ một tin nhắn 3 nói xin chào coz havenåõt đã gửi u 1 trong nhiều thời đại bắt đầu lái xe vì vậy hãy ở lại đường! RVX
spam,"Chủ sở hữu chứng từ thân mến, để yêu cầu đề nghị tuần này, tại PC của bạn, vui lòng truy cập http://www.e-tlp.co.uk/expressoffer ts & cs áp dụng."
ham,Cảm ơn bạn rất nhiều.
ham,Chắc chắn kết quả sẽ cung cấp :)
ham,Chào buổi sáng thân yêu của tôi ........... có một tuyệt vời & amp;
spam,Bạn có muốn 750 bất cứ lúc nào bất kỳ mạng nào
ham,"Thưa ông, tôi đã trễ trả tiền thuê nhà trong vài tháng qua và phải trả $ & lt;#& gt;"
spam,Chúng tôi đã cố gắng liên hệ với bạn RE đề nghị video mới của chúng tôi Điện thoại 750 bất cứ lúc nào bất kỳ mạng nào MINS một nửa giá cho thuê máy quay phim gọi 08000930705 hoặc trả lời cho giao hàng Thứ tư
spam,"Cơ hội cuối cùng 2 Yêu cầu Ur Å trị giá £ 150 Vouchers-Text-Text Có đến 85023 ngay bây giờ! Savamob-thành viên cung cấp di động T CS 08717898035. Å £ 3,00 Sub."
ham,Tôi yêu bạn rất nhiều bạn không hiểu bạn đặc biệt như thế nào
ham,"Xin vui lòng gửi cho tôi một thư toàn diện về người tôi đang trả tiền, khi nào và bao nhiêu."
ham,Mẹ của chúng tôi đã qua đời đêm qua.
spam,Cấp bách!
ham,K.k :) khi nào bạn đi?
ham,Trong khi đó trong bộ shit: Xavier quyết định cho chúng tôi & lt;#& gt;
ham,"Bụng tôi đã bị chấn thương quá nhiều, tôi thề là tôi không thể ăn."
ham,Tôi đang ở văn phòng :) Có chuyện gì vậy..msg tôi bây giờ. Tôi sẽ gọi cho bạn vào giờ nghỉ :).
ham,Tôi đang ở văn phòng :) Có chuyện gì vậy..msg tôi bây giờ. Tôi sẽ gọi cho bạn vào giờ nghỉ :).
spam,Ưu đãi hôm nay!
ham,Ưu đãi hôm nay!
ham,"Tôi là thật, em yêu!"
ham,Không DA nếu bạn chạy nó kích hoạt phiên bản đầy đủ DA.
ham,\ Ah em bé tội nghiệp! Hy vọng Urfeeling Bettersn luv!
ham,Dừng câu chuyện.
spam,Nói chuyện gợi cảm !!
ham,Sẽ đưa em bé của bạn ra ngoài?
ham,Hai nana ngày mai tôi đến vào sáng.
ham,Thìa thì không sao chứ?
ham,Anh ấy vừa nói ai đó được đặt tên là Tampa
ham,Trong công việc bây giờ.
ham,Anh trai của bạn là một thiên tài
ham,Anh trai của bạn là một thiên tài
ham,"Bạn đã tìm hiểu thời gian của xe buýt ở Coz, tôi cần phải sắp xếp một số thứ."
ham,Gần đây anh chàng tôi đã nhìn thấy một Corvettes Lotta
spam,Xin chúc mừng bạn được trao tặng cung cấp CDS từ Virgin Records hoặc một món quà bí ẩn được đảm bảo cuộc gọi 09061104283 TS & CS www.smsco.net
ham,"Tương tự ở đây, nhưng tôi xem xét các bức tường và boongke và shit quan trọng chỉ vì tôi không bao giờ chơi yên bình nhưng tôi đoán vị trí của bạn đủ cao để nó không quan trọng"
spam,RIÊNG TƯ!
spam,Xin chào.
spam,Bạn muốn gì cho xmas?
ham,
ham,Nó sẽ tốt ... không có vấn đề gì..nhưng vẫn cần ít kinh nghiệm để hiểu tiếng nói của khách hàng Mỹ ...
ham,Tôi sẽ nhắn tin cho bạn khi tôi bỏ x tắt
ham,Ugh đã là một ngày dài.
ham,Nói chuyện với bản thân ít nhất một lần trong một ngày ... !!!
spam,Nói chuyện với bản thân ít nhất một lần trong một ngày ... !!!
ham,Bạn đang ở trong Castor?
spam,Câu đố về ánh nắng mặt trời wkly Q!
spam,"Bạn có một người ngưỡng mộ bí mật, người đang tìm kiếm 2 người liên lạc với bạn, họ đã tiết lộ ai nghĩ rằng bạn rất đặc biệt gọi vào ngày 09058094565"
spam,"Bạn có một người ngưỡng mộ bí mật, người đang tìm kiếm 2 người liên lạc với bạn, ai là người mà họ tiết lộ ai nghĩ bạn rất đặc biệt vào ngày 09065171142-Stopsms-08"
spam,Nhắc nhở: Bạn chưa tải xuống nội dung bạn đã trả tiền.
ham,
ham,Tôi thích mát xa.
ham,Anh bạn chúng ta nên đi Sup một lần nữa
ham,Yoyyooo u biết cách thay đổi quyền cho một ổ đĩa trong mac.
ham,Gibbs chưa bán.Mike Hussey
ham,Tôi thích nói chuyện PA nhưng không thể.
ham,Y dun cắt quá ngắn leh.
ham,Bạn không thể tin được faglord
ham,Vợ. Làm thế nào cô ấy biết thời gian giết người chính xác
ham,Tại sao bạn hỏi Công chúa?
ham,Tôi là công chúa tuyệt vời!
ham,Tôi là công chúa tuyệt vời!
ham,Không sao thì tôi biết bạn đang bận nhưng tôi thực sự quá chán nên tôi tin tưởng bạn.
ham,Không g có lớp sớm vào ngày mai và do đó không nên cố gắng hút thuốc tại & lt;#& gt;
ham,Suy nghĩ tuyệt vời- \ biết ơn rằng bạn không có mọi thứ bạn muốn.
ham,Hy vọng bạn đang có một tuần tốt lành.
ham,Tôi đã quen với nó.
ham,Đêm thứ năm?
spam,Nhạc chuông miễn phí của bạn đang chờ được thu thập.
ham,Có lẽ là lo lắng về tiền bạc.
ham,Làm thế nào có thể dạy bạn.
ham,Tôi tự hỏi nếu pin điện thoại của bạn chết?
ham,Mùi đáng yêu trên xe buýt này và nó không phải là thuốc lá ...
ham,"Tất cả chúng ta đang lo lắng ở đây, Derek và Taylor đã cho rằng điều tồi tệ nhất"
ham,"Này, có chuyện gì vậy Charles xin lỗi về câu trả lời muộn."
spam,"Tất cả những người cuối cùng từ Stereophonics, Marley, Dizzee Racal, Libertines và The Strokes!"
ham,I.ll cho cô ấy một khi tôi có nó.
ham,White Fudge Oreos đang ở trong các cửa hàng
spam,Bán nam tháng một!
ham,Em yêu !
ham,Tôi xin lỗi nó làm tổn thương bạn.
ham,Không thể.
ham,Ok lor nhưng không quá sớm.
ham,"Gọi tôi là DA, tôi đang đợi cuộc gọi của bạn."
ham,Tôi có thể hỏi Carlos nếu chúng ta có thể nhận được nhiều hơn nếu có ai khác có thể sứt mẻ
ham,Thực sự sắp gửi cho bạn một lời nhắc hôm nay.
ham,"Khi mọi người nhìn thấy các tin nhắn của tôi, họ nghĩ rằng tôi nghiện msging ... họ đã sai, bcoz họ không biết rằng tôi nghiện những người bạn ngọt ngào của tôi .. !!"
ham,
ham,Đừng nói chuyện với anh ấy bao giờ ok đó là lời của tôi.
ham,Khi bạn muốn nhìn thấy nó sau đó
ham,Trên đường đến trường.
ham,Nó sẽ ổn.
ham,Cô ấy đã đi tham dự hai vòng khác hôm nay..nhưng vẫn không về nhà ..
ham,"Trên thực tế, tôi đã xóa trang web cũ của mình .. bây giờ tôi viết blog tại MagicalSongs.blogspot.com"
ham,"K, Chờ Chikku..L gửi aftr & lt;#& gt;"
ham,Nhưng tôi đang ăn kiêng.
ham,Nhưng tôi đang ăn kiêng.
ham,Ồ tất cả phải đến ah?
spam,tiền bạc!!!
ham,Tôi thực sự xin lỗi tôi sẽ không có thể 2 làm điều này vào thứ Sáu này. Bạn có thể tìm thấy một giải pháp thay thế.
ham,Xin chúc mừng quặng mo owo re wa.
ham,"Vì vậy, bạn đã có đôi vai Samus chưa"
ham,Mấy giờ bạn nghĩ rằng bạn sẽ có nó?
spam,"Kính gửi Matthew Vui lòng gọi 09063440451 từ một điện thoại cố định, kỳ nghỉ 4*Lux Tenerife miễn phí của bạn hoặc Å £ 1000 tiền mặt đang chờ thu thập."
ham,Sau đó dun mặc quần jean ...
ham,"Kể từ khi nào, bên nào, bất kỳ cơn sốt và nôn mửa."
ham,K :) k.are bạn ở trường đại học?
spam,Cấp bách!
ham,Tốt hơn.
ham,"Không, chúng tôi bán tất cả để chúng tôi có hàng tấn nếu tiền xu."
ham,Họ đang làm điều đó đến rất nhiều nơi.
spam,Làm thế nào về việc liên lạc với mọi người đang chờ công ty?
ham,Và tôi cũng đã thổi bay anh ấy một vài lần gần đây vì vậy tôi không nhắn tin cho anh ấy ra khỏi màu xanh để tìm kiếm cỏ dại
ham,Tôi đã gửi điểm số của mình cho Sophas và tôi phải làm ứng dụng thứ cấp cho một vài trường.
ham,Tôi không thể đợi để gặp bạn!
spam,"Cân bằng tiền mặt của bạn hiện là 500 pounds-để tối đa hóa tiền mặt của bạn, hãy gửi tới 86688 chỉ 150p/msg."
ham,"Này, tôi đã đặt KB trên Sat Sat rồi ... chúng ta sẽ làm gì khác cho ah?"
ham,Chk trong ur belovd ms dict
ham,Đó có phải là lúc nào bạn muốn tôi đến?
ham,"Tuyệt vời, Lemme biết bất cứ khi nào bạn ở xung quanh"
ham,Shb b ok lor ... thanx ...
ham,"Sự thật tuyệt vời chống lại trọng lực .. Đọc kỹ: \ Trái tim của chúng ta cảm thấy nhẹ nhàng khi ai đó ở trong đó .. nhưng nó cảm thấy rất nặng nề khi ai đó rời khỏi nó .. \ ""Chúc ngủ ngon"""
ham,Cũng nhớ lấy bát của dobby từ xe của bạn
spam,Những câu chuyện bẩn thỉu và những cô gái đang chờ đợi của bạn
ham,Xin lỗi bây giờ tôi rồi c ur msg ... yar lor rất nghèo ... nhưng chỉ có 4 đêm ... tmr bạn sẽ có một phòng hoàn toàn mới 2 ngủ trong ...
ham,"Tình yêu không phải là một quyết định, đó là một cảm giác."
ham,Welp rõ ràng anh ấy đã nghỉ hưu
ham,Mã sắp xếp của tôi là và ACC không.
ham,Ở đâu @
ham,Bạn có chắc bạn không thể mất bất kỳ thời gian ốm nào?
spam,CẤP BÁCH!
ham,"Xem phim hoạt hình, nghe nhạc & amp;"
ham,Yo Chad Bạn muốn tham gia lớp học thể dục dụng cụ nào?
ham,Bạn có nhiều điều này rất nhiều
ham,Hoặc tốt hơn là bạn vẫn có thể bắt cô ấy và để hỏi cô ấy nếu cô ấy có thể bán & lt;#& gt;
ham,Tôi không chắc chắn về menu đêm.
ham,Bạn muốn gì khi tôi trở lại?
ham,Bạn có sẵn sàng tham gia lớp học năng khiếu không.
ham,"Sẽ không đến 2.15 khi thử 2 ngôi nhà sắp xếp, có ổn không?"
ham,"Yar lor he wan 2 go c ngựa đua hôm nay mah, vì vậy hãy ăn sớm hơn."
ham,"Haha tuyệt vời, OMW trở lại bây giờ"
ham,Yup tôi thk vì vậy cho đến khi e cửa hàng đóng cửa.
ham,Số tài khoản của bạn là gì?
ham,Eh bạn gửi sai lar ...
ham,"Này không, tôi quảng cáo một nite tào lao là borin mà không có ya 2 boggy với tôi bạn nhàm chán biatch!"
ham,"Được rồi, tôi sẽ nói chuyện với anh ấy"
ham,Đừng do dự.
ham,Này bạn có thể trả tiền.
ham,Một tháng nữa.
ham,"Nếu anh ta bắt đầu tìm kiếm, anh ta sẽ nhận được công việc trong vài ngày. Anh ta có tiềm năng và tài năng lớn."
ham,Reckon cần phải ở trong thị trấn bằng tám người để đi bộ từ * bãi đậu xe.
spam,Xin chúc mừng!
ham,Nhìn vào thời gian chết tiệt.
ham,Bạn đoán những gì tôi vừa bỏ
ham,Carlos nói rằng anh ta sẽ ở MU trong & lt;#& gt;
ham,Bây giờ tôi đang ở văn phòng.
ham,"Geeee ... Tôi nhớ bạn rồi, bạn biết không?"
ham,"Yun ah.the ubi một nói nếu ì_ wan gọi vào ngày mai.call 67441233 hãy tìm Irene. Ere chỉ có Bus8,22,65,61,66,382."
ham,Ugh.
ham,Ngày 26 tháng 7
ham,"Xin chào, tôi có thời gian thư giãn nhất bao giờ hết!"
ham,Lên đến ì _... Ì wan đến sau đó đến ... nhưng tôi không biết váy sọc nào ...
ham,Câu chuyện xmas là hòa bình .. tin nhắn xmas là tình yêu .. Phép lạ Xmas là Chúa Giêsu .. hav một tháng may mắn phía trước & amp;
ham,"Tôi không thể, tôi không có số của cô ấy!"
ham,Thay đổi một lần nữa ... đó là một người bên cạnh thang cuốn ...
ham,"Yetunde Tôi đang ở trong lớp, bạn có thể không chạy nước trên đó để làm cho nó ổn."
ham,Không nhiều đã xảy ra ở đây.
ham,"Sau đó, ì_ đợi 4 tôi tại trạm dừng xe buýt phía sau của bạn."
ham,"Aight sẽ làm, cảm ơn một lần nữa vì đã ra mắt"
ham,Không..nhưng nghe abt tat ..
spam,Vui lòng gọi cho đại diện dịch vụ khách hàng của chúng tôi trên FreePhone 0808 145 4742 trong khoảng thời gian từ 9 giờ sáng đến 11 giờ tối vì bạn đã giành được một khoản tiền mặt £ 1000 hoặc giải thưởng £ 5000!
ham,Vâng..He thực sự tuyệt vời..bhaji đã nói với Kallis cricketer tốt nhất sau Sachin trên thế giới :). Rất khó khăn để thoát ra.
ham,& lt;#& gt;
ham,Umma.
ham,Cho tôi một giây để suy nghĩ về nó
spam,Panasonic & Bluetoothhdset miễn phí.
ham,Tôi không biết phải làm gì.
ham,"Poyyarikatur, Kolathupalayam, Unjalur Post, Erode dis, & lt;#& gt;"
ham,"Anh hùng thân mến, tôi sẽ rời Qatar Tonite để có cơ hội thích hợp. Xin vui lòng giữ liên lạc tại & lt; email & gt;"
ham,Lol tôi sẽ nhưng mẹ tôi sẽ có một sự phù hợp và nói với cả gia đình rằng tôi điên và khủng khiếp như thế nào
ham,"Em vừa về nhà em yêu, em vẫn còn tỉnh táo à?"
ham,Tôi không biết họ đóng oredi không ... ìï v ma fan ...
ham,Chỉ cần mua một chiếc bánh pizza.
ham,"Ya, đã nói..the đang hỏi wats vấn đề?"
ham,"Thân mến, rất tiếc tôi đã chọn CALL.DROVE xuống frm ctla bây giờ tại nhà cochin."
spam,"Thân mến, rất tiếc tôi đã chọn CALL.DROVE xuống frm ctla bây giờ tại nhà cochin."
ham,Tôi sẽ gửi exe đó đến id thư của bạn.
ham,Không xem TV ở nhà ... không đi ra ngoài.
ham,Đừng biết..wait tôi sẽ kiểm tra nó.
ham,Đừng biết..wait tôi sẽ kiểm tra nó.
spam,Đoán xem!
ham,Chúng ta vẫn ở đêm nay?
ham,"Tôi có thể gọi cho bạn sau được không, được không"
ham,Đó không phải là mô hình gần đây những ngày cuối tuần tào lao sao?
ham,Tôi bị đau họng.
ham,Có da.
ham,Bạn không ở bên hay vẫn còn ngủ?
ham,Lol bạn quên nó à?
ham,"Nó tốt, chúng tôi sẽ tìm cách"
ham,Không thể sử dụng tem nước ngoài ở đất nước này.
ham,Yup Bathe Liao ...
ham,Chúc mừng năm mới người đàn ông số 1 của tôi
ham,Ôi ông Sheffield!
ham,"Zoe nó chỉ đánh tôi 2 tôi đang chết tiệt, tôi đã thử 2 cum 2morow luv u triệu lekdog"
ham,"Xin chào em yêu, em đã quay lại với mẹ của anh?"
ham,"Không có chăn của tôi là đủ, thx"
ham,"Nghĩ lại một chút suy nghĩ: 'Tốt hơn là tán tỉnh, tán tỉnh n tán tỉnh, thay vì yêu ai đó và bị tổn thương, tổn thương và tổn thương ... :-) Chúc ngủ ngon"
ham,"Edison đã nói đúng, \ một kẻ ngốc có thể hỏi nhiều câu hỏi hơn một người khôn ngoan có thể trả lời \ ""Bây giờ bạn biết tại sao tất cả chúng ta không nói nên lời trong Viva .. GM"
ham,Họ chỉ nói đó là chúng tôi.
ham,Hôm nay đang đi học đại học nên không thể tham dự lớp học.
ham,Tôi đang ở trong lớp.
ham,Ah dễ dàng? Sen được chọn có nghĩa là nó tốt ..
ham,Mmm tốt hơn bây giờ tôi đã nướng cho tôi!
spam,Mmm tốt hơn bây giờ tôi đã nướng cho tôi!
ham,"Đi vòng, nó."
ham,Làm 1 điều!
spam,1000 đang tán tỉnh ngay bây giờ!
ham,Tôi đi bộ một giờ 2 c u!
spam,18 ngày để khởi động Euro2004!
ham,Bạn có sẵn cho Soiree vào ngày 3 tháng 6 không?
ham,Bây giờ bạn có lúc mấy giờ một nơi bán 4D đóng cửa không?
ham,Tôi có một công việc khác!
ham,Jay đang thực sự thiếu kiên nhẫn và hiếu chiến
ham,Jay đang thực sự thiếu kiên nhẫn và hiếu chiến
ham,Tôi đang làm việc.
ham,Sau đó bạn lái xe lor.
ham,ARD 515 giống như dat.
ham,Nói cho tôi biết họ là nữ: v Bạn đang ném vào thế nào?
spam,EastEnders TV Quiz.
ham,Tôi đang làm việc hỗ trợ kỹ thuật :) Trường quy trình thoại.
ham,Tôi đang làm việc hỗ trợ kỹ thuật :) Trường quy trình thoại.
ham,Được rồi.
spam,Chúng tôi có những ngày địa phương mới trong khu vực của bạn - rất nhiều người mới đã đăng ký trong khu vực của bạn.
ham,Chúng tôi có những ngày địa phương mới trong khu vực của bạn - rất nhiều người mới đã đăng ký trong khu vực của bạn.
ham,Không có mẹ tôi đi 2 nha sĩ.
ham,"Một lần miễn phí, hãy gọi tôi, thưa ngài."
ham,Gặp bạn là công việc của tôi.
spam,Ai đó bạn biết đã hỏi dịch vụ hẹn hò của chúng tôi 2 liên hệ với bạn!
ham,Jus hoàn thành tắm ...
ham,"Được rồi, tôi sẽ đảm bảo rằng chiếc xe đã trở lại tối nay"
spam,CẤP BÁCH!
spam,Bạn thân mến đã được mời đến xchat.
ham,LUL IM gettin một số tin đồn ngon ngọt tại bệnh viện.
ham,Aight Ill Get On FB trong vài phút
ham,Oi.
ham,Oi.
ham,Nơi nào có thể tải về phim rõ ràng.
ham,Truyền đạt sự trân trọng của tôi với anh ấy
ham,Tôi cũng chỉ xem bộ phim Surya.
ham,Bạn nói những gì xảy ra không cư xử như thế này với tôi.
ham,Bạn có thể nhận được tin nhắn pic vào điện thoại của bạn không?
ham,Gửi cho người khác :-)
ham,Wat làm cho một số người thân yêu hơn không chỉ là hạnh phúc mà bạn cảm thấy khi bạn gặp họ mà là nỗi đau mà bạn cảm thấy khi bạn nhớ dem !!!
ham,"Đối với tôi, tình yêu nên bắt đầu với sự hấp dẫn. Tôi nên cảm thấy rằng tôi cần cô ấy mỗi lần xung quanh tôi. Cô ấy nên là điều đầu tiên xuất hiện trong suy nghĩ của tôi. Tôi sẽ bắt đầu ngày mới và kết thúc nó với cô ấy. Cô ấy nên ở đó mỗi lần"
ham,Fr'ndship giống như một kim của đồng hồ.
ham,Tôi không nghĩ anh ấy có tay thìa!
ham,Bạn không bao giờ không thể làm gì
spam,Bạn được trao một máy ảnh kỹ thuật số SIPIX!
ham,Hôm nay tôi đến muộn & lt; thập phân & gt;
spam,Hôm nay tôi đến muộn & lt; thập phân & gt;
ham,Xin vui lòng gọi cho tôi bất kỳ sai lầm nào từ phía tôi xin lỗi da.
ham,Chúng ta đang gặp nhau ở đâu?
ham,Thời tiết ở Cali tuyệt vời.
ham,Bây giờ chỉ có tôi về đến nhà.
ham,Ryder chưa bán. Bây giờ Gibbs.
spam,Người đăng ký thân mến của bạn rút ra 4 £ 100 Voucher quà tặng sẽ được nhập khi nhận được một ANS chính xác.
ham,Đừng băn khoăn.
ham,Không có quà tặng !!
ham,Đã đến với NE điều thú vị.
ham,Bạn bận hoặc tôi có thể đến một lúc nào đó và tìm ra những gì chúng ta đang làm vào ngày mai
ham,"Vâng, hãy tiếp tục, Sittin chán nản và chán nản cho điện thoại đổ chuông ... hy vọng gió rơi xuống, đáng sợ"
ham,Áo sơ mi đen và quần jean màu xanh ... Tôi nghĩ tôi c _...
ham,Aiyah xin lỗi lor ... Tôi xem TV cho đến khi tôi quên 2 kiểm tra điện thoại của mình.
spam,Thông báo thông tin quan trọng cho người dùng O2.
ham,vào đêm hen.
ham,"Chào buổi chiều, tình yêu của tôi."
ham,Từ ai đó không hút thuốc khi mỗi lần tôi hút thuốc trong hai tuần qua là vì bạn gọi hoặc nhắn tin cho tôi rằng bạn muốn hút thuốc
ham,"Không, bạn sẽ chỉ bị đau đầu khi cố gắng tìm ra nó."
ham,S S.. Thời gian trước..Dhoni Rocks ...
ham,Ok tôi nói với công ty
ham,"Tuyệt vời, nghĩ rằng chúng ta có thể nhận được thứ 8 tại USF một thời gian tối nay?"
ham,"Vì vậy, điều đó có nghĩa là bạn vẫn nghĩ về Teju"
ham,"Không, tôi tốt cho bộ phim, có ổn không nếu tôi rời đi trong một giờ?"
ham,Không không :)
ham,"Vì vậy, hãy làm cho nó vào thứ bảy hoặc thứ hai theo cách thuận tiện."
ham,Này ... Mấy giờ lái xe của bạn trên Fri?
spam,449050000301 Bạn đã giành được giá Å £ 2.000!
ham,Bây giờ tôi đang ăn trưa với gia đình sau đó tôi đi Str 2 Orchard Lor.
spam,Chán hẹn hò tốc độ?
ham,Hủy Cheyyamo? Và lấy lại một số tiền?
spam,Bạn có muốn 750 bất cứ lúc nào bất kỳ mạng nào
ham,Ok.ok ok..then .. kế hoạch hôm nay của bạn là gì
ham,Chào buổi sáng công chúa!
ham,Aiyar xin lỗi lor quên 2 nói với bạn ...
spam,Để tham gia khảo sát di động của chúng tôi ngày hôm qua!
ham,Không phải tối nay bạn đời.
ham,Chiều cao của \ oh shit .... !!
spam,Chiều cao của \ oh shit .... !!
ham,"Vì vậy, hãy kiểm tra lỗi của bạn và nếu bạn gặp khó khăn, hãy điều chỉnh."
ham,Howz Pain? Hy vọng bạn ổn ..
ham,"Xin lỗi, tôi sẽ gọi sau"
ham,Chào buổi sáng công chúa!
ham,"Khi tôi bước vào cabin của tôi, tôi đã nói, '' B'day Boss hạnh phúc !! ''."
ham,Bạn đã thức dậy rồi?
ham,K tôi có cần đăng nhập hay bất cứ điều gì không
spam,Đừng quên bạn có thể đặt nhiều yêu cầu miễn phí với 1stchoice.co.uk như bạn muốn.
ham,Đừng quên bạn có thể đặt nhiều yêu cầu miễn phí với 1stchoice.co.uk như bạn muốn.
ham,Cái gì * bạn mặc?
ham,Tin nhắn: Một số văn bản bị thiếu *người gửi: tên thiếu * *số thiếu *Đã gửi: ngày bị thiếu *thiếu bạn nhiều điều đó y mọi thứ bị thiếu qua fullonsms.com
ham,Oh :) như bộ phim Vijay thông thường hay nó khác nhau?
spam,Tôi không biết bạn và bạn không biết tôi.
ham,Bạn đã có một ngày tốt lành?
ham,Và có cách nào bạn có thể gửi đồ của bóng râm cho cô ấy.
ham,Thực sự ... tôi đã kết thúc từ lâu rồi ... nhưng wat u đã sao chép jus bây giờ đã được sử dụng?
spam,"Cảm ơn bạn, người chiến thắng được thông báo bởi SMS."
ham,Babe?
ham,Được rồi ... Giúp tôi hỏi cô ấy có làm việc không?
ham,Tôi không lái xe ... mưa!
ham,Không phải là một giọt nước trong bể
ham,Không phải là một giọt nước trong bể
ham,"Xin lỗi, tôi sẽ gọi sau"
ham,"Được rồi, tôi cũng đi thay đổi ..."
spam,1000 của các cô gái nhiều địa phương 2 u who r virgins 2 Điều này & r đã sẵn sàng 2 4fil ur mọi nhu cầu tình dục.
ham,Bạn đã tìm thấy một người trông nom cho Kaitlyn?
ham,"Xin lỗi người đàn ông, vô tình rời khỏi điện thoại của tôi vào đêm qua im lặng và không kiểm tra cho đến khi tôi thức dậy"
ham,Này .. một cái gì đó xuất hiện cuối cùng .. nghĩ rằng tôi sẽ đăng ký TMR .. hee
ham,Anh ấy là một người trưởng thành và sẽ học hỏi từ kinh nghiệm.
ham,Chào!
ham,Yun mua ... nhưng trường học chỉ nhận được lời đề nghị 2000 cộng với ...
ham,Bạn chắc rằng hàng xóm của bạn đã không nhặt nó
ham,K. Tôi sẽ gửi nó một lần nữa
spam,Nhập miễn phí trong 2 WKLY Comp để giành chiến thắng FA Cup Final TKTS ngày 21 tháng 5 năm 2005. Văn bản FA đến 87121 để nhận câu hỏi nhập cảnh (tỷ lệ STD TXT) T & C áp dụng 08452810075Over18
ham,"Lý thuyết mới: Đối số chiến thắng tình huống D, nhưng mất người."
ham,Tốt.
ham,"Haha vâng tôi thấy rằng bây giờ, hãy ở đó trong một giây"
ham,Tôi không có số của cô ấy thưa ông
ham,LOL - Liên minh huyền thoại bây giờ tôi đang theo sau khinh khí cầu đó!
ham,LOL - Liên minh huyền thoại bây giờ tôi đang theo sau khinh khí cầu đó!
ham,Tin nhắn r không phải thời gian trôi qua. Họ âm thầm nói rằng tôi đang nghĩ về bạn ngay bây giờ và cũng khiến bạn nghĩ về tôi ít nhất 4 phút.
ham,"Vâng, chúng ta có thể có thể đu đưa một lần bạn cùng phòng của tôi kết thúc với cô gái của anh ấy"
spam,Có những gì cần 2 tham gia vào cuộc biểu tình WRC ở Oz?
ham,Chúc mừng năm mới giai điệu!
ham,Ìï dun cần chọn gf của bạn?
ham,Yay!
ham,Kinh khủng bạn ăn mac ăn cho đến khi bạn quên tôi đã nghi thức ... bạn mất quá nhiều 2 trả lời.
ham,"Có phải anh ấy đã nói tôi tuyệt vời như thế nào một cơ hội, hoặc bất cứ điều gì cần một cuộc sống lớn hơn khi mất ý chí 2 sống, bạn có nghĩ rằng tôi sẽ là người đầu tiên 2 chết vì N V Q không?"
ham,Chỉ cần tôi đến Hme Da ..
ham,"Tôi ở bên ngoài những hòn đảo, đi về phía đá cứng và bạn sẽ gặp tôi"
ham,Đến lớp học là không có lớp học.
ham,Tôi đang ở Chennai Velachery :)
ham,Bạn đã flippin shit của bạn chưa?
ham,"K cho tôi một giây, phá vỡ a & lt;#& gt;"
ham,Tôi có tệ khi tránh như thế này không?
ham,"Yo, bạn ở xung quanh?"
ham,Khó chịu phải không.
ham,"Goodmorning, hôm nay tôi đến trễ & lt;#& gt;"
ham,Không có điểm nào gắn bó với Mr không đúng nếu anh ấy không làm cho bạn hạnh phúc
ham,Không có điểm nào gắn bó với Mr không đúng nếu anh ấy không làm cho bạn hạnh phúc
ham,"Trong trường hợp đó, tôi đoán tôi sẽ gặp bạn tại Campus Lodge"
ham,Chúng tôi đã xong ...
ham,Hãy đến nhà tôi lần cuối cùng tôi sẽ không làm bất cứ điều gì.
ham,Tôi đã thức cả đêm quá lo lắng về ứng dụng này.
spam,Sex up di động của bạn với một bức ảnh gợi cảm miễn phí của jordan!
ham,Ok ... c ya ...
spam,Bạn có 1 thư thoại mới.
ham,Những gì ông nói không phải là vấn đề.
ham,Anh ấy cũng biết về thực đơn bữa trưa chỉ da.
ham,Al anh ấy làm tôi rên rỉ với tôi nếu n e thin sai đó là lỗi của tôi nal de lập luận r lỗi của tôi đã chán ngấy về anh ấy của anh ấy?
ham,Giao dịch NEFT với số tham chiếu & lt;#& gt;
ham,"Nếu không, có công việc bán thời gian NA-Tê tựa .."
ham,Tôi biết cô ấy đã gọi cho tôi
ham,"Tôi cũng da, tôi cảm thấy tối hôm qua chờ đợi cho đến đêm 2 ngày thân yêu."
ham,Cảm ơn vì đã hiểu.
spam,Giành được một năm cung cấp CDS 4 Một cửa hàng của sự lựa chọn của bạn trị giá £ 500 và nhập Å £ 100 của chúng tôi.
ham,Toàn bộ chiếc xe đánh giá cao hai chiếc cuối cùng!
spam,"Là một thuê bao SIM, bạn được chọn để nhận tiền thưởng!"
ham,Tôi cần bạn ở trong vòng tay mạnh mẽ của tôi ...
ham,Cũng là maaaan bạn đang bỏ lỡ
ham,Bday thực sự của anh ấy là vào tháng Tư.
ham,Bday thực sự của anh ấy là vào tháng Tư.
ham,"Được rồi, tôi sẽ đến nhà của bạn sau nửa giờ"
ham,"Yo, trò chơi gần như kết thúc?"
ham,"Vâng, có lẽ nhưng không chắc chắn."
ham,Tôi sẽ nhắn tin ngay bây giờ!
ham,"Đó sẽ là tốt ‰ û_ Tôi sẽ gọi điện cho bạn vào giờ ăn trưa, tôi sẽ, để tổ chức một cái gì đó?"
spam,Bạn có 1 thư thoại mới.
ham,"Chết tiệt, bạn có thể làm cho nó tối nay hay bạn muốn chỉ đợi cho đến ngày mai"
ham,K..k..tôi cũng ổn :) khi nào bạn sẽ hoàn thành khóa học?
ham,ĐÚNG VẬY.
spam,Số 1 Nokia Tone 4 UR mob mỗi tuần!
ham,Prakesh đã biết.
ham,Dạy cho tôi ứng dụng da.
ham,ROFL Betta đầu tư vào một số sản phẩm chống lão hóa
spam,"Bạn là người chiến thắng, bạn đã được lựa chọn đặc biệt 2 nhận ’£ 1000 tiền mặt hoặc 4* Holiday (Flights Inc) Nói chuyện với Nhà điều hành trực tiếp 2 Yêu cầu 0871277810810"
ham,"Thưa ông, bạn sẽ nhận được tài khoản không có thêm 1 giờ nữa."
spam,Trả lời với tên và địa chỉ của bạn và bạn sẽ nhận được qua một tuần hoàn toàn miễn phí ở các địa điểm toàn cầu khác nhau www.phb1.com PH: 08700435505150p
ham,"Vì vậy, Ì_ sẽ gửi nghi thức TMR Project DA?"
spam,Nhập miễn phí vào comp comp £ 250 £ 250 của chúng tôi chỉ cần gửi từ nhập tới 84128 ngay bây giờ.
ham,Jus và tôi hoặc.
ham,Tôi muốn gửi một cái gì đó có thể bán nhanh.
ham,Có * vài việc phải làm.
ham,Cuộc họp kết thúc của 1 Gọi cho tôi.
ham,Lol ok.
ham,\ Xin chào-/@Drivby-: 0quit Drunk Xin lỗi vì không có senrd-dot biết làm thế nào ^ dance 2 trống n basq!
ham,Ý kiến của bạn về tôi?
ham,Chúng ta nhận được bao nhiêu?
ham,Giấy của bạn có phải là TMR buổi sáng hay phía sau không?
ham,"Kính gửi nhẹ nhõm của Westonzoyland, tất cả sẽ lên kế hoạch kết thúc này!"
ham,Hy vọng bạn đang có một học kỳ mới tuyệt vời.
ham,"Ồ vâng, tôi có thể nói TXT 2 U Không!"
ham,"Tôi muốn cho bạn thấy thế giới, Công chúa :) Làm thế nào về Châu Âu?"
ham,Không ai có thể quyết định ăn ở đâu và bố muốn Trung Quốc
ham,Không bắn tôi.
ham,Hiện nay?
ham,"Xin chào, trang web nào để tải xuống các bài hát của nó xin vui lòng"
ham,"Tôi biết ý bạn là gì, là Vua không có tín dụng!"
ham,"Tôi biết ý bạn là gì, là Vua không có tín dụng!"
ham,Chào Hun!
ham,"Tôi gọi cho bạn sau, không có mạng."
ham,Ummmmmmaah nhiều hạnh phúc trở lại của d ngày trái tim thân yêu của tôi .. chúc mừng sinh nhật thân yêu
spam,Vui lòng gọi 08712402779 ngay lập tức vì có một tin nhắn khẩn cấp đang chờ bạn
ham,"Vâng, như nếu nó diễn ra như nó đã làm với bạn bè của tôi Imma lật cái chết tiệt của tôi trong nửa giờ"
ham,Mẹ nói rằng chúng tôi sẽ đi sau đó đi ... sau đó cô ấy có thể trốn tránh Bian Watch Da Glass Triển lãm ...
ham,Kế hoạch của bạn cho Pongal là gì?
ham,Chỉ cần đợi đến cuối tháng 3 khi El Nino có được chính mình.
ham,"Chưa có chikku..có đến phòng nw, tôi đang ở trong xe buýt .."
ham,Tôi cũng chỉ làm trong CBE.
ham,"Em yêu boo, anh nhớ em."
ham,"Chúng tôi đã gửi cho JD cho dịch vụ khách hàng kiêm tài khoản điều hành cho id thư của bạn, để biết chi tiết liên hệ với chúng tôi"
ham,"Yo, tôi đang ở gettin tiền mặt của bố mẹ tôi."
ham,Cảm ơn bạn rất nhiều.
spam,"Những người đồng tính đói đói cảm thấy đói và lên 4 nó, bây giờ."
ham,Được rồi.
ham,Tôi sẽ thấy trong nửa giờ
ham,"Tôi đang nghe inperialmusic2 Bài hát kỳ lạ nhất từng có bởi Johnåó-âm thanh như côn trùng bị quấy rối & ai đó hệ thống ống nước, được phối lại bởi những người đàn ông xấu xa trên axit!"
ham,"\ Hey xin lỗi, tôi đã không biết gì"
ham,NGHIÊM TÚC.
spam,Bạn có thể nhận được 2 điện thoại bây giờ không?
ham,Tee hee.
ham,"Xin lỗi chikku, di động của tôi có một số vấn đề mà tôi đã có thể trả lời u hoặc msg u .."
ham,"Nếu bạn vẫn chưa thu thập được bột, hãy cho tôi biết để tôi có thể đến nơi tôi đã gửi nó để lấy số kiểm soát"
ham,Được rồi...
spam,Nhà điều hành mạng.
ham,Hãy cho tôi biết cách liên hệ với bạn.
ham,Wot u up 2 u weirdo?
ham,Có thể làm lor ...
ham,Đừng đặt điện thoại của bạn ở chế độ im lặng ok
ham,Tôi có thể gặp ì_ lúc 5 .. vì 4 trong đó phụ thuộc vào nơi Ì_ wan 2 trong lor ..
ham,Đang chờ 4 Chương trình TV của tôi BEARK 2 bắt đầu cho ... bạn vẫn đang bận rộn với báo cáo của bạn?
ham,Oh ho.
ham,Tôi có phải là người duy nhất không theo dõi hồ sơ không?
ham,Đã bao giờ báo giá màu xanh lá cây từng được Jerry nói trong phim hoạt hình \ một người gây khó chịu cho bạn luôn là người yêu bạn rất nhiều nhưng không thể hiện điều đó ...! .. !!
ham,"Vâng, tôi đã nghĩ như vậy."
ham,"Nhưng nếu cô ấy uống rượu, tôi ổn."
ham,"Chỉ tự hỏi, những người khác chỉ cất cánh"
ham,"Đêm đã kết thúc cho một ngày khác, buổi sáng đã đến một cách đặc biệt."
ham,"Bạn làm gì, con chó của tôi?"
ham,Chúc mừng năm mới bạn quá!
ham,"Này ... Thỏa thuận tuyệt vời ... Farm Tour 9 giờ sáng đến 5 giờ chiều $ 95/Pax, tiền gửi $ 50 vào ngày 16 tháng 5"
ham,Ăn Jap xong Oso Aft Ur Lect Wat ... ìï có bài giảng vào lúc 12 Nghi thức ...
ham,Này em yêu!
ham,Da sinh của tôi trong chứng chỉ là vào tháng Tư nhưng ngày thực sự là ngày hôm nay.
ham,Chúc mừng sinh nhật ... Cầu mong tất cả những giấc mơ của bạn thành hiện thực ...
ham,Aiyah bạn đã làm ok rồi lar.
ham,Nói với cô ấy tôi đã nói ăn shit.
ham,Chắc chắn!
ham,"K vậy tôi, bao nhiêu cho một thứ 8?"
ham,Văn bản hàng ngày của bạn từ tôi ûò một ân huệ lần này
ham,Thật tuyệt khi biết bạn đang giải quyết tốt.
ham,Những con gà trống.
ham,Tôi đã đến với liao.
ham,"Fran tôi quyết định 2 đi n e cách tôi hoàn toàn phá vỡ một knacked, tôi đã lên cơn"
ham,Tôi không thể chọn điện thoại ngay bây giờ.
ham,Quyền của bạn!
ham,Quyền của bạn!
spam,Thưởng thức Câu lạc bộ Gold Video của Jamster với các khoản tín dụng của bạn cho 2 video mới+2 Logo+MusicNews!
spam,"Nhận 3 Lions England Tone, Trả lời Lionm 4 Mono hoặc Lionp 4 Poly."
ham,Tôi jokin oni lar .. ì ì ’bận sau đó tôi làm phiền ì_.
ham,"Ok, hãy cẩn thận!"
ham,"I.ll luôn ở đó, ngay cả khi nó chỉ trong tinh thần."
ham,Bạn quá gần với trái tim tôi.
ham,Anh yêu em 2 em yêu!
ham,Làm thế nào về việc làm cho một số biểu tượng lớn hơn?
ham,Có nhưng có 2 màu lor.
ham,"Khi bạn buồn, bất cứ khi nào bạn màu xám, hãy nhớ tôi ở đây 2 listn 2 bất cứ điều gì bạn muốn nói, jus đi bộ rộng rãi cho tôi một chút, & amp;"
ham,Tại sao không có gì.
spam,"Giành chiến thắng mới nhất ‰ ûïharry Potter và thứ tự của Phoenix (Sách 5) Trả lời Harry, Trả lời 5 câu hỏi - Cơ hội là người đầu tiên trong số các độc giả!"
ham,Được rồi...
ham,Chính xác.
ham,Vừa được gửi lại.
ham,"Tôi thức dậy từ lâu rồi ... Dunno, điều gì khác?"
ham,Oh chỉ nhận được ngay cả với bạn .... u?
ham,"Tôi thk 50 shd có thể, anh ấy nói cộng với điều 10 .. đã ì_ để lại một dòng ở giữa các đoạn?"
ham,Bạn có thể gọi tôi là xin vui lòng.
ham,"Vâng, Jay là một người chậm phát triển"
ham,"Xin lỗi, đã ở trong phòng tắm, SUP"
spam,Số dư của bạn bây giờ là £ 500.
ham,Kỳ thi của tôi là vào ngày 4 tháng Hai. Chúc bạn một ngày tuyệt vời.
ham,Tôi không biết phải làm gì để thoát ra khỏi vấn đề này nên chỉ có những câu hỏi như thế này không nhầm tôi.
ham,"Aight không vội vàng, tôi sẽ hỏi Jay"
ham,Chào buổi sáng làm ơn gọi tôi là thưa ngài
ham,Không sao đâu Lar.
ham,"Oh ... icic ... k lor, den gặp ngày khác ..."
ham,Ồ !
ham,"Đôi khi chúng tôi đặt những bức tường xung quanh trái tim của chúng tôi, không chỉ để an toàn khỏi bị tổn thương .. mà là tìm ra ai quan tâm đủ để phá vỡ các bức tường & amp;"
ham,"Ngọt ngào, chúng tôi có thể hoặc không thể đến 4U để gặp Carlos để đánh giá sự quan tâm của Patty về điều đó"
ham,Sau đó cô ấy mua hôm nay?
ham,Aight xin lỗi tôi mất mười năm để tắm.
ham,Mỗi thứ Hai.. tuần không hoàn thành ..
ham,Cũng có thể tôi ở đó.
ham,Chỉ cần thư giãn trong 6 giờ nữa.
ham,Vâng tôi sẽ cố gắng tìm kiếm thứ gì đó
ham,Crazy ar anh ấy đã kết hôn.
ham,Đã ở đâu đó trên Fredericksburg
ham,Que pase un buen tiempo hoặc một cái gì đó tương tự
ham,Có ổn không nếu tôi ở lại đêm ở đây?
ham,Cô ấy không cần bất kỳ bài kiểm tra nào.
ham,"Không có gì nhiều, thư giãn ở nhà."
spam,"Free2day sexy St George's Day Pic of jordan! Txt pic to 89080 đừng bỏ lỡ, sau đó mỗi wk a daicy celeb! 4 bức ảnh nữa"
ham,Bugis oso gần wat ...
ham,Yo không có lớp học vào ngày mai phải không?
ham,Hãy để trái tim của bạn trở thành la bàn của bạn tâm trí của bạn bản đồ của bạn hướng dẫn của bạn và bạn sẽ không bao giờ lỏng lẻo trong thế giới .... gnun - được gửi qua way2sms.com
ham,"Chúc ngủ ngon, ngủ ngon, xin vui lòng chăm sóc pa."
ham,Baaaabe!
ham,Truyền đạt sự trân trọng của tôi với anh ấy
ham,Bạn không thể thuyết phục anh ta rằng không thể xảy ra mà không làm tổn thương cảm giác của anh ta là chính
ham,Chào buổi chiều Người yêu!
ham,"Nếu tôi bắt đầu gửi ngọn đuốc BlackBerry đến Nigeria, bạn sẽ tìm thấy người mua cho tôi chứ? Giống như 4A tháng."
ham,& lt;#& gt;
ham,Yo anh bạn đoán xem ai vừa bị bắt vào một ngày khác
ham,Shuhui nói thay đổi 2 tàu hơi nước Suntec?
ham,Dòng sông nhảy làm gì?
ham,"Yetunde, tôi xin lỗi nhưng Moji và tôi có vẻ quá bận rộn để có thể đi mua sắm."
ham,"Này, tôi sẽ thực sự khá muộn ... Bạn muốn đi học trước?"
spam,"Hot Live Fantasies Gọi ngay 08707509020 Chỉ cần 20p mỗi phút NTT LTD, PO Box 1327 Croydon CR9 5WB 0870..K"
ham,BBQ Điều này ngồi tại tôi từ 6ish.
ham,"Tôi không biết, điều tương tự cũng sai thường xuyên, anh ấy hoảng loạn bắt đầu đi trên không đủ tốt ‰ û_"
ham,Được rồi.
ham,Bạn đã thử làm một cái mông khác.
ham,Hy vọng bạn đang cảm thấy tuyệt vời.
ham,Tôi nghĩ rằng chúng ta nên ra ngoài và vui vẻ vì vậy quán bar trong thị trấn hoặc một cái gì đó ‰ ûò âm thanh ok?
ham,"1) Đi để viết MSG 2) Đặt vào chế độ từ điển 3) Che màn hình bằng tay, 4) Nhấn & lt;#& gt;"
spam,"Gấu pic nick, và Tom, Pete và ... Dick."
spam,"500 điện thoại di động mới từ năm 2004, phải đi!"
ham,Cuối cùng chúng ta đã sẵn sàng FYI
ham,Dì Huai Juan không bao giờ nhấc điện thoại
spam,Double Mins & Double TXT & 1/2 Giá lót giá trên điện thoại di động Bluetooth màu cam mới nhất.
ham,"Ya tel, wats vấn đề của bạn .."
spam,Số 1 Nokia Tone 4 UR mob mỗi tuần!
ham,Tôi không muốn nói chuyện với bạn
ham,"Chúng tôi dành cả ngày để chờ con đường lý tưởng xuất hiện trước mặt chúng tôi .. nhưng điều chúng tôi quên là .. \ Đường dẫn được thực hiện bằng cách đi bộ .. không phải bằng cách chờ đợi .. \ ""Chúc ngủ ngon!"""
ham,"Được rồi, cánh tay của tôi cảm thấy yếu vì tôi đã bị bắn để chúng ta có thể đi vào lúc khác"
ham,Vui lòng đặt vé vào đêm thứ bảy từ Chennai đến Thirunelvali và một lần nữa từ Tirunelvali đến Chennai vào ngày Chủ nhật ... Tôi đã thấy trên mạng..không có vé có sẵn..Tôi muốn đặt vé qua giải quyết ..
ham,"Bão Msg: wen u nâng d phne, bạn nói \ xin chào"
ham,Không sao đâu.
ham,Tất cả e tốt nhất 4 kỳ thi của bạn sau.
ham,Hy vọng đầu của bạn không đau 2!
ham,Oh K.I nghĩ rằng hầu hết người chơi Wi và New Zealand chưa bán được.
ham,"Haha ... nơi giảm cân quá nhanh, thk muz đi 4 tháng một tháng có hiệu lực ... gee, sau đó chúng tôi đi aust đặt bk e trọng lượng."
ham,"Tôi tự hỏi làm thế nào bạn trực tuyến, tình yêu của tôi?"
ham,"Haha chỉ đùa thôi, papa cần ma túy"
ham,"Thk nên b có thể ... bạn, tôi muốn đi 4 bài học ... haha, có thể đi toàn bộ ..."
ham,Oh ok ..
ham,R chúng ta vẫn gặp 4 bữa tối tối nay?
ham,Thật tuyệt!
ham,Tôi sẽ bắt đầu từ nghe.
ham,"Sau đó, chúng tôi đợi 4 u lor ... không cần 2 cảm thấy xấu ..."
ham,"Không, bạn đã kiểm tra?"
ham,Bạn đã đăng ký Sinco là người được trả tiền.
ham,"Không, tôi quyết định rằng chỉ những người quan tâm đến việc bỏ phiếu và quan tâm đến những thứ là dành cho những người thua cuộc"
ham,Kaizen ... hãy tận hưởng học phí của bạn ... phí ... thk e tùy chọn thứ hai âm thanh beta ... Tôi sẽ đi yan jiu den msg u ...
ham,Bạn đã đăng ký Sinco là người được trả tiền.
ham,mát mẻ.
ham,Thực sự đã sẵn sàng rời khỏi nhà.
ham,K..K..th có gì đặc biệt hôm nay không?
spam,"Thông tin khẩn cấp, quan trọng cho người dùng O2."
ham,"Sau đó, chúng tôi phải làm điều đó sau đó"
ham,"Tôi đã có mười đô la, Jay đang không thành công"
ham,Ở đâu cũng đói
ham,Xin vui lòng nói chuyện với khách hàng mà Machan.
ham,Ở đâu đó bên dưới ánh sáng mặt trăng nhợt nhạt ai đó nghĩ về bạn một số nơi ngoài kia nơi những giấc mơ trở thành sự thật ... Goodnite & amp;
ham,"Wen của bạn đáng yêu bcums giận dữ u, không nghiêm túc .. vì tức giận là một cách trẻ con nhất để thể hiện tình cảm sâu sắc, quan tâm n luv! .. kettoda manda ... Chúc một ngày tốt lành da."
spam,Bạn thân mến đã được mời đến xchat.
ham,Vậy ý kiến của bạn về anh ấy là gì và làm thế nào là nhân vật?
ham,Jay đang cười khúc khích và nói với tôi rằng X hoàn toàn đụ các hợp âm khi chúng ta nói
ham,Không..few giờ trước đó. Để cắt tóc.
ham,Không có gì ngạc nhiên ... vì tôi không thấy một chiếc xe màu bạc ... nhưng tôi đã thấy một chiếc xe màu đen ...
ham,Cười tụt cả mông.
ham,"\ Chỉ nói khi bạn cảm thấy lời nói của mình tốt hơn sự im lặng ... \ ""Chào buổi sáng :-)"""
ham,Không. Cô ấy hiện đang ở Scotland vì điều đó.
ham,Bạn có làm việc cả tuần này không?
spam,Xin chúc mừng bạn đã được trao £ 500 của các phiếu quà tặng CD & Nhập miễn phí 2 £ 100 £ 100 hàng tuần của chúng tôi.
ham,LOL thật tuyệt khi tôi đang đói.
ham,Có .. bây giờ chỉ thấy tin nhắn của bạn ..
ham,Tôi sẽ ở MU trong như & lt;#& gt;
ham,Được rồi...
ham,Điều tốt là cảm ơn cho các kỳ thi vào tháng 3 Ive đã không sửa đổi?
ham,"Nói cho bạn biết điều gì, nếu bạn thực hiện một bảng tính nhỏ và theo dõi ý tưởng của họ là hút thuốc để xác định ai \ hút quá nhiều \ ""trong cả tháng tháng Hai"
spam,ĐỂ BÁN - ARSENAL DARTBOARD.
ham,Đừng nhìn lại tòa nhà vì bạn không có áo khoác và tôi không muốn bạn bị bệnh nhiều hơn.
ham,Suy nghĩ cá nhân đau đớn của tôi- \ Tôi luôn cố gắng giữ cho mọi người hạnh phúc mọi lúc.
ham,Cảm ơn vì những lời chúc đáng yêu.
ham,Bạn Intrepid Duo bạn!
ham,Tôi yêu cầu Sen đến Chennai và tìm kiếm công việc.
ham,Bố đã đi ra ngoài oredi ...
ham,Tôi hy vọng sự thật là Missin tôi vì tôi thực sự nhớ anh ấy!
ham,Wat quá muộn vẫn sớm mah.
ham,"Vũ khí tốt, Cardiff và Uni thế nào?"
ham,Trong thực tế khi nào bạn rời đi?
ham,Làn gió mát ... Mặt trời sáng ... Hoa tươi ... Chim twitter ... tất cả những thứ đang chờ đợi để chúc bạn: \ Goodmorning & amp;
ham,Ya :) đi đến nhà hàng ..
ham,"Không sao đâu., Tôi chỉ hỏi bạn có biết điều đó không?"
spam,Mục nhập tuần đầu tiên miễn phí 2 TextPod 4 A Chance 2 Win 40GB iPod hoặc Å £ 250 tiền mặt mỗi tuần.
ham,Những con chinchillas đó
ham,Tôi đang ở trong một chức năng hôn nhân
ham,"Có vẻ như bạn sẽ nhận được một headstart, tôi sẽ rời khỏi đây 230ish nhưng nếu bạn tuyệt vọng cho công ty của tôi, tôi có thể đi vào trước đó chúng ta sẽ gặp nhau ở Rummer."
ham,Đừng cho một con khỉ bay wot họ nghĩ và tôi chắc chắn không có tâm trí.
spam,"Là một thuê bao Optin đã đăng ký, bạn rút ra 4 Å £ 100 phiếu quà tặng sẽ được nhập khi nhận được ANS chính xác cho 80062 Whats No1 trong bảng xếp hạng BBC"
ham,nói cảm ơn2.
ham,Tin nhắn cho tôi khi Rajini đến.
ham,Ya!
ham,Ya!
ham,Ngu ngốc. Không thể
ham,
spam,Mùa hè cuối cùng ở đây!
ham,Bạn đang ngủ bây giờ .. hay bạn sẽ dùng?
spam,Claire ở đây là Havin Borin Time & bây giờ một mình bạn muốn kiêm hơn 2nite?
ham,"Chiến đấu với thế giới thật dễ dàng, bạn có thể thắng hoặc thua BT với một số người gần gũi với bạn là khó khăn nếu bạn thua - bạn thua nếu bạn thắng - bạn vẫn thua."
spam,"Đã mua một nhạc chuông và bây giờ nhận được tin nhắn có giá 3 pound cung cấp nhiều âm hơn, v.v."
ham,"Yalru Lyfu Astne Chikku .. Bt Innu Mundhe Lyf Ali Halla Ke Bilo (Hôn nhân) Chương trình Edhae, vì vậy Lyf là NT"
ham,Kinda.
spam,09066362231 khẩn cấp!
ham,"Được rồi, sau đó tôi đến tìm ì _... C may mắn tôi đã nói với Ì_ sẽ đi sớm hơn ... sau đó pple hãy hoàn thành ì_ không nữa ..."
ham,Wat làm cho bạn thk tôi sẽ rơi xuống.
spam,"Bạn 07801543489 được đảm bảo là điện thoại Nokia mới nhất, máy nghe nhạc iPod 40GB hoặc giải thưởng Å £ 500!"
ham,Tài khoản của bạn đã được nạp lại thành công bởi INR & lt; thập phân & gt;
ham,Tôi sẽ không chạm vào bạn mà không có sự cho phép của bạn.
spam,"Xin chào, chồng của nó ở các cuộc họp cả ngày thứ Sáu và tôi sẽ b một mình tại khách sạn u fancy cumin hơn?"
ham,"7 Điều kỳ diệu trong thế giới của tôi thứ 7 bạn thứ 6 của bạn Phong cách thứ 5 nụ cười thứ 4 của bạn, tính cách thứ 3 của bạn tự nhiên thứ 2 của bạn SMS và 1st \ ur tình bạn đáng yêu \ ""... Chào buổi sáng thân yêu"""
ham,Uống một ít viên thuốc liều cho sốt
ham,Ồ.
ham,"Chỉ cần gửi cho bạn một email ‰ ûò đến một địa chỉ có incomm trong đó, có phải không?"
ham,"Sẽ làm, bạn sẽ ở Blake cả đêm?"
ham,"Sẽ làm, bạn sẽ ở Blake cả đêm?"
ham,Đẹp.
ham,Tôi đang xem lotr w sis dis aft của tôi.
ham,Tại sao bạn giữ tôi đi như thế này
ham,Tôi nghĩ rằng nó nhiều hơn thế nhưng tìm ra.
ham,Chuyến đi của tôi là ok nhưng khá mệt mỏi.
ham,Bạn đã luôn luôn nói Welp?
ham,"Tôi là một chàng trai, Browsin là bắt buộc"
ham,Được rồi...
ham,Được rồi...
ham,"Xin lỗi, tôi sẽ gọi sau"
ham,.
ham,Xin chào người yêu!
ham,Tôi đã nói số của bạn cho Gautham ..
ham,Nói với họ không cần phải điều tra về tôi ở bất cứ đâu.
ham,"Được rồi, tôi nhận được .."
ham,"Không thể tin rằng tôi đã nói rất nhiều điều với bạn sáng nay khi tất cả những gì tôi thực sự muốn nói là chào buổi sáng, tôi yêu bạn!"
spam,Tài khoản của bạn đã được ghi có 500 tin nhắn văn bản miễn phí.
ham,"Cuối cùng, cô ấy vẫn có thể nôn nhưng không sao."
ham,Làm thế nào bạn có tiền ... như trong ... tiền của bạn không phải là một điều .... bạn có khỏe không!
ham,Nó có mọi thứ để làm với thời tiết.
ham,Này các cô gái .. có ai của bạn đi xuống trung tâm lái xe TMR không?
ham,Bây giờ tôi luôn ở trên Yahoo Messenger.
ham,Tôi đang đặt nó vào bây giờ.
ham,Thời gian n mỉm cười r Những điều quan trọng trong cuộc sống của chúng ta.
spam,SMS.
ham,IDP dựa trên máy chủ cho các hệ thống Linux.
spam,"Hot Live Fantasies Gọi ngay 08707509020 Chỉ cần 20p mỗi phút NTT LTD, PO Box 1327 Croydon CR9 5WB 0870 là một cuộc gọi tỷ lệ quốc gia"
ham,Don no da :) Bạn có kế hoạch gì?
ham,Tôi sẽ ở đó trên & lt;#& gt;
ham,Tôi sẽ ở đó trên & lt;#& gt;
ham,Tổng số video chuyển đổi miễn phí Loại hình này trong tìm kiếm của Google :)
spam,Cảm ơn vì đã bỏ phiếu.
ham,"Wen của bạn đáng yêu bcums giận dữ u, không nghiêm túc .. vì tức giận là một cách trẻ con nhất để thể hiện tình cảm sâu sắc, quan tâm n luv! .. kettoda manda ... Chúc một ngày tốt lành da."
ham,Nghe giống như một cái gì đó mà ai đó kiểm tra tôi sẽ nói
ham,Khi bạn yêu ai đó không khiến họ yêu bạn nhiều như bạn.
ham,"Pete, đây có còn là điện thoại của bạn không?"
ham,Rất tiếc.
ham,"Này ngọt ngào, tôi đã tự hỏi khi bạn có một khoảnh khắc nếu bạn có thể đến với tôi?"
ham,Nhà vô địch chỉ rời khỏi Glasgow!
ham,Nhà vô địch chỉ rời khỏi Glasgow!
ham,Tôi tự hỏi nếu bạn nhận được văn bản này?
ham,Tôi cần phải về nhà và cho bạn một số tình yêu tốt ...
spam,Dịch vụ âm nhạc di động hoàn toàn mới của chúng tôi hiện đang hoạt động.
ham,Tôi sẽ hỏi một điều nếu bạn không nhầm lẫn tôi.
ham,Kiểm tra và sửa lỗi chính tả I.S.
spam,CẤP BÁCH!
ham,Bạn có giận tôi không.
ham,Tôi thk u dun haf 2 gợi ý trong diễn đàn đã được ... tôi đã nói với Ron N Darren sẽ đi 2 nói với Shuhui.
ham,Yup ok thanx ...
ham,Xin chào :) Nhân viên CTS Bạn có khỏe không?
ham,Xin vui lòng tìm ra từ dì Nike.
ham,"Wow ... tôi yêu bạn rất nhiều, bạn biết không?"
ham,Không la hét có nghĩa là hét lên ..
ham,Này những gì xảy ra.
ham,Tôi có nên chọn biên lai hay thứ gì đó sớm hơn không
ham,Tôi nghĩ Chennai ổn định?
ham,Oh dang!
ham,"Thật không may, tôi vừa phát hiện ra rằng chúng tôi phải đón em gái tôi từ sân bay vào tối hôm đó vì vậy đừng nghĩ rằng tôi sẽ đi ra ngoài."
ham,Kinh khủng bf ... bây giờ tôi v đói ...
ham,Hãy nhớ vào ngày đó ..
spam,Bạn đã giành được một Nokia 7250i.
ham,Cảm giác thế nào?
ham,Tất cả nghe có vẻ tốt.
ham,Nửa đêm sớm nhất
ham,Bạn không chắc chắn rằng tôi không cố gắng tạo ra khói Xavier vì tôi không muốn hút thuốc sau khi được bảo rằng tôi hút thuốc quá nhiều?
ham,K đến với Nordstrom khi bạn hoàn thành
ham,Do u konw waht là friendce RAEL Im gving yuo một exmpel: jsut ese tihs msg .. evrey splleing của tihs msg là wrnog ..
ham,Bây giờ cuộc họp báo DA :)
spam,Xin chào từ Orange.
ham,Sau khi hoàn thành bằng cấp.
ham,"Chào buổi chiều, tình yêu của tôi!"
ham,Shant làm phiền bạn nữa ... jia bạn ...
ham,Bishan lar gần hơn ... không cần mua sớm vì vậy nếu mua bây giờ tôi phải đỗ xe ...
ham,"Tôi, tôi không biết nữa oh"
ham,Dude Sux cho rắn.
ham,Anh ấy nói xin chào và để đưa mông của bạn trở lại South Tampa (tốt nhất là tại một kegger)
ham,Trong e msg jus bây giờ.
ham,Bạn cũng vậy ...
ham,Ok làm thế nào bạn thân yêu.
ham,"Vâng, chúng tôi làm totes."
ham,"OK, tôi đã tìm thấy dis pierre cardin một cái có vẻ bình thường có giá 20 được bán."
ham,Ngủ ngon là về nhịp điệu.
ham,Bạn đang làm gì vậy?
ham,Bạn đang làm gì vậy?
ham,"Dòng duy nhất có ý nghĩa lớn ::::: \ bỏ lỡ bất cứ điều gì 4 ur \ ""cuộc sống tốt nhất \"" nhưng"
ham,"Chỉ có một số tiền xăng, bất kỳ cơ hội nào bạn và băng đảng muốn thực hiện một cuộc phiêu lưu thiên nhiên lớn?"
ham,Dnt lo lắng ... Sử dụng các miếng đá trong gói vải. Cũng lấy 2 viên.
ham,Dnt lo lắng ... Sử dụng các miếng đá trong gói vải. Cũng lấy 2 viên.
ham,Hãy sẵn sàng để đặt khuôn mặt phụ xuất sắc của bạn :)
ham,TMRW.
ham,TMRW.
ham,Tôi đến muộn.
ham,"Dù sao đi nữa, tôi khá tức giận."
ham,Hôm nay là ngày chấp nhận..u chấp nhận tôi như?
ham,Tôi không có nhiều hình ảnh trong lớp.
ham,Không :-) Tôi có tin đồn rằng bạn sẽ mua căn hộ ở Chennai :-)
ham,Gần văn phòng TV Kalaignar.Teynampet
spam,"Cân bằng tiền mặt của bạn hiện là 500 pounds-để tối đa hóa tiền mặt của bạn, hãy gửi tới 86688 chỉ 150p/msg."
spam,Đấu giá SMS - Một Nokia 7250 hoàn toàn mới sẽ tăng 4 phiên đấu giá hôm nay!
ham,Sis của tôi đang bắt gặp chương trình E vào buổi chiều nên tôi không xem cô ấy.
ham,"Âm thanh gd ... haha ... có thể ... wah, u yan jiu quá nhanh ..."
ham,Không. Tôi đoán là Nosy.
ham,Không. Tôi đoán là Nosy.
ham,"Hãy nhớ tất cả những người mà tôi đã đau trong những ngày của kẻ mạo danh Satan trong tôi. Hãy trả một giá, vì vậy hãy là nó."
ham,"Tại sao vậy, Công chúa?"
ham,"Tôi sẽ đặt Chez Jules trong nửa tám, nếu điều đó ổn với bạn?"
ham,Hahahahahaha rofl wtf lớn là leonardo trong phòng của bạn hoặc một cái gì đó
ham,"Đúng, tại nhà của Derek bây giờ, hẹn gặp lại vào Chủ nhật & LT; 3"
ham,"Thật tuyệt, hãy cho tôi biết trước khi nó khởi động xung quanh & lt;#& gt;"
ham,"Xin lỗi, tôi sẽ gọi sau"
ham,Tôi đã tự hỏi liệu bạn có thể gọi cho chú John và cho anh ấy biết rằng mọi thứ không giống nhau ở Nigeria như họ ở đây.
ham,Không có khoản phí nào khác sau khi tính phí chuyển nhượng và bạn có thể rút tiền bằng mọi cách
ham,"Đừng tìm kiếm tình yêu, hãy để tình yêu tìm thấy U. Đó là lý do tại sao nó được gọi là yêu, bcoz bạn không ép buộc chính mình, bạn chỉ ngã và bạn biết có smeone để giữ bạn ... bslvyl"
ham,Ở tuổi 4. Chúng ta hãy đến Bill Millers
ham,Anh Yêu Em.
ham,Một số người chắc chắn được thực hiện 4 u.
ham,Đó là trang phục trăng mật của tôi.
ham,Nó sẽ giúp nếu chúng tôi đề xuất trở lại vào ngày mai
spam,RIÊNG TƯ!
ham,Không bao giờ đổ lỗi cho một ngày trong cuộc sống của bạn.
ham,Xin xác nhận thời gian để thu thập séc.
spam,"Khi một thuê bao đã đăng ký, năm, rút 4 £ £ 100 phiếu quà tặng sẽ được nhập khi nhận được một ANS chính xác."
spam,CẤP BÁCH!
ham,Bố sẽ chăm sóc con tốt :)
ham,"Vâng, có lẽ, tôi vẫn phải kiểm tra với Leo"
ham,K.then có đặc biệt nào khác không?
ham,"Carlos đang dành thời gian ngọt ngào của anh ấy như thường lệ, vì vậy hãy cho tôi biết khi nào bạn và Patty đã hoàn thành/muốn hút thuốc và tôi sẽ bảo anh ấy chuyên chở mông"
ham,Ok Pa.
ham,Bạn đã nghe nói về công việc đó?
ham,"Chúa nhặt một bông hoa và nhúng Dippeditinadew, yêu thương một cách đáng yêu đã chạm vào nó"
ham,Khi bạn đến ký túc xá.
ham,"Được rồi, tôi không đến sau bữa trưa ..."
ham,Jus nói với bạn dat tôi sẽ rời khỏi 4 Thượng Hải vào ngày 21 thay vào đó vì vậy chúng tôi sẽ có thêm thời gian 2 gặp CYA ...
ham,Bạn có bị đóng băng không?
ham,Tất cả các bạn đã sẵn sàng cho * Ngày trọng đại ngày mai?
ham,Có lẽ tôi sẽ ở xung quanh mu rất nhiều
ham,645
spam,Câu lạc bộ video RT-King Pro >> Cần giúp đỡ?
ham,Thnx anh chàng.
ham,Tôi sef dey cười bạn.
ham,Tôi sef dey cười bạn.
ham,"K, có ý nghĩa, BTW Carlos đang khó khăn nên các bạn sẽ hút thuốc trong khi tôi đi lấy lô thứ hai và lấy xăng"
ham,Bạn đã tải xuống ứng dụng Fring?
ham,Anh chàng 2 oz đang rất tốt nhưng một người bạn quan tâm đến việc chọn $ & lt;#& gt;
ham,Những người bạn mà bạn có thể ở lại trên FB trò chuyện với
ham,"Mẹ kiếp, anh nhớ em rất nhiều !!"
ham,"Sống rất đơn giản .. Yêu cũng đơn giản .. Cười quá đơn giản .. chiến thắng quá đơn giản .. nhưng, 'đơn giản' là rất khó khăn .. gud nite.:-"
spam,"Bạn có một người ngưỡng mộ bí mật, người đang tìm kiếm 2 người liên lạc với bạn, họ đã tiết lộ ai nghĩ rằng bạn rất đặc biệt gọi vào ngày 09058094599"
ham,"Ah, điều đó làm mọi thứ bối rối, không phải û t nó?"
spam,500 tin nhắn văn bản miễn phí.
ham,"Xin chào, hãy gọi cho tôi Urgnt."
ham,Kính gửi làm thế nào bạn.
spam,Bạn đã được chọn để ở trong 1 trong số 250 khách sạn hàng đầu của Anh - không có gì!
ham,Vâng công chúa!
ham,Có vẻ như bạn có nhiều tài năng!
ham,Tôi sẽ đi xem phim 2Day da.
ham,Chúng tôi chưa xem phim rồi.
ham,Xin chào động vật bữa tiệc nhỏ của tôi!
ham,Hôm qua nó chỉ với tôi.
spam,"Eerie Nokia Tones 4U, Tiêu đề Tone Rply tới 8007 ví dụ: Tone Dracula đến 8007 tiêu đề: Ghost, Addamsfa, Munsters, Exorcist, Twilight www.getzed.co.uk POBox36504W45WQ 150P"
ham,"Bạn đã đi vào cuộc sống của tôi và đưa mặt trời .. sáng xuống tôi, làm ấm lòng tôi."
ham,"Không có gì tồi tệ, nhưng tôi không ngạc nhiên, vì vậy tôi đã đi và dành buổi tối với anh chàng người Pháp mà tôi đã gặp ở thị trấn ở đây và chúng tôi đã lừa dối một chút nhưng tôi đã không để anh ấy đụ tôi"
spam,"Mạng 0A $ cho phép các công ty lập hóa đơn cho SMS, vì vậy họ chịu trách nhiệm cho nhà cung cấp \ của họ \ """
ham,Hài kịch tuyệt vời..cant đừng cười DA :)
spam,Freemsg: Feelin kinda lnly hy vọng bạn thích 2 giữ cho tôi công ty!
ham,"Được rồi, tất cả chúng ta đều được đặt ở đây, nhắn tin cho người đàn ông"
ham,"Xin chào, bạn đang ở đâu?"
ham,Ngủ không khỏe
ham,Bạn sẽ chuyển điện thoại của bạn trên chết tiệt !!
ham,Ấn Độ phải dẫn đầu :)
ham,I.ll đăng cô ấy ra l8r.
ham,Anh trai Wat Wright đã làm để bay ..
ham,Buổi tối * v Tốt nếu phần nào sự kiện đầy.
ham,Nếu bạn cười rất to .. nếu bạn nói một cách tự nhiên .. nếu bạn không quan tâm đến những gì người khác cảm thấy .. bạn có lẽ với bạn thân yêu của bạn;
ham,Đó là một máy tính xách tay mang nó theo bạn.
ham,Tôi không có bất kỳ tập tin nào của bạn trong túi của tôi..Tôi đang làm việc khi bạn gọi cho tôi. Tôi sẽ nói với bạn nếu tôi tìm thấy bất cứ thứ gì trong phòng của tôi.
ham,Tôi muốn nhưng quá sớm lei ... tôi bên ngoài bây giờ wun b nhà quá sớm ... neva tâm trí rồi ...
spam,Để có cơ hội giành được Å £ 250 tiền mặt mỗi txt: hành động đến 80608.
ham,Tôi đã ở Bugis Juz bây giờ wat ... nhưng bây giờ tôi đang đi bộ về nhà oredi ... ì ì quá muộn sau đó trả lời ... Tôi đã thấy một dat hàng đầu tôi thích nhưng din mua ... bây giờ r Ì_?
ham,"Chúc bạn và gia đình bạn vui vẻ \ x \ ""Mas và chúc mừng năm mới trước .."""
ham,"Lúc 7 tuổi, chúng tôi sẽ đi ok na."
ham,"Có, tôi đã đăng một vài bức ảnh trên FB."
ham,"S :-) Nếu chúng ta có một quan hệ đối tác tốt, chúng ta sẽ dẫn đầu :)"
spam,Rgent!
ham,"Vâng, lớp học của bạn ở đâu?"
ham,Không chỉ gửi cho bạn.
ham,"Bạn không về nhà giữa lớp, phải không?"
spam,Xin chào nếu bạn trông 4 Saucy ban ngày vui vẻ WIV Busty Married Woman AM miễn phí cả tuần tới Trò chuyện ngay bây giờ 2 giờ sắp xếp 09099726429 Janinexx Call
ham,S nhưng chủ yếu không như vậy.
ham,Ì ì v ma fan ...
ham,Dunno vì tôi đã muộn n khi tôi đến bên trong họ rồi ... nhưng chúng tôi đã ăn Spageddies ... đó là những người đang cười với tôi ...
ham,Đoán xem ai đã dành tất cả đêm qua khi pha vào và ra khỏi chiều thứ tư
ham,"Vì vậy, bây giờ bố tôi sẽ gọi sau khi ông ra khỏi công việc và hỏi tất cả những câu hỏi điên rồ này."
ham,"Vâng..nhưng họ đã nói nó.,"
ham,Rất đau n những dòng ý nghĩa bao giờ: \ Tôi đã thỏa hiệp mọi thứ vì tình yêu của tôi
ham,LMAO! Nice 1
ham,Rất vui khi thấy câu trả lời của bạn.
spam,CẤP BÁCH!
spam,Mật khẩu hàng tháng cho Wap.
ham,Nah dub nhưng anh ấy vẫn buff
ham,Những lời đau đớn- \ Tôi nghĩ rằng hạnh phúc là điều khó khăn nhất trên trái đất ... nhưng
ham,"Vâng, điều đó tốt!"
ham,Lol bạn nghĩ ra những ý tưởng này ở đâu?
ham,"Vì vậy, nhiều người dường như rất đặc biệt ngay từ cái nhìn đầu tiên, nhưng chỉ rất ít người vẫn còn đặc biệt với bạn cho đến khi bạn nhìn thấy .. duy trì chúng cho đến khi cuộc sống kết thúc .. Sh! Jas"
ham,"Hôm nay là \ bài hát dành riêng cho ngày .. \ ""Bạn sẽ dành bài hát nào cho tôi?"
ham,Được rồi ... chúng tôi đợi Ah
ham,Y lei?
ham,"Xin chào babe, bạn rất có thể sẽ ở trên giường nhưng tôi rất xin lỗi về tối nay!"
ham,Đã ngồi xổm là cách đi bộ mới
ham,Bạn có muốn ngọn đuốc 2 hay BB đậm
ham,Chuột rút dừng lại.
spam,Các số Vodafone của ngày kết thúc với 0089 (bốn chữ số cuối cùng của tôi) được chọn để nhận giải thưởng Å £ 350.
spam,Nhạc chuông hàng đầu miễn phí -Sub đến nhạc chuông hàng tuần-get đầu tiên tuần đầu tiên miễn phí đến 81618-?
ham,Nan Sonathaya Soladha.
ham,Mang đến CD không quên
spam,Câu đố về ánh nắng mặt trời wkly Q!
ham,Tôi không biết nhưng tôi đang hãm hiếp các anh chàng poker
ham,Giảm cân!
ham,Là gr8 để xem tin nhắn đó.
ham,Ì atin sau đó nhưng tôi đang ăn wif frens của tôi bây giờ lei ... Ì đang về nhà trước?
ham,Kết thúc rồi ... yar họ cứ nói tôi cảm thấy ... tôi rất xấu hổ ok ...
ham,"Xin lỗi người đàn ông, Stash của tôi đã chạy khô đêm qua và tôi không thể nhận được nhiều hơn cho đến Chủ nhật"
ham,Hai Priya là bạn đúng.
spam,Tin nhắn miễn phí.
ham,Được rồi...
ham,Xin vui lòng yêu cầu mẹ gọi cho cha
ham,Có thể đến phòng của tôi nhưng không thể đến nhà tôi vì nhà tôi vẫn còn lộn xộn ... haha ...
ham,Tôi đã mất 10 kg kể từ ngày hôm nay!
ham,Chỉ nếm thử món cà ri cá:-p
ham,Tôi có thể làm gì?
ham,Yun ah.now Ì_ wkg ở đâu? Btw nếu Ì_ go nus sc.
ham,Đúng!
ham,Đúng!
ham,Người yêu của tôi thế nào?
ham,Bạn gặp fren dun wan khác gặp tôi ah ... muz b một anh chàng nghi thức ...
ham,"(Không có lời hứa nào khi nào mặc dù, thậm chí chưa nhận được bữa tối)"
ham,Tôi đã trở lại của bạn!
ham,Hỡi tôi có tình yêu âm thanh nổi trên điện thoại Mi trong album không xác định.
spam,Hard Live 121 Trò chuyện chỉ 60p/phút.
ham,Vâng tôi không hiểu tại sao không
ham,Hỏi bạn có biết họ hay nó không?
ham,Xin lỗi về sớm hơn.
spam,Ồ!
ham,"Như trong Missionary Hook Up, Doggy Hook Up, đứng ... |"
ham,"Sau đó, tốt hơn là đi ngủ .."
ham,"Chiến đấu với thế giới thật dễ dàng, bạn có thể thắng hoặc thua BT với một số người gần gũi với bạn là khó khăn nếu bạn thua - bạn thua nếu bạn thắng - bạn vẫn thua."
ham,"Chiến đấu với thế giới thật dễ dàng, bạn có thể thắng hoặc thua BT với một số người gần gũi với bạn là khó khăn nếu bạn thua - bạn thua nếu bạn thắng - bạn vẫn thua."
ham,Suy nghĩ bạn có nghĩa là một cái khác.
ham,"Xin chào Jon, Pete ở đây, Ive bin 2 Tây Ban Nha gần đây & hav Sum Dinero rời đi, Bill cho biết U hoặc Ur"
ham,Có 2 & lt;#& gt;
ham,Có 2 & lt;#& gt;
ham,
ham,Tôi đã đến trung tâm dự án
ham,Theo yêu cầu của bạn 'Maangalyam (alaipayuthe)' đã được đặt làm người gọi của bạn cho tất cả người gọi.
ham,Lol yeah tại thời điểm này tôi đoán là không
ham,Làm dự án w frens lor.
ham,Cười.
ham,"K, điều đó có thể xảy ra tối nay không?"
spam,"Xin chào, đây là cuộc gọi của Mandy Sullivan từ Hotmix FM ... bạn được chọn để nhận Å £ 5000.00 trong lần rút giải thưởng Phục sinh của chúng tôi ..... vui lòng gọi điện thoại 09041940223 để yêu cầu trước ngày 29/03/05 hoặc giải thưởng của bạn sẽ được chuyển cho ai đó"
ham,"Tôi nghĩ bây giờ chúng ta sẽ đến Finn, hãy đến"
ham,Tại sao bạn có những gì đặc biệt ở đó bạn có
ham,Tôi sẽ đến vào ngày mai DI
ham,Tôi không thể chọn điện thoại ngay bây giờ.
ham,K đi và ngủ ngon.
ham,Các bạn không bao giờ mời tôi ở bất cứ đâu :(
spam,Ur đi 2 Bahamas!
ham,Tôi có thể làm điều đó!
ham,\ EY!
ham,Tôi thích rượu vang và ăn tối người phụ nữ của tôi!
spam,Tôi thích rượu vang và ăn tối người phụ nữ của tôi!
ham,"Iåõm cool ta luv nhưng v.tired 2 vì tôi đã thực hiện vô số kế hoạch tất cả các tuần, chúng tôi đã có kiểm tra dịch vụ xã hội của chúng tôi tại nhà trẻ!"
ham,Tôi không biết chi tiết tài khoản..Tôi sẽ hỏi mẹ tôi và gửi cho bạn. Mẹ tôi đã ở ngoài tầm với.
ham,Tôi nghĩ rằng bạn có số sai.
ham,Tôi nghĩ rằng bạn có số sai.
ham,Đừng b muộn tình yêu mẹ
ham,Hiểu rồi..mail panren paru ..
ham,* Đã nghĩ về Chuckin Ur Red Green và Black Trainers 2 Lưu tiếp tục sau đó trở về tàu
ham,Vui lòng cho một lần bỏ lỡ từ số đó
ham,Jus trở lại sau bữa trưa chỉ với chị của tôi.
ham,Lịch trình của bạn như thế nào vào tuần tới?
ham,Thực sự tốt :) Dhanush Rocks một lần nữa :)
ham,"Lmao ok, tôi sẽ không cần bạn làm tóc của tôi nữa."
ham,"Cô ya, cần ya, muốn ya, yêu ya."
ham,"Xin lỗi, tôi không rảnh ..."
ham,Bạn có bao giờ nhận được một bài hát bị mắc kẹt trong đầu bạn mà không có lý do và nó sẽ không biến mất cho đến khi bạn nghe nó như 5 lần?
ham,Chưa có chikku..simple habba..tôi về bạn?
ham,Chưa có chikku..simple habba..tôi về bạn?
ham,Đôi khi trái tim nhớ lại ai đó rất nhiều ... quên mất ai đó sớm ... trái tim bcoz sẽ không thích tất cả mọi người.
ham,Cha của Joy là John.
spam,Xin chào 07734396839 Cung cấp khách hàng khách hàng của IBH: Mobile Nokia6600 mới chỉ từ Å £ 10 tại TXTAuction!
ham,"Xin chào, đây là yijue ... nó liên quan đến sách giáo khoa 3230, đó là giới thiệu của thuật toán phiên bản thứ hai ... Tôi đang bán nó với giá 50 đô la ..."
spam,Phiên đấu giá SMS Bạn đã giành được Nokia 7250i.
ham,"K, muốn chúng ta đến ngay bây giờ?"
ham,Làm sao.
ham,Ha ... cả hai chúng tôi làm điều tương tự.
ham,Đừng thể hiện bản thân.
ham,Xem TV ngay bây giờ.
ham,Chào buổi chiều Buns gợi cảm!
ham,"Tôi sẽ không đến, làm bất cứ điều gì bạn muốn"
ham,"Nó ok chikku, và đó là 1 bài hát yêu thích của tôi .. :-)"
ham,Bạn có thấy những gì tôi đã đăng trên facebook của bạn không?
spam,Gọi Freephone 0800 542 0578 ngay!
spam,Mua không gian xâm lược 4 A Chance 2 Win orig arcade Game Console.
ham,"7 Điều kỳ diệu trong thế giới của tôi thứ 7 bạn thứ 6 của bạn Phong cách thứ 5 nụ cười thứ 4 của bạn, tính cách thứ 3 của bạn tự nhiên thứ 2 của bạn SMS và 1st \ ur tình bạn đáng yêu \ ""... Chào buổi sáng thân yêu"""
spam,Khoản vay cho bất kỳ mục đích Å £ 500 - Å £ 75.000.
spam,Người anh lớn cảnh báo!
ham,";-( oh tốt, c bạn sau"
ham,Các chú của tôi ở Atlanta.
ham,"Không thân yêu, tôi có tin nhắn miễn phí mà không cần sạc lại."
ham,"Đừng tìm kiếm tình yêu, hãy để tình yêu tìm thấy U. Đó là lý do tại sao nó được gọi là yêu, bcoz bạn không ép buộc chính mình, bạn chỉ ngã và bạn biết có smeone để giữ bạn ... bslvyl"
ham,Tôi không tin bạn.
ham,Bạn có biết tại sao Chúa tạo ra khoảng cách giữa các ngón tay của bạn ..?
ham,Có :) Sura trong Sun TV.:)lol.
ham,Arun bạn có thể transfr tôi d amp
ham,"Takin một vòi hoa sen bây giờ nhưng vâng, tôi sẽ rời đi khi tôi hoàn thành"
ham,"Tôi không làm việc nhưng tôi đã ở mắt triết học, vì vậy sẽ nhắn tin cho bạn sau này khi trò chuyện miễn phí hơn một chút ..."
ham,U Havenåõt mất tôi luôn luôn b ở đây 4u.i không có ý định 2 làm tổn thương bạn nhưng tôi không bao giờ biết bạn cảm thấy thế nào về tôi khi Iwas+Marine & đó là những gì itried2tell urmom.
spam,Chiến thắng: Chúng tôi có một người chiến thắng!
ham,Bạn là cô gái xấu.
ham,Tôi đã cho bạn bao nhiêu.
ham,Tôi hy vọng em yêu của em?
ham,"Này, bạn có thể cho tôi biết địa chỉ của Blake không?"
ham,Tôi có thể hiểu ý kiến của bạn về một cái gì đó đầu tiên không?
ham,"Đó là một tuần rời đi, tôi đã biết thời gian đó."
ham,"Nếu chúng tôi đánh nó đi, bạn có thể chuyển đến với tôi :)"
ham,xuất sắc.
ham,Tôi muốn xem bộ phim đó
ham,Ok lor Thanx ... ìa ở trường?
ham,Tôi đang ở trong lớp.
ham,Xe buýt rời khỏi & lt;#& gt;
ham,Chúa phù hộ. Hãy ngủ ngon thân yêu của tôi ... Tôi sẽ cầu nguyện!
spam,Các số Voda Today kết thúc 1225 được chọn để nhận £ £ 50Award.
ham,Hôm nay có một ngày tốt lành.
ham,Aiyo một chút pai seh Ì_ noe ... sợ anh ta không biết tôi là ai sau đó chết ... hee ... nhưng anh ta trở nên nhìn tốt hơn oredi leh ...
ham,"Aight, tôi sẽ hỏi một vài người bạn cùng phòng của tôi"
ham,"Bây giờ, ngôi nhà của bạn # một lần nữa?"
ham,Có phải ì_ tất cả wan 2 gặp nhau n kết hợp tất cả các bộ phận?
ham,\ Nhận vé 4 Walsall Tue ngày 6 tháng 3.
ham,"Vâng, chúng tôi cũng đang trò chuyện."
ham,"Vâng, chúng tôi cũng đang trò chuyện."
ham,Sian ... AFT Gặp giám sát viên có công việc 2 domo ... bạn đang làm việc bây giờ?
ham,Bạn sẽ viết bài kiểm tra CCNA trong tuần này ??
ham,Tôi sẽ xem Shrek trong 3D !! B)
ham,Tôi sẽ xem Shrek trong 3D !! B)
ham,Dunno dat wat anh ấy nói với tôi.
ham,Tôi có thể sẽ đến vào ngày mai (hoặc thậm chí muộn hơn tối nay nếu có điều gì đó đang xảy ra)
ham,Tôi không thể nói không vì anh ấy là một người đàn ông sắp chết và tôi cảm thấy buồn cho anh ấy nên tôi sẽ đi và tôi chỉ muốn bạn biết rằng tôi có thể sẽ đi muộn vào đêm của bạn
ham,Nếu bạn đang nghĩ đến việc nâng tôi lên thì không.
ham,Giống như bạn ... dun wan ... bạn bạn như tôi đã ah ... wat bạn đang làm bây giờ?
ham,Gửi cho tôi id email của bạn sớm
ham,Wat làm cho một số người thân yêu hơn không chỉ là hạnh phúc mà bạn cảm thấy khi bạn gặp họ mà là nỗi đau mà bạn cảm thấy khi bạn nhớ dem !!!
ham,Anh bạn.
ham,Này người đàn ông tuyệt đẹp.
ham,"Tôi có thể gọi cho bạn sau được không, được không"
spam,Những bức ảnh nóng nhất thẳng vào điện thoại của bạn !!
ham,Đó là cách bạn nên ở lại oh.
ham,Xin chào- Cảm ơn vì đã nhận cuộc gọi đó.
ham,TMR chuyến bay của bạn lúc mấy giờ?
ham,Khi nào tôi nên đến?
ham,Tôi có một dấu vết cắn khá nổi bật trên má phải của tôi
ham,* Sẽ là tháng 9 sau đó!
ham,Bạn có ướt ngay bây giờ không?
ham,Và chồng bạn thế nào.
spam,Trò chuyện hack.
ham,Chúng ta đang làm tiêu chuẩn vào ngày mai?
ham,Vâng.
ham,Tôi đang ở trong văn phòng của bạn na.
ham,"\ Bạn có đến sau không? \ """""
ham,Super Da :) Thay thế tốt cho Murali
ham,Super Da :) Thay thế tốt cho Murali
ham,CHÀO.
ham,Nó ở Anh!
spam,"Nokia hoặc Motorola miễn phí với tối đa 12 phút 1/2Price Linerental, 500 MINS-NET MINS & 100TXT/MTH miễn phí B'tooth*."
ham,Tôi không muốn nghe triết lý.
ham,Bạn có công việc trong wipro :) Bạn sẽ có được mọi thứ trong cuộc sống trong 2 hoặc 3 năm.
ham,"Sau đó, không thể lấy máy tính xách tay?"
ham,Dunno da tiếp theo chương trình sau 6 là 850. Toa Payoh có 650.
spam,Đây là lần thứ 2 chúng tôi đã thử 2 liên hệ u.
ham,Tôi chỉ thực hiện một số khoản thanh toán nên không có nhiều như vậy.
ham,Họ đã không chơi một ngày năm ngoái biết mặc dù họ có đội rất tốt .. như Ấn Độ.
ham,K.:) Bạn là cô gái duy nhất chờ đợi trong lễ tân ah?
ham,Nói điều này từ từ.?
ham,Tôi ghét khi cô ấy làm điều này.
ham,"Thưa ông, tôi đang đợi cuộc gọi của bạn."
ham,Có chuyện gì vậy.
ham,"Nó có thể hoạt động, chúng tôi sẽ đạt được sự đồng thuận tại cuộc họp tiếp theo"
ham,Aiyah rồi tôi đợi lor.
ham,Điều cuối cùng tôi từng muốn làm là làm tổn thương bạn.
ham,Tôi sẽ cho bạn biết khi nó bắt đầu
ham,"Bạn gọi anh ấy bây giờ được rồi, tôi đã nói gọi anh ấy"
ham,Gọi đến số có sẵn trong cuộc hẹn.
ham,Hoặc ì_ đi mua wif anh ấy sau đó tôi gặp Ì_ sau đó có thể không?
ham,Mmmm ... chết tiệt ... không công bằng!
ham,Hôm nay hệ thống của tôi đã sẵn sàng. Tất cả đều tốt và tôi cũng ở trong sâu
ham,Mẹ muốn biết bạn đang ở đâu
ham,"Aight, tôi sẽ nhắn tin cho bạn khi tôi trở lại"
ham,Tôi nghĩ không biết hỗ trợ ass và srt.
ham,"Ồ được rồi, tôi không biết ý của bạn."
spam,Bạn đã giành được một khoản tiền mặt được đảm bảo £ 1000 £ hoặc giải thưởng Å £ 2000. Để yêu cầu giải thưởng yr gọi cho đại diện dịch vụ khách hàng của chúng tôi
spam,"Bạn có muốn xem các bức ảnh xxx của tôi, họ rất nóng, họ gần như bị cấm ở Anh!"
spam,Phần thưởng đặc biệt của HMV 500 pound các chứng từ HMV chính hãng sẽ giành được.
ham,Xem TV ngay bây giờ.
ham,Cây bút này vượt quá một trò đùa.
ham,Tôi đang ở một bữa tiệc với Alex Nichols
spam,"Bạn có một người ngưỡng mộ bí mật, người đang tìm kiếm 2 người liên lạc với bạn, ai là người mà họ tiết lộ ai nghĩ rằng bạn rất đặc biệt gọi vào ngày 09058094594"
ham,"Chỉ cần nhìn thấy cuộc gọi nhỡ của bạn, anh trai thân yêu của tôi."
ham,OK .. ì ì hoàn thành sớm?
ham,"Xin lỗi, tôi không thể giúp bạn về điều này."
ham,"Hãy đến với tôi, nô lệ."
ham,Tôi yêu mông của bạn!
ham,Tôi nghĩ rằng yêu cầu một phòng tập thể dục là lý do cho những người lười biếng.
spam,Thân mến
spam,Cấp bách!
ham,Không. Trên đường về nhà.
ham,Tôi phải thu thập xe da ở 6 lei.
ham,OK nhưng đã kết hợp.
ham,Có lẽ sớm hơn thế nếu nhà ga nơi tôi nghĩ đó là
spam,Gọi 09090900040 & Nghe trò chuyện trực tiếp cực đoan đang diễn ra trong văn phòng ngay bây giờ Total Privacy Không ai biết [sic] của bạn
ham,Chào buổi sáng làm ơn gọi tôi là thưa ngài
spam,"Freemsg hey u, tôi vừa nhận được 1 trong số các video/pic fones này, trả lời hoang dã cho txt này & tôi gửi cho bạn các bức ảnh của tôi"
ham,"Uh, đầu chúng ta không còn nhiều như vậy"
ham,Tôi không phải là bên ngoài cos darren nói rằng bạn đến mua sắm.
ham,"Aight, nghe hay."
ham,Bạn muốn 4 sinh nhật của bạn như thế nào?
ham,Tôi thích làm việc tại nhà :)
ham,Và cô Vday The Parachute và Double Coins ???
ham,"Xin lỗi, tôi sẽ gọi sau"
ham,Chị tôi đã được đặt trong Birla Soft Da :-)
spam,Nhập miễn phí trong 2 comp hàng tuần để có cơ hội giành được iPod.
ham,Wah ... okie okie ... Muz sử dụng e không giới hạn ... haha ...
ham,"Có một số người của Mu, tôi đang ở bàn của Lambda"
ham,Và ngừng là một ông già.
ham,Ello babe u ok?
ham,Xin chào bạn đẹp bạn ok?
ham,"Sau đó, bạn đi ikea str aft dat?"
ham,Vì nó & lt;#& gt;
ham,Lol grr mẹ tôi đang lấy mãi mãi với đơn thuốc của tôi.
ham,Đối với thực sự tho này thật tệ.
ham,Bạn muốn đi?
spam,TextBuddy Trò chuyện mới 2 Guys Horny ở khu vực của bạn 4 chỉ 25p miễn phí 2 Nhận mã bưu điện tìm kiếm hoặc tại gaytextbuddy.com.
ham,Đó không phải là thời điểm trong tháng cũng không phải giữa thời gian?
ham,FFFFF.
ham,Chúng tôi chưa rời đi.
ham,Sê -ri Lifebook của Fujitsu có tốt không?
ham,Yar tôi muốn 2 người bạn yest nhưng muộn rồi ... tôi ở đâu đã có zhong se qing bạn?
ham,Không biết bạn mang theo một số thức ăn
ham,Không có hiện tại và thực phẩm ở đây.
ham,Không có hiện tại và thực phẩm ở đây.
ham,Xin chào.
ham,Được rồi
ham,Chúng tôi không gọi như & lt;#& gt;
ham,Đừng cho một con khỉ chúng tôi nghĩ và tôi chắc chắn không bận tâm.
ham,OMG nó có thể tuyết ở đây tonite!
spam,Gọi từ 08702490080 - Nói với U 2 Gọi 09066358152 để nhận giải thưởng £ 5000.
spam,Mục nhập tuần đầu tiên miễn phí 2 TextPod 4 A Chance 2 Win 40GB iPod hoặc Å £ 250 tiền mặt mỗi tuần.
ham,Tiếp tục không làm phiền cả hai bạn
ham,Pa nói gì với tôi .. Tôi đã đi tắm :-)
ham,Jus đã hoàn thành Avatar Nigro
ham,R bạn quá trầy xước nó?
ham,Hy vọng bạn đang có một ngày tuyệt vời.
ham,Có phải một trong hai bạn có bất kỳ ý tưởng nào không?
ham,Kế hoạch của tôi thường dừng lại ở \ tìm kiếm cỏ dại hella
ham,Thực tế là bạn đang dọn dẹp cho thấy bạn biết tại sao tôi khó chịu.
ham,Xuất sắc!
spam,Nhiều người đang ở trong khu vực của bạn bây giờ.
ham,Dude Avatar 3D là imp.
spam,LÀM TỐT!
ham,K ... K :) Tại sao bạn không thể đến đây và tìm kiếm công việc :)
ham,Tôi có giấc ngủ tệ hại.
ham,"Vâng, tôi sẽ rời đi trong một vài phút & amp;"
ham,Có thể gọi cho tôi lúc 10:10 để đảm bảo rằng tôi đã thức dậy ...
ham,"Này, chúng ta có thể đi sức mạnh jazz yoga hip hop kb và yogasana"
ham,Pin dành cho ông Adewale chú tôi.
ham,Tôi không thể chọn điện thoại ngay bây giờ.
ham,Chờ 2 phút..có tại trạm xe buýt
ham,Oh ic.
ham,Haha ... thực sự oh không ... Làm thế nào?
ham,Nah im goin 2 wrks với j wot bout u?
ham,"Sau đó, chỉ cần ăn một cái chết tiệt và chờ đợi con khỉ của bạn con chó cái của bạn .......... u lỗ đít .................."
ham,Chúc ngủ ngon.
ham,"Aight Tôi cũng sẽ lấy thứ gì đó để ăn, nhắn tin cho tôi khi bạn trở lại MU"
ham,K ... K :) Tại sao bạn không thể đến đây và tìm kiếm công việc :)
ham,K ... K :) Tại sao bạn không thể đến đây và tìm kiếm công việc :)
ham,"Lol ... oh không em yêu, anh sẽ không trượt vào chỗ của bạn sau nửa đêm, nhưng cảm ơn vì lời mời"
ham,Howz câu chuyện về người đó
spam,Đoán xem!
ham,Lol đó sẽ là hoàn vốn tuyệt vời.
spam,Nó đến 80488. 500 tin nhắn văn bản miễn phí của bạn có hiệu lực cho đến ngày 31 tháng 12 năm 2005.
ham,Có :) Nó hoàn toàn ngoài hình thức :) Clark cũng thốt ra chất thải.
ham,Có :) Nó hoàn toàn ngoài hình thức :) Clark cũng thốt ra chất thải.
ham,Cảm ơn.
ham,Bowa lông là gì?
ham,Ngay cả tôi cũng không thể nhắm mắt vào tôi Vava của chúng tôi chơi umma:-D
ham,2 máy tính xách tay ... tôi noe infra nhưng quá chậm lar ... tôi nhanh chóng
spam,Bạn đã giành được một giải thưởng được đảm bảo Å £ 200 hoặc thậm chí Å £ 1000 Cash để nhận Giải thưởng UR Gọi miễn phí theo số 08000407165 (18+) 2 Stop GetStop trên 88222 PHP
ham,NVM không sao ...
ham,Tận hưởng cuộc sống của bạn.
ham,"Vâng, nhưng chúng ta có thể gặp nhau trong thị trấn cos sẽ đến GEP và sau đó về nhà."
ham,Tôi đã hỏi bạn một câu hỏi vài giờ trước.
ham,Điều đó thật tuyệt.
ham,Delhi và Chennai vẫn im lặng.
ham,"Lol được rồi, tôi đã nghĩ rằng quá haha"
spam,Trả lời để giành được 100 bảng hàng tuần!
ham,"Không, tôi đang ở cùng một chiếc thuyền."
ham,Shhhhh không ai được nên biết!
ham,"Xin lỗi, tôi sẽ gọi sau"
ham,"Xin lỗi, tôi sẽ gọi sau để gặp bất kỳ điều gì liên quan đến giao dịch, vui lòng gọi Arul."
ham,"Này, tôi sẽ đến muộn ... Tôi đang ở AMK."
ham,Tôi không nên mua một chiếc xe BMW khẩn cấp..Thôi Vry Urgent.Nhưng hv thiếu & lt;#& gt;
spam,Cấp bách!
ham,Chiều dài giống nhau nhưng E Top ngắn hơn N Tôi đã có một rìa bây giờ.
ham,S..antha num corrcts dane
ham,Không có cuộc gọi..Messages..missed cuộc gọi
ham,"Xin lỗi, tôi sẽ gọi sau"
ham,Bệ của gettin đầy vì vậy tôi có thể đến tối nay
ham,"Chào em yêu, anh vừa trở lại và anh đã có một đêm thực sự tốt đẹp và cảm ơn rất nhiều vì đã gặp bạn vào ngày mai xxx"
ham,Không có Valentine nào khác hả?
spam,Tones miễn phí hy vọng bạn thích nội dung mới của bạn.
ham,Eh den sat u cuốn sách e kb liao huh ...
ham,Bạn đã thực hành Curtsey của mình chưa?
ham,Tôi sẽ đến để lấy dưa chua
ham,"Lol boo, tôi đã hy vọng một tiếng cười"
ham,\ Yeh tôi là def up4 something sat
ham,"Chà, anh phải rời khỏi lớp của anh em yêu ... em chưa bao giờ quay lại với anh ... :-( ... Hy vọng em có một giấc ngủ ngon, tình yêu của anh"
ham,LMAO bộ nhớ cá của bạn ở đâu khi tôi cần?
ham,Nhưng tôi sẽ đi 2 sch trên mon.
ham,Ý tưởng sẽ sớm được chuyển đổi thành sống :)
spam,Themob> yo yo yo-here đến một lựa chọn mới về tải xuống nóng cho các thành viên của chúng tôi để nhận miễn phí!
ham,S .... S ... Ấn Độ sẽ vẽ loạt bài sau nhiều năm ở vùng đất Nam Phi ..
ham,"Goodmorning, hôm nay tôi đến muộn & lt; thập phân & gt;"
ham,Không thể đảm nhận bất kỳ vai trò chính nào trong tiếp cận cộng đồng.
ham,Mua sắm lor.
ham,Xin chào đây.
ham,Xem tin nhắn chuyển tiếp để được chứng minh
ham,Tôi không thể tiếp tục trải qua điều này.
ham,Dunno lei ... tôi thk mum lười đi ra ngoài ... tôi neva hỏi cô ấy ...
ham,Làm bất cứ điều gì bạn muốn.
ham,Làm bất cứ điều gì bạn muốn.
spam,Tin tuyệt vời!
ham,Ambrith..madurai..met u in arun dha marrge..remembr?
ham,"Chỉ cần đọc lại nó và tôi không có gì xấu hổ nhưng hãy cho tôi biết anh ấy lấy nó như thế nào và nếu anh ấy chạy, tôi sẽ đổ lỗi cho bạn 4 bao giờ !!"
ham,"Công chúa, mèo con của bạn bị cạo hay tự nhiên?"
ham,Tốt hơn b.
ham,Ya nó đã đến một thời gian trước
ham,"Từ ngày mai trở đi, 6 đến 3 công việc."
ham,Bất cứ điều gì nhưng toa payoh đã có nơi 2 đi bộ meh ...
ham,Bất cứ điều gì nhưng toa payoh đã có nơi 2 đi bộ meh ...
spam,"Bạn có thể giành được Å £ 100 của các phiếu quà tặng âm nhạc mỗi tuần bắt đầu từ bây giờ TXT từ rút tới 87066 tscs www.ldew.com skillgame, 1Winaweek, Age16.150ppermesssub"
ham,Có bất kỳ rạp chiếu phim nào tôi có thể đến và xem phim không giới hạn và chỉ trả tiền một lần không?
ham,Bạn ăn trưa một mình?
ham,"Có rõ ràng, nhưng bạn là những quả trứng-ptt và đầu khoai tây ‰ û_ nói sớm!"
ham,"Không, người đàn ông, xe của tôi có nghĩa là bị nhồi nhét đầy đủ người"
ham,"Không có công việc mới tại quán bar ở sân bay trên Satsgettin 4,47 người nhưng có nghĩa là không nằm trong!"
ham,Kallis đã sẵn sàng cho Bat trong hiệp thứ 2
ham,Thanx nhưng sinh nhật của tôi đã kết thúc.
ham,"Ugh y không thể xin lỗi, thừa nhận bạn đã sai và yêu cầu tôi đưa bạn trở lại?"
ham,"I noe la ... u wana pei bf oso rite ... k lor, những ngày khác den ..."
ham,"Vâng, tôi là một đứa trẻ nhỏ .. và Boost là bí mật năng lượng của tôi .."
ham,Tôi sẽ nhớ bạn rất nhiều
ham,Avatar có được cho là có phụ đề không
ham,Đơn giản chỉ cần ngồi xem trận đấu trong văn phòng ..
ham,Bạn có thể ghi lại những điều bạn muốn nhớ sau.
ham,"Ồ xin lỗi, xin vui lòng nó đã kết thúc"
ham,"Này, chúng ta đang đi học tập LO hay phòng tập thể dục?"
ham,Đừng đóng gói những gì bạn có thể mua tại bất kỳ cửa hàng nào. Lãnh đạo ngũ cốc.
ham,Bạn luôn làm cho mọi thứ lớn hơn chúng
ham,"""Dun wan để xem ngoại tình?"
ham,"Tôi không thức dậy cho đến 4 giờ chiều, sup"
spam,4mths Half Price Orange Line Cho thuê & điện thoại camera mới nhất 4 miễn phí.
ham,Tôi có thể gửi cho bạn một bức ảnh nếu bạn thích :)
ham,Được rồi ... Tôi đã đặt tất cả đã ... bao gồm cả một tại Bugis.
ham,"Aight fuck it, tôi sẽ lấy nó sau"
ham,Không de.
ham,"Vì vậy, đừng sử dụng kết nối bất kỳ cách nào"
ham,BlackBerry Bold2 ở Nigeria là bao nhiêu.
ham,Xin chào bạn ở đâu.
ham,Này darlin .. tôi có thể đón bạn ở trường đại học nếu bạn nói với tôi wen & ở đâu 2 mt .. yêu pete xx
spam,Gọi 09094100151 để sử dụng các phút của bạn!
ham,"Ồ ... Tôi đã nghĩ đến việc đi Yogasana lúc 10 giờ không có ND để đi lúc 3 den có thể vội vàng đến Parco 4 nb ... okie lor, bạn gọi cho tôi khi sẵn sàng ..."
ham,Y muộn quá nhưng tôi cần đi n lấy máy tính xách tay ...
ham,"Thưa ông, tôi đang đợi thư của bạn."
ham,. Vui lòng tính phí điện thoại di động của tôi khi bạn thức dậy vào buổi sáng.
ham,"Không có gì, tôi nhận được tin nhắn từ không xác định không .."
ham,"Ugh chết tiệt, tôi đang tiếp tục đến đêm giao thừa"
ham,Anh ta không nhìn thấy cái bóng của mình.
ham,Tôi đã làm.
ham,Chào !
ham,Có đào tạo nào vào ngày mai không?
spam,CẤP BÁCH!
ham,Vượt qua tất cả các liên hệ của bạn n xem wat bạn nhận được!
ham,Cos bố sắp xếp thời gian c wat thời gian tìm kiếm ì_ mah ...
ham,Sau đó.
ham,Ai ở đó nói lời chào với người ma túy của chúng tôi
ham,Thật khó để tin những thứ như thế này.
spam,"Eerie Nokia Tones 4U, Tiêu đề Tone Rply tới 8007 ví dụ: Tone Dracula đến 8007 tiêu đề: Ghost, Addamsfa, Munsters, Exorcist, Twilight www.getzed.co.uk POBox36504W45WQ 150P"
spam,"Eerie Nokia Tones 4U, Tiêu đề Tone Rply tới 8007 ví dụ: Tone Dracula đến 8007 tiêu đề: Ghost, Addamsfa, Munsters, Exorcist, Twilight www.getzed.co.uk POBox36504W45WQ 150P"
ham,Chúc ngủ ngon thân yêu của tôi .. Sleepwell & amp; chăm sóc
ham,Đó là bài hát kỳ diệu
spam,"Freemsg: Yêu cầu UR 250 Tin nhắn SMS-Text OK đến 84025 ngay! Sử dụng Web2Mobile 2 Ur Mates, v.v. Tham gia TXT250.com với giá 1.50p/tuần."
ham,Yar lor thực sự chúng tôi khá nhanh ... cos da ge slow wat ... haha ...
ham,Phải đến sau .. Tôi thường tắm cho anh ấy vào buổi chiều mah ..
ham,Tin tôi đi.
ham,Này Hun-onbus Goin 2 gặp anh ấy.
spam,85233 miễn phí> Nhạc chuông! Trả lời thật
ham,Tôi có thể đưa bạn vào lúc trưa
ham,Nó đâu rồi.
ham,Tôi là một người phụ nữ.
ham,Tôi đã xong oredi ...
ham,"Bạn cũng ngọt ngào, công chúa."
ham,Bạn có khỏe không.
ham,Moji tôi yêu bạn nhiều hơn lời nói.
ham,Anh bạn làm thế nào để bạn thích gió buff.
ham,\ Được rồi em yêu
spam,\ Được rồi em yêu
ham,"Không, tôi không."
ham,S :-) Kallis sẽ không chơi trong hai ODI đầu tiên :-)
ham,Sau đó lấy một số tiền mặt cùng nhau và tôi sẽ nhắn tin cho Jason
ham,"Ôi, tình yêu của tôi, thật tốt khi nghe từ bạn."
spam,Cơ hội cuối cùng!
spam,RIÊNG TƯ!
ham,"Có lẽ, muốn nhận thêm?"
ham,Tôi đã xong ...
ham,Bạn là cô gái dễ thương nhất trên thế giới hay những gì
ham,"Không có xúc xắc, nghệ thuật lớp 6 đến 9 :( cảm ơn. Bất cứ điều gì tôi nên đến vào ngày mai?"
spam,Dịch vụ SMS.
ham,Ôi làm thế nào
ham,Tôi thk 530 lor.
ham,Audrie tự động hóa
ham,Đó là một trang web để mô phỏng bài kiểm tra.
ham,Dù sao nghiêm trọng đánh tôi khi bạn trở lại bởi vì nếu không tôi phải thắp sáng với Armand và anh ấy luôn có shit và/hoặc đang nôn mửa
ham,Tôi lấy yun hay bạn đang lấy?
ham,Cảm ơn.
ham,"Hmmm ... Và hãy tưởng tượng sau khi bạn về nhà từ đó phải xoa chân tôi, làm cho tôi ăn tối và giúp tôi sẵn sàng cho buổi hẹn hò của mình!"
spam,"Free2day sexy St George's Day Pic of jordan! Txt pic to 89080 đừng bỏ lỡ, sau đó mỗi wk a daicy celeb! 4 bức ảnh nữa"
ham,Lara cho biết cô ấy có thể cho tôi mượn tôi & lt;#& gt;
ham,Chúng tôi có bất kỳ nguồn cung cấp năng lượng dự phòng nào không
ham,Anh anh khá thông minh nhưng sau nhiều người đoán lor.
spam,Bạn là một người chiến thắng mà bạn đã được chọn đặc biệt để nhận £ 1000 tiền mặt hoặc giải thưởng Å £ 2000.
ham,"Vâng, đừng đi ngủ, tôi sẽ trở lại trước nửa đêm"
spam,Ngày lễ nắng.
ham,"Vâng, tôi đã không có sẵn vì tôi Washob Nobbing với đêm qua nên họ phải hỏi Nickey Platt thay vì tôi !;"
ham,"Đó là thời gian trong tuần một lần nữa, Ryan"
ham,Chúc bạn nhiều lần trở lại trong ngày .. Chúc mừng sinh nhật Vikky ..
spam,"Bạn có thể giành được Å £ 100 của các phiếu quà tặng âm nhạc mỗi tuần bắt đầu từ ngay từ đó rút thăm tới 87066 tscs www.idew.com skillgame, 1Winaweek, Age16."
ham,Tôi hy vọng bạn biết tôi vẫn còn giận bạn.
ham,"Argh 3G của tôi là Spotty, dù sao thì điều duy nhất tôi nhớ từ nghiên cứu chúng tôi đã làm là tỉnh và Sterling là những nơi duy nhất không có vấn đề"
ham,
ham,Bạn có biết khi nào kết quả.
spam,"+123 Xin chúc mừng - Trong cuộc thi Draw của tuần này, U đã giành được giải thưởng Å £ 1450 để yêu cầu chỉ gọi 09050002311 B4280703."
ham,"Sự thật tuyệt vời chống lại trọng lực .. Đọc kỹ: \ Trái tim của chúng ta cảm thấy nhẹ nhàng khi ai đó ở trong đó .. nhưng nó cảm thấy rất nặng nề khi ai đó rời khỏi nó .. \ ""Chúc ngủ ngon"""
ham,"Xin lỗi, tôi thức dậy ngay bây giờ, cảm thấy thực sự tồi tệ- hoàn toàn từ chối điều đó."
ham,Bạn có rất nhiều kim cương
ham,Tessy..pls giúp tôi một việc.
ham,Tôi sẽ trở thành một người dì!
ham,Của tôi ở đây giống như tất cả Fr China sau đó rất ồn ào.
ham,Của tôi ở đây giống như tất cả Fr China sau đó rất ồn ào.
ham,"S ... từ hướng dẫn đào tạo, nó cho thấy không có quy trình công nghệ :) Tất cả về việc đặt lại mật khẩu và khắc phục sự cố :)"
spam,Phiếu chứng từ B4U của bạn với 27/03 là Marsms.
ham,Đã nói chuyện với chú John hôm nay.
ham,"Nếu anh ta bắt đầu tìm kiếm, anh ta sẽ nhận được công việc trong vài ngày. Anh ta có tiềm năng và tài năng lớn."
ham,"Carlos mất một lúc (một lần nữa), chúng tôi rời đi trong một phút"
ham,Làm tốt và!
ham,Vậy thì tại sao bạn đến ký túc xá.
ham,K vẫn là bạn yêu tôi.
ham,Nhưng tôi đã nhớ rằng tôi phải tắm cho con chó của tôi hôm nay ..
ham,"Sau khi thuốc, cô sẽ có thể ăn."
ham,"Được rồi, lấy morphin."
ham,Bạn thấy các yêu cầu xin vui lòng
ham,"Bạn tránh xa rắc rối Stranger !! đã thấy Dave vào một ngày khác, anh ấy đã sắp xếp ngay bây giờ! Vẫn còn với tôi khi bạn có một cô gái Mr! Ur Mum vẫn nghĩ rằng chúng tôi sẽ nhận được 2Getha!"
spam,"Bạn tránh xa rắc rối Stranger !! đã thấy Dave vào một ngày khác, anh ấy đã sắp xếp ngay bây giờ! Vẫn còn với tôi khi bạn có một cô gái Mr! Ur Mum vẫn nghĩ rằng chúng tôi sẽ nhận được 2Getha!"
spam,Ngày lễ nắng.
ham,"Vì vậy, có thể thu thập máy tính xách tay của bạn?"
ham,Được rồi.
ham,Tôi sẽ một lần tôi về nhà
ham,Waaaat ??
ham,"Cái bàn bị chiếm đóng, tôi đang đợi cây"
ham,Tôi chắc chắn không quên đến :) Tôi sẽ luôn liên lạc với bạn :-)
ham,Xin chào vui lòng trả lại cho chúng tôi các tài liệu của chúng tôi mà chúng tôi đã gửi cho khoản vay từ Stapati
ham,Tôi không có tôi sẽ mua một cái thân yêu
ham,"Ôi trời, tôi rất vui khi thấy tin nhắn của bạn sau 3 ngày"
ham,Năm nào.
ham,Này Cutie.
ham,Câu chuyện đáng buồn về một người đàn ông - tuần trước là ngày của tôi.
ham,Tôi nghĩ bạn nên đi con đường trung thực.
spam,Miễn phí cho tuần đầu tiên!
ham,Không. Nó không chuyên môn hóa.
ham,Cô ấy đang trả lời.
ham,"1) Đi để viết MSG 2) Đặt vào chế độ từ điển 3) Che màn hình bằng tay, 4) Nhấn & lt;#& gt;"
ham,"Xin chào em yêu, anh đang trên đường đến London và chúng tôi vừa bị một người lái xe khác đập phá!"
ham,"Không có gì thực sự, chỉ cần đảm bảo mọi người lên đến tốc độ"
ham,Tôi sẽ không về nhà 4 bữa tối.
ham,Cảm ơn.
ham,Có. Anh ấy có tâm trí tốt bụng
ham,Thx.
spam,"Mua sắm cho đến khi bạn thả, có phải là bạn, hoặc là 10k, 5k, Å £ 500 tiền mặt hoặc Å £ 100 Voucher du lịch, Gọi ngay, 09064011000."
ham,\ Tôi có thể vui lòng đến ngay bây giờ tôi đang ở trong thị trấn không. Không vấn đề gì nếu Urgoin Outl8r
ham,Tôi sẽ không.
ham,Yavnt đã thử chưa và chưa bao giờ chơi bản gốc
ham,"Hiya, đã có một ngày tốt lành?"
ham,Nhìn thấy?
ham,Tôi đang làm việc.
ham,Hãy sẵn sàng để rên rỉ và hét lên :)
ham,Oh k :) tại sao bạn có công việc thì có chuyện gì vậy?
ham,Tôi không nghĩ vậy.
ham,Và popping & lt;#& gt;
ham,Em yêu!
ham,Được rồi.
ham,PS bạn không có bạn lớn lên ngay bây giờ phải không?
ham,PS bạn không có bạn lớn lên ngay bây giờ phải không?
ham,"Khu phố Tàu có cháo, gạo claypot, bánh yam, beehoon cá ... hoặc chúng tôi ăn den giá rẻ đi cafe n tok hoặc đi nydc hoặc somethin ..."
ham,Sự tinh khiết của tình bạn giữa hai người không phải là mỉm cười sau khi đọc tin nhắn được chuyển tiếp..trong về việc mỉm cười chỉ bằng cách nhìn thấy cái tên.
ham,"Vì vậy, có bất cứ điều gì cụ thể tôi nên làm liên quan đến jaklin hay những gì bởi vì idk cái gì vậy"
ham,Ôi Chúa ơi.
spam,"Điện thoại camera miễn phí với lớp lót từ 4,49/tháng với 750 phút NTWK."
ham,Yup tôi nên có là 10 trang nếu tôi thêm số liệu ... tất cả đều có bao nhiêu trang?
ham,"Ooh, 4got, tôi sẽ bắt đầu nhảy bụng trong Moseley Weds 6.30 Nếu bạn muốn 2 tham gia cùng tôi, họ cũng có một quán cà phê."
ham,Cảm ơn bạn rất nhiều vì cuộc gọi.
ham,Xin chúc mừng!
ham,Tôi gọi nhưng không ai nhấc điện thoại e.
ham,"Xin chào, địa chỉ email của tôi đã thay đổi bây giờ nó là"
ham,Có giá trị lớn.
ham,"Không nhiều, chỉ là một số văn bản '."
ham,Mang nó nếu bạn có nó
ham,Tôi đang ở trong một bộ phim.
ham,Không chắc tôi có dạ dày cho nó ...
ham,Haha ... có thể ... nhưng tôi đang ăn tối với anh họ của mình ...
ham,Một cậu bé đã đến cuối 2 nhà.
ham,"(Và người đàn ông của tôi Carlos chắc chắn sẽ đến MU tối nay, không có lý do)"
ham,Chẳng mấy chốc bạn sẽ có công chúa thật!
ham,Raji..pls giúp tôi một việc.
ham,"Haha, đôi chân và cổ của tôi đang giết chết tôi và Amigos của tôi đang hy vọng kết thúc đêm bằng một vết bỏng, nghĩ rằng tôi có thể đung đưa trong một giờ?"
spam,CẤP BÁCH!
ham,Thông thường cơ thể chăm sóc nó mua để đảm bảo nó không tiến triển.
spam,CẤP BÁCH!!
ham,"Hmm tốt, đêm đêm"
ham,Chỉ muốn nói rằng thánh chết tiệt các bạn không đùa về chồi này
ham,"Chỉ cần gettin một chút arty với các ảnh ghép của tôi ở mo, cũng cố gắng"
ham,"Đây là một trong những ngày bạn có một tỷ lớp, phải không?"
ham,"Chào buổi sáng, hôm nay tôi đến muộn 2 giờ."
ham,"Được rồi, tôi sẽ cho anh ấy ngay bây giờ và hỏi anh ấy gọi cho bạn vào ngày mai ..."
ham,Bohha..Tôi xin lỗi..Trom thực sự ... từ trái tim tôi xin lỗi
ham,"Được rồi, tôi đang đi bộ và bây giờ ... bạn có muốn tôi 2 mua bất cứ thứ gì đi nhà của bạn không?"
ham,* Sẽ có thêm hai thùng xe nữa và rất hài lòng với các kệ
ham,Rất vui được nói chuyện với bạn!
spam,Bạn đã giành được một khoản tiền mặt £ 1000 được đảm bảo hoặc giải thưởng Å £ 2000.
ham,Nhưng thực sự khá hài hước lor wat ... sau đó bạn nên chạy khoảng cách ngắn hơn ...
ham,Tôi nhận thấy bạn thích nhìn vào tấm gương shit bạn đang biến thành một kẻ lập dị bên phải
ham,Tôi nhận thấy bạn thích nhìn vào tấm gương shit bạn đang biến thành một kẻ lập dị bên phải
spam,"Cảm ơn đơn đặt hàng nhạc chuông của bạn, số ref K718."
ham,"Cảm ơn đơn đặt hàng nhạc chuông của bạn, số ref K718."
ham,Alrite Jod làm thế nào sửa đổi?
ham,Nếu bạn có tin tôi.
ham,Oh k.k..trong bạn đã làm bài kiểm tra ở đâu?
ham,Đó là những ý định chính xác của tôi
ham,haha nhưng không có tiền leh ... sau đó phải đi học phí ... haha và tìm kiếm các vị trí trống để học lái xe
ham,"Này ... chúng tôi sẽ đi theo những gì chúng ta đã thảo luận ngày hôm qua, ngoại trừ không có KB trên mặt trời ... vì có nhiều bài học để đi nếu chúng ta tham dự KB trên SAT ..."
ham,"K, wen bạn miễn phí đến nhà tôi và cũng nói với Vikky rằng tôi cũng đã gửi thư cho anh ấy .. tốt hơn là đến buổi tối, tôi sẽ được tự do hôm nay sau 6 giờ tối .. :-)"
ham,Không có gì chỉ nhận được tin nhắn bằng tên dis với không khác ..
ham,Chào buổi sáng làm ơn gọi tôi là thưa ngài
ham,Số phòng của bạn một lần nữa?
ham,\ Si.como không?!
ham,Làm ơn nói với Nelson rằng BB không còn nữa. Số tiền tôi đang mong đợi
ham,"Cho cô ấy một cái gì đó để uống, nếu cô ấy lấy nó và không nôn thì bạn có thể giảm."
ham,Nghĩ rằng bạn đã gửi văn bản đến điện thoại nhà.
ham,Mỗi ngày tôi sử dụng để ngủ sau & lt;#& gt;
ham,K Tôi sẽ gọi cho bạn khi tôi gần gũi
ham,Bạn đã mua báo rồi?
ham,Nope wif sis lor của tôi ... sau khi tắm cho con chó của tôi sau đó tôi có thể tắm ... có vẻ như trời sẽ sớm mưa.
ham,Boo Tôi đang trên đường đến với mẹ tôi.
ham,Không có câu đố quản lý.
ham,Làm thế nào bạn tìm ra theo cách không bao gồm tất cả các chi tiết này
spam,Chào ya babe x u 4goten bout me? '
spam,Quay lại 2 làm việc 2Morro Half Half Hales!
ham,Bạn sẽ muốn được hư hỏng?
spam,"Cảm ơn đơn đặt hàng nhạc chuông của bạn, số ref R836."
ham,Tôi đang nhận được các mối đe dọa từ giám đốc bán hàng của bạn Shifad khi tôi đưa ra khiếu nại chống lại anh ta.
ham,Hy vọng mọi thứ diễn ra tốt đẹp ở 'bác sĩ';) nhắc nhở tôi rằng tôi vẫn cần 2go.
ham,Den wat sẽ lên lịch b lk trên mặt trời?
ham,LOL Bạn thích đóng vai nhiều?
ham,Được rồi.
ham,Tôi chỉ yêu dòng này: \ làm tổn thương tôi với sự thật
ham,"Chỉ cần kiểm tra, đi ra ngoài để thả đồ của tôi ngay bây giờ"
ham,Ở đây có rất nhiều thợ làm tóc Fr China.
ham,Câu chuyện buồn về một người đàn ông - tuần trước là sinh nhật của tôi.
ham,Tôi sẽ gọi bạn là một số ý tưởng.
spam,Splash Mobile: Chọn từ 1000 âm GR8 mỗi tuần!
ham,Bạn đã cho anh ta thấy và anh ta đã nói hay bạn không thể c anh ta 4 bụi?
ham,Nó nên mất khoảng & lt;#& gt;
spam,Không được nghe từ U4 một thời gian.
ham,Được rồi .
ham,Tôi không thể chọn điện thoại ngay bây giờ.
spam,<Được chuyển tiếp từ 88877> Nhập miễn phí vào Å £ 250 của chúng tôi comp chỉ cần gửi từ nhập tới 88877 ngay bây giờ.
ham,Hoàn thành Liao ... u?
spam,88066 từ 88066 đã mất 3 pound trợ giúp
ham,Haha tôi nghĩ tôi cũng vậy
ham,Bạn biết chúng tôi xem tại Lido?
ham,Cuộc sống dành cho ai đó suốt đời có thể là vô nghĩa nhưng một vài khoảnh khắc dành cho một người thực sự yêu bạn có nghĩa là nhiều hơn chính cuộc sống ..
ham,"Haha Tuyệt vời, tôi đã đến 4U một vài lần."
ham,Lạnh lẽo.
ham,Nghĩ rằng tôi có thể dừng lại trong như một giờ hoặc lâu hơn?
ham,Đó là trên telly?
ham,Yêu em Aathi..Love U Rất nhiều ..
ham,Xin chào!
ham,Hmm ... Tin xấu ... Hyde Park Plaza $ 700 Studio được thực hiện ... chỉ còn lại 2 phòng ngủ-$ 900 ...
ham,"Xin lỗi, tôi sẽ gọi sau trong cuộc họp"
ham,R Ì_ comin trở lại cho bữa tối?
ham,Tôi gần như đã đạt được.
ham,Người mà bạn đã chờ đợi ngày hôm qua
ham,Tôi đến nhà an toàn n âm thanh liao ...
ham,"Velly Tốt, vâng xin vui lòng!"
ham,"Xin chào, WKEND OK nhưng hành trình khủng khiếp."
ham,Tôi đã có thêm hai chữ cái từ.
ham,Alex biết một anh chàng bán Mids nhưng anh ta ở South Tampa và tôi không nghĩ mình có thể thiết lập nó trước khi như 8
ham,Bạn không có lời đề nghị tin nhắn
spam,Có 11 phút di động của bạn?
ham,"Này em yêu, em thế nào rồi?"
ham,Nhắc nhở tôi làm thế nào để đến đó và tôi sẽ làm như vậy
ham,:-( Đó không phải là v lãng mạn!
ham,Xin chào.
spam,Bạn có 1 tin nhắn mới.
ham,"Xin chào em yêu, anh Missin, anh hy vọng em đang có một khoảng thời gian vui vẻ."
spam,<Chuyển tiếp từ 21870000> HI - Đây là cảnh báo SMS của hộp thư của bạn.
ham,Vẽ VA? Tôi không nghĩ vậy :)
ham,Đừng chọn cuộc gọi d khi một cái gì đó quan trọng là để nói.
spam,Xin chúc mừng!
ham,Nothin đến với tâm trí của tôi.
ham,& lt;#& gt;
ham,Chúng ta có thể làm một em bé trong yo tho
ham,Tôi có nên nói với bạn tôi đừng đến vòng cho đến khi & lt;#& gt;
ham,Bài thơ tình bạn: thân mến O thân mến bạn không gần nhưng tôi có thể nghe không bị sợ sống với sự cổ vũ không còn nước mắt bạn luôn luôn là người thân yêu của tôi.
ham,Vẫn trong khu vực của nhà hàng.
ham,"Aight sẽ hoạt động, cảm ơn"
spam,Giành được một năm cung cấp CDS 4 Một cửa hàng của sự lựa chọn của bạn trị giá £ 500 và nhập Å £ 100 của chúng tôi.
spam,Moby Pub Quiz.win Một giải thưởng đường phố cao £ 100 nếu bạn biết ai là Nữ công tước mới của Cornwall sẽ là ai?
ham,"Tôi có 2 túi ngủ, 1 chăn và chi tiết giấy và điện thoại."
spam,Bạn đã giành được một Nokia 7250i.
spam,Chúc mừng!
spam,"tddnewsletter@emc1.co.uk (Thêm trò chơi từ thed DailyDraw) Helen thân mến, hàng chục trò chơi miễn phí - với những giải thưởng tuyệt vời .."
ham,Vậy các bạn làm gì.
ham,Ngoài ra cuộc trò chuyện đó thật tuyệt vời nhưng đừng làm cho nó thường xuyên trừ khi bạn có thể gặp cô ấy trực tiếp
ham,Điều đó có ý nghĩa nhưng đừng lo lắng.
ham,Điều đó gây ra cũ của bạn.
ham,"Waqt se pehle hoặc naseeb se zyada kisi ko kuch nahi milta, zindgi wo nahi he Jo hum sochte hai zindgi wo hai jo ham jeetey hai .........."
ham,Trên đường đến văn phòng da ..
ham,Bạn muốn DA ở nơi nào.
ham,Cơn đau này không thể đến vào thời điểm tồi tệ hơn.
ham,Được rồi...
ham,Tôi có nên rình rập u không?
ham,Xin lỗi anh bạn.
ham,Ok lor.
ham,Ứng dụng Lớp Varaya Elaya.
ham,Câu chuyện xmas là hòa bình .. tin nhắn xmas là tình yêu .. Phép lạ Xmas là Chúa Giêsu .. hav một tháng may mắn phía trước & amp;
spam,CẤP BÁCH!
ham,Ngày đó bạn đã hỏi về số Anand.
ham,Đang lướt trực tuyến cửa hàng trực tuyến.
ham,Long Beach lor.
ham,Nhân tiện ở nhà
ham,Cả hai chúng tôi đều ổn.
ham,Điều gì xảy ra với cô ấy nói sự thật
ham,Bạn có thích đồ ăn Ý không?
ham,Điều đó thật kỳ lạ bởi vì tôi biết tôi đã có nó tại một thời điểm
ham,Điều đó thật kỳ lạ bởi vì tôi biết tôi đã có nó tại một thời điểm
ham,Nói cho bạn bè những gì bạn dự định làm vào ngày lễ tình nhân @ & lt; url & gt;
ham,"Được rồi, hẹn gặp bạn một chút"
ham,Chúc mừng cho tin nhắn Zogtorius.
ham,Tôi sẽ quan tâm đến vấn đề tài chính. Tôi sẽ giúp đỡ :)
ham,Tôi sẽ quan tâm đến vấn đề tài chính. Tôi sẽ giúp đỡ :)
spam,Nhân đôi các phút & txt của bạn trên Orange hoặc 1/2 Giá cả
ham,"1) Đi để viết MSG 2) Đặt vào chế độ từ điển 3) Che màn hình bằng tay, 4) Nhấn & lt;#& gt;"
ham,Okie ...
ham,"Xin chào đây là yijue, tôi có thể gặp bạn lúc 11 tmr không?"
ham,Dnt có thể sống trong & lt;#& gt;
ham,Nhưng tôi đã không ngủ vào buổi chiều.
ham,Điều đó có vẻ như tình cảm không cần thiết
ham,Yar khác tôi sẽ thk của tất cả các loại điều thú vị.
ham,Bạn sẽ ở vị trí của người đàn ông đó
spam,"Tải xuống nhiều nhạc chuông như bạn không có hạn chế, 1000s 2 chọn."
ham,Điều đó thật tuyệt.
spam,Vui lòng gọi 08712402902 ngay lập tức vì có một tin nhắn khẩn cấp đang chờ bạn.
ham,R Chúng tôi sẽ đi với & lt;#& gt;
ham,Xin chào tình yêu của tôi !
ham,Không..He anh ấy đã tham gia ngày hôm nay.
ham,Không..He anh ấy đã tham gia ngày hôm nay.
ham,Tôi sẽ nói chuyện với những người khác và có lẽ chỉ cần đến sớm vào ngày mai
spam,"Tăng cường mob của bạn với bộ sưu tập Halloween của một thông điệp logo & pic cộng với một giai điệu kỳ lạ miễn phí, thẻ txt cho đến 8007 ZED 08701417012150P mỗi logo/pic"
ham,"Có vấn đề về tiền bạc nặng nề nhưng nhờ bạn, tôi có thể thở dễ dàng hơn bây giờ."
ham,CHÀO.
ham,Bạn dạo này thế nào?
spam,Bóng đá tưởng tượng đã trở lại trên TV của bạn.
ham,"Được rồi, không cần phải nói với tôi bất cứ điều gì tôi sẽ ngủ ngon đêm"
ham,Ok cố gắng thực hiện khóa học cuối tuần ở Coimbatore.
spam,Câu lạc bộ giai điệu: Subs của bạn hiện đã hết hạn 2 lần trả lời lại Monoc 4 Monos hoặc Polyc 4 Polys 1 tuần @ 150p mỗi tuần TXT dừng 2 Dừng MSG MIỄN PHÍ này 0871212025016
ham,V tốt đẹp!
ham,Nếu bạn r @ về nhà thì hãy xuống trong vòng 5 phút
ham,Một cậu bé yêu một cô gái.
ham,"Ngày đó Ì_ Say ì_ cắt tóc của bạn tại paragon, nó có được gọi là cảm giác tóc không?"
ham,"Hmm, quá nhiều người trong số họ không may ... bức ảnh rõ ràng là những chiếc bánh nóng."
ham,"Xem TV lor ... y cô ấy rất hài hước, chúng tôi vô tội vạ 4 wat."
spam,Giải thưởng Xmas!
ham,Dunno lei anh neva nói ...
ham,Thanx 4 2 ngày!
ham,Tôi đang trên đường về nhà.
spam,ĐÚNG!
ham,"Xin chào, di động không."
ham,"Xin chào, di động không."
ham,"Nếu tôi để bạn làm điều này, tôi muốn bạn trong nhà lúc 8 giờ sáng."
ham,Dòng tốt nhất nói trong tình yêu:.
ham,Tôi sẽ đến trước mười buổi sáng
ham,Âm hộ của bạn là hoàn hảo!
ham,"Xin lỗi, tôi sẽ gọi sau"
spam,Ai đó đã liên hệ với dịch vụ hẹn hò của chúng tôi và nhập điện thoại của bạn vì bạn thích bạn!
ham,Không có tin nhắn..không phản hồi..bác xảy ra điều gì?
ham,Cũng ở đâu
ham,rượu whisky rượu rum rượu gin rượu vodka scotch rượu gội đầu \ kudiyarasu thina vazhthukkal.
ham,La ó.
ham,Đầu tiên cô ấy đã đạt được nhiều hơn & lt;#& gt;
ham,Nhấc điện thoại của bạn ngay bây giờ bạn ngu ngốc?
ham,"Cảm ơn da Thangam, tôi cảm thấy rất hạnh phúc thân yêu."
ham,Okey doke.
ham,Tôi không bỏ trốn khỏi bạn ... Tôi đi chậm & amp;
ham,"Em yêu, anh đã trở lại ... hãy quay lại với em ..."
ham,"Vâng, bạn đã nói với những người khác rằng bạn sẽ kết hôn với họ ..."
ham,Neshanth..tel tôi ai là bạn?
ham,Yo yo yo byatch whassup?
ham,Oh ... Kay ... Sat Sat phải không?
ham,CHÀO!
spam,Babe: Em muốn em không em em yêu!
ham,Oh oh ... lãng phí ... den muz chiong trên sat n sun liao ...
ham,Jesus Christ Bitch Tôi đang cố gắng cung cấp cho bạn ma túy trả lời điện thoại chết tiệt của bạn
ham,Vui lòng cho nó 2 hoặc tôi sẽ nhận nó vào tối thứ ba khoảng 8 nếu điều đó ổn.
ham,Tôi đang gặp Darren ...
ham,Một trong những cuộc đối thoại tốt nhất trong Reltnship dễ thương .. !!
ham,Giải quyết trường hợp: Một người đàn ông đã được tìm thấy bị sát hại trên & lt; thập phân & gt;
ham,"Thân mến, bạn sẽ ở đâu khi tôi đến đó"
ham,"Aww, đó là lần đầu tiên bạn nói rằng bạn đã nhớ tôi mà không hỏi tôi có nhớ bạn trước không."
ham,"Aww, đó là lần đầu tiên bạn nói rằng bạn đã nhớ tôi mà không hỏi tôi có nhớ bạn trước không."
ham,"Hãy đến với tôi ngay bây giờ, Ahmad"
spam,Tôi không biết bạn và bạn không biết tôi.
ham,Lol làm ơn làm.
ham,O không thành FPS sau đó.
ham,Huh có nghĩa là khoa học tính toán ... y họ thích dat một cú đẩy ở đây n ở đó ...
ham,"Bạn có thể không đọc tôi, tình yêu của tôi?"
ham,Oh ... lk tt den chúng tôi lấy một tt kết thúc tại cine lor ... dun wan yogasana oso có thể ...
ham,"Thưa bà, RELE Dismance.Might Nhận một séc tham chiếu từ DLF Premarica.Kindly được thông báo.rgds, Rakhesh, Kerala."
spam,Dịch vụ SMS cho các khoản tín dụng văn bản bao gồm của bạn PLS GOTTO www.comUK.NET Đăng nhập 3QXJ9 Hủy đăng ký không dừng không có phí trợ giúp 08702840625 comuk.220cm2 9ae
ham,Oic ... sau đó tốt hơn nhanh chóng đi tắm n lắng xuống ...
ham,Err ... Cud làm.
ham,Một bloo bloo bloo tôi sẽ nhớ cái bát đầu tiên
ham,Lmao nhưng nó rất vui ...
ham,Oh k k :) nhưng anh ấy không phải là một người đánh bóng lớn.
ham,Chào!!!
spam,Ngày lễ tình nhân đặc biệt!
ham,Bạn có nghĩ rằng tôi có thể di chuyển & lt;#& gt;
ham,Cô ấy tìm thấy.
spam,Đoán xem tôi là ai? Đây là lần đầu tiên tôi tạo một trang web www.asjesus.com Đọc tất cả những gì tôi đã viết.
ham,Nhắn tin và lái xe như thế nào
ham,Tốt đấy.
ham,Thực sự không biết tôi leh ... bạn cũng ngủ sớm.
ham,Người Ấn Độ nghèo nhưng Ấn Độ không phải là một quốc gia nghèo.
ham,Người Ấn Độ nghèo nhưng Ấn Độ không phải là một quốc gia nghèo.
ham,Oh ya ya.
ham,BTW liên quan đến việc chúng ta thực sự nên cố gắng xem liệu có ai khác có thể là anh chàng thứ 4 của chúng ta không trước khi chúng ta cam kết với một anh chàng ngẫu nhiên
spam,Để có cơ hội giành được Å £ 250 Tiền mặt mỗi TXT: Chơi tới 83370.
ham,Để có cơ hội giành được Å £ 250 Tiền mặt mỗi TXT: Chơi tới 83370.
ham,RIGHTIO.
ham,RIGHTIO.
ham,Trở lại Brum!
ham,Tôi không biết nếu họ có thể đạt được
ham,& lt;#& gt;
ham,Có nhưng tôi không quan tâm!
ham,"Anh chàng (kadeem) đã không bán kể từ giờ nghỉ, tôi biết một anh chàng khác nhưng anh ta hoang tưởng là chết tiệt và không thích bán mà không có tôi ở đó và tôi không thể ở đó vào tối nay cho đến tối nay"
ham,"Xin lỗi, tôi sẽ gọi sau"
ham,Tmr sau đó Ì_ brin lar ... aiya sau đó tôi đến n c lar ... Mayb Ì_ neva đặt đúng cách
ham,Bạn có knw dis không.
ham,Bạn có knw dis không.
ham,K..Give trở lại lời cảm ơn của tôi.
ham,Tôi biết chỉ phàn nàn num .. hãy trực tiếp đến văn phòng BSNL và đăng ký nó ..
ham,Được rồi.
ham,Cô ấy đã trả bao nhiêu.
ham,Món tráng miệng trái.
ham,"Abeg, kiếm lợi nhuận."
ham,Onum ela pa.
ham,K.K..Làm thế nào là em gái của bạn?
ham,"Tuyệt, tôi sẽ nhắn tin cho bạn khi tôi đang trên đường"
ham,Không.
ham,Tôi không thể nói chuyện với bạn bây giờ. Tôi sẽ gọi khi tôi có thể. Hãy tiếp tục gọi.
ham,Bất cứ điều gì Lar ...
ham,"Rose cần nước, cần thay đổi mùa, nhà thơ cần trí tưởng tượng..my điện thoại của tôi cần SMS của bạn và tôi cần tình bạn đáng yêu của bạn mãi mãi ...."
ham,"Chào buổi chiều, em yêu."
ham,Họ sẽ đón và thả trong ô tô. Không có vấn đề gì ..
ham,S.I nghĩ rằng anh ta lãng phí cho RR ..
ham,S.I nghĩ rằng anh ta lãng phí cho RR ..
ham,Có Thứ Sáu sắp tới đang nghỉ phép cho Pongal không? Bạn có nhận được tin tức gì từ nơi làm việc của bạn không.
ham,LOL - Liên minh huyền thoại đừng làm điều đó mà không có tôi.
ham,* Tôi đang trên con đường của tôi
ham,Ăn ở Old Airport Road ... nhưng bây giờ 630 OREDI ... có rất nhiều người ...
ham,"Xin lỗi không thể nói chuyện điện thoại, với cha mẹ"
spam,Cơ hội cuối cùng!
ham,Ok lor wat thời gian Ì_ kết thúc?
ham,"Công chúa, tôi thích làm tình & lt;#& gt;"
ham,Mm tôi đang trên đường đến đường sắt
ham,Tôi không muốn nói chuyện với bạn
ham,Tôi đã xong.
ham,Tôi đã xong.
spam,"Spook up mob của bạn với một bộ sưu tập pic logo halloween của nokia cộng với một giai điệu kỳ lạ miễn phí, thẻ txt cho đến 8007"
spam,Cấp bách!
ham,K.:) làm nó vào buổi tối da :) khẩn cấp :)
ham,Pansy!
ham,Mm có một số kanji không ăn bất cứ thứ gì nặng ok
ham,Chỉ khi bạn hứa bạn sẽ ra ngoài ngay khi bạn có thể.
ham,LOL - Liên minh huyền thoại thì khác.
ham,Tôi không nghĩ đó là một cuộc gọi sai giữa chúng tôi
ham,K ill uống.pa sau đó làm gì.
ham,Aiyah e mưa như khá lớn leh.
ham,Aiyah e mưa như khá lớn leh.
ham,Dun b buồn .. nó đã kết thúc .. dun thk abt nó rồi.
ham,"Xin chào tôi,!"
ham,Không có kịch. Tôi đã có đủ từ bạn và gia đình trong khi tôi đang vật lộn dưới ánh mặt trời nóng ở một nơi lạ
ham,Họ đã phát hành một người Ý khác ngày hôm nay và nó có một tùy chọn cosign
ham,Bạn ở MU?
spam,Người chiến thắng!
ham,HCl Chennai yêu cầu Freshers cho quá trình thoại
ham,Dai những gì da này .. Tôi có thể gửi sơ yếu lý lịch của mình đến ID này.
ham,Tôi biết nơi & lt;#& gt;
ham,Yup tôi đã hoàn thành c Ì_ ở đó ...
ham,Hãy nhớ hỏi Alex về chiếc bánh pizza của anh ấy
ham,Không da..today tôi cũng quên mất ..
ham,"Ola sẽ liên hệ lại với bạn có lẽ không phải ngày hôm nay nhưng tôi đã nói với anh ấy rằng bạn có thể là liên kết trực tiếp của anh ấy ở Mỹ trong việc lấy xe anh ấy trả giá trực tuyến, bạn sắp xếp vận chuyển và bạn bị cắt giảm."
ham,FWIW Lý do tôi chỉ ở xung quanh khi đến lúc hút thuốc là vì khí tôi chỉ có thể ở xung quanh khi ai đó nói với tôi và điều đó dường như chỉ xảy ra khi ai đó muốn sáng lên
ham,"Xin chào, Boytoy của tôi!"
ham,Xin chúc mừng Kano..whr s Treat Maga?
ham,Bạn đang nói về ai?
ham,Chuẩn rồi...
ham,Được rồi...
ham,Bạn đã thức dậy rồi?
ham,Yunny Tôi đang đi bộ ở CityLink bây giờ ì_ nhanh hơn đi xuống ... tôi rất đói ...
ham,Er yep chắc chắn.
ham,"Hiya, bạn đã trả tiền vào tài khoản của tôi chưa?"
spam,Bạn đã giành được một chiếc máy ảnh kỹ thuật số miễn phí của Nokia 6230.
ham,"Được rồi, tôi sẽ gửi cho bạn với in & lt; thập phân & gt;"
ham,Bognor nó là!
ham,Có. Tôi đang ở Office da :)
ham,"Xin lỗi, tôi sẽ gọi sau"
ham,Cha của Joy là John.
ham,Được rồi.
ham,Đặt nhầm số của bạn và đã gửi tin nhắn đến số cũ của bạn.
ham,"Xin lỗi, tôi sẽ gọi sau"
ham,Dunno lei ... tôi có thể b eatin wif của tôi
ham,"Xin lỗi, tôi sẽ gọi sau"
spam,Nhập miễn phí vào comp comp £ 250 £ 250 của chúng tôi chỉ cần gửi từ chiến thắng tới 80086 ngay bây giờ.
ham,Nói điều này từ từ.?
ham,Bạn có làm thế nào 2 gửi tệp giữa 2 máy tính không?
ham,Mmmmm ... Tôi thích thức dậy với lời nói của bạn sáng nay!
ham,Jay nói rằng anh ta sẽ đưa vào & lt;#& gt;
ham,Bạn có thể vào trong một giây không?
ham,"Vì vậy, mặt trời là thuốc chống ngủ."
ham,Điều gì đang xảy ra với bạn.
ham,Yup ok ...
ham,Rất vui vì nó đã diễn ra tốt đẹp :) Hãy đến lúc 11 giờ thì chúng ta sẽ có nhiều thời gian trước khi Claire đi làm.
ham,Ok hãy tận hưởng.
ham,Bạn có thể làm ơn gửi cho tôi một thư trên tất cả những gì bạn biết về người thân đến để giao hàng tại đây không?
ham,Bạn làm những gì bạn thích
ham,Đó là lý do tại sao chúng tôi phải kết hợp n c như thế nào ...
ham,Số tiền hàng tháng không khủng khiếp và bạn sẽ không trả bất cứ thứ gì cho đến 6 tháng sau khi học xong.
ham,Hmmm :) Có bao nhiêu người chơi được chọn?
ham,"Họ nói nếu nó sẽ có tuyết, nó sẽ bắt đầu vào khoảng 8 hoặc 9 giờ tối!"
ham,Tôi không.
ham,Aiyo xin vui lòng ì_ có thời gian meh.
ham,Đóng gói tất cả các chương trình của bạn tốt
ham,"Cô ấy là em gái của chúng tôi .. cô ấy thuộc 2 gia đình của chúng tôi .. Cô ấy hy vọng ngày mai .. Cầu nguyện 4 cô ấy, người là người xảy ra 4 D Shoranur Train."
ham,"Vì vậy, các bạn có yêu cầu tôi nhận được đôi dép đó hay nó đã biến mất với năm ngoái"
ham,Công ty rất tốt. Môi trường là tuyệt vời và thực phẩm thực sự tốt đẹp :)
spam,"Text82228 >> Nhận thêm nhạc chuông, logo và trò chơi từ www.txt82228.com."
ham,"Thành thật mà nói, tôi vừa pha một tách trà đáng yêu và nhanh chóng bỏ chìa khóa vào đó và sau đó đốt ngón tay của tôi lấy chúng ra!"
ham,Yup nhưng không nghiên cứu lướt sóng.
ham,Vui lòng gửi :) Lời khuyên tốt bụng của tôi :-) Vui lòng đến đây và thử :-)
ham,Tôi đã xong.
ham,"Ồ tốt, tôi sẽ đến tối nay"
ham,"""Cho tôi một chút thời gian để đi bộ đến đó."
ham,Tôi sẽ đạt được trong ARD 20 phút ok ...
spam,"Freemsg Bạn đã được trao một máy ảnh kỹ thuật số mini miễn phí, chỉ cần trả lời Snap để thu thập giải thưởng của bạn!"
ham,Mẹ kiếp ... chuyện gì đã xảy ra với bạn?
spam,Thông điệp này được mang đến cho bạn bởi GMW Ltd. và không được kết nối với
ham,Thông điệp này được mang đến cho bạn bởi GMW Ltd. và không được kết nối với
ham,Tôi cũng thk quá nhanh ... xy gợi ý một người không phải là tôi.
ham,Bạn vẫn đang nhận được hàng hóa.
ham,Và có thể một số áp lực
ham,"Vâng, tôi là, vì vậy tôi sẽ rời đi có thể 7ish?"
ham,K..k..tôi cũng ổn :) khi nào bạn sẽ hoàn thành khóa học?
ham,"Dưới biển, có một tảng đá."
ham,Tôi đã nói với cô ấy rằng tôi đã có một dr appt vào tuần tới.
ham,Bạn trong phòng của bạn?
ham,Tôi không muốn nghe bất cứ điều gì
ham,Chào.
ham,Cuối cùng Tor Motive Tui đạt được Korli.
ham,Từ 5 đến 2 chỉ thời gian làm việc của tôi.
ham,‰ û_ và don ‰ û t lo lắng chúng tôi ‰ û ÷ ll đã kết thúc vào tháng 3 ‰ û_ ish!
ham,"Ngôi nhà ở trên mặt nước với một bến tàu, một chiếc thuyền lăn lộn với một người tin tức lao vào sáo nhạc jazz phía sau bánh xe"
spam,Xin chúc mừng 2 Videophones 3G di động r của bạn.
spam,Video XXX PicsFree1 tuyệt vời tiếp theo của bạn sẽ được gửi cho bạn thích!
ham,Bây giờ điều đó sẽ phá hỏng luận điểm của bạn!
ham,Ở trường nhưng đừng bận tâm bạn ăn 1st lor ..
ham,Này có chuyện gì vậy?
ham,ERM.
ham,Tôi không biết cho đến khi ... chúng ta hãy đi học Pilates ...
spam,U được đăng ký vào dịch vụ nội dung di động tốt nhất ở Anh với giá £ 3 mỗi mười ngày cho đến khi bạn gửi điểm dừng đến 83435. Helpline 08706091795.
ham,Yup tôi đang xây dựng các khía cạnh an toàn và một số vấn đề khác ..
spam,Yup tôi đang xây dựng các khía cạnh an toàn và một số vấn đề khác ..
ham,"Goodmorning, hôm nay tôi đến muộn 1 giờ."
ham,Xin chào chúc mừng sinh nhật.
ham,Tôi sẽ ở bên ngoài văn phòng lấy tất cả từ đó
ham,Nếu bạn không trả lời imma cho rằng bạn vẫn đang ngủ và Imma bắt đầu gọi n shit
ham,"Aight, hẹn gặp bạn một chút"
ham,Superior của tôi nói rằng thứ Sáu là rời khỏi tất cả các bộ phận khác ngoại trừ chúng tôi :) vì vậy nó sẽ được để lại cho bạn :) bất kỳ cách nào hãy gọi Waheed Fathima HR và tuân thủ nó :)
spam,Tham gia dịch vụ dogging horn nhất của Vương quốc Anh và bạn có thể quan hệ tình dục 2nite !.
ham,Lol tôi phải lấy nó.
ham,Vẫn đang làm việc đang diễn ra :) Nó là ngôi nhà rất nhỏ.
ham,"Bạn tôi vừa mới đến đây và nói rằng anh ấy sẽ tăng đơn đặt hàng của mình bằng một vài gram (anh ấy có $ & lt;#& gt;), khi nào bạn có thể đến đây?"
ham,Tmr timin vẫn có cùng wat vì tôi có bài học cho đến 6 ...
ham,"Đó là điều với vượn, bạn có thể chiến đấu đến cái chết để giữ một cái gì đó, nhưng ngay khi chúng có nó khi bạn buông tay, đó là nó!"
spam,Câu đố về ánh nắng mặt trời wkly Q!
ham,"Không, tôi sẽ không thể."
ham,"Có Fujitsu, IBM, HP, Toshiba ... có rất nhiều mô hình cách nói ..."
ham,Okie ... thanx ...
ham,Okie ... thanx ...
ham,"Như thường lệ..IAM tốt, hạnh phúc & amp;"
ham,Okie
ham,"Vì vậy, khi bạn có quyền truy cập Rimac"
ham,\ Tôi đang ở một nhà hàng ăn mực!
ham,Bạn gọi thời gian công việc hôm nay ok umma và yêu cầu họ tăng tốc
ham,\ Xin chào bạn khi bạn hoàn thành wrk.
ham,R u & amp trong nhau.
ham,:-) vâng!
ham,"Xin chào thưa bà, bạn có khỏe không?"
ham,"Tuyệt vời, hãy nhắn tin cho tôi khi bạn được bổ sung"
ham,"Như thường lệ..IAM tốt, hạnh phúc & amp;"
spam,Knock Knock txt có 80082 để nhập R hàng tuần vẽ 4 Một phiếu quà tặng ’£ 250 £ 4 Một cửa hàng của sự lựa chọn năm.
ham,Đúng.
ham,Cảm ơn vì đã gửi câu hỏi về khả năng tinh thần này ..
ham,"Thưa ông, hy vọng ngày của bạn sẽ diễn ra suôn sẻ."
ham,Chỉ 2Marrow.
ham,Tôi đã đến phòng thí nghiệm của bạn nhưng không có ai ở đó.
ham,Tôi không thể chọn điện thoại ngay bây giờ.
ham,Này Pple ... $ 700 hoặc $ 900 cho 5 đêm ... Vị trí tuyệt vời WIF Hamper Bữa sáng !!!
spam,<Chuyển tiếp từ 21870000> HI - Đây là cảnh báo SMS của hộp thư của bạn.
ham,Làm thế nào đến?
ham,Cười!
ham,Ok lor ...
ham,Tôi về nhà 4 bữa tối.
ham,S da..al r ở trên & lt;#& gt;
spam,"Giai điệu vòng miễn phí chỉ văn bản \ polys \ ""đến 87131. Sau đó, mỗi tuần sẽ nhận được một giai điệu mới. 0870737910216yrs chỉ Å £ 1,50/tuần."""
ham,Unni cảm ơn bạn thân yêu vì đã nạp tiền..rakhesh
ham,Tôi biết tôi đang thiếu hầu hết các chi tiết của Dramastorm đặc biệt này nhưng phần lớn tôi không lo lắng về điều đó
ham,Haha ... họ không thể gì ... TMR bị tịch thu nhiều nhất ... haha vậy?
ham,Này đó!
ham,Không có cách nào tôi trở lại đó!
spam,CẤP BÁCH!
ham,Tôi sẽ gọi bạn là thưa ngài.
ham,"Đó là những gì tôi thích nghe: V gặp bạn Chủ nhật, sau đó"
ham,"Xin lỗi Da Thangam, rất xin lỗi tôi bị giữ lại với Prasad."
ham,Tiwary đến RCB.Battle giữa Bang và Kochi.
ham,"Cảm ơn Chúa, họ đang ở trên giường!"
ham,"Không, tôi không bị ung thư."
ham,Tôi đang ở trường đại học nghệ thuật Gobi
ham,Tại sao cô ấy muốn nói chuyện với tôi
ham,Pandy đã tham gia 4W Technologies hôm nay. Anh ấy có công việc ..
spam,"Bạn được đảm bảo là điện thoại Nokia mới nhất, máy nghe nhạc iPod 40GB hoặc giải thưởng Å £ 500!"
ham,Họ có thể thử!
ham,CHÀO!
ham,Bạn bè của tôi dùng để gọi như vậy.
ham,"Xin lỗi, tôi sẽ gọi sau"
ham,"Em, olowoyey của nó@ usc.edu có một thời gian tuyệt vời ở Argentina."
ham,Đó là một tin nhắn văn bản .... Tipos argh ok!
ham,"Xin chào, tôi có thể vui lòng nhận được A & lt;#& gt;"
ham,"Bạn có thể muốn rút ra nhiều hơn trong trường hợp và chỉ lên kế hoạch không chi tiêu nếu bạn có thể, tôi không tin tưởng nhiều vào quản lý tiền của Derek và Taylor"
ham,Bạn có thích lắc chiến lợi phẩm của mình trên sàn nhảy?
ham,"Nhắn tin cho tôi khi bạn xuống, đừng gọi, điện thoại của tôi có vấn đề"
ham,Không cần thuốc nữa.
ham,Xin lỗi da :) Tôi đã nghĩ đến việc gọi cho bạn rất nhiều lần :) lil bận rộn. Tôi sẽ gọi cho bạn vào buổi trưa ..
ham,Xin lỗi da :) Tôi đã nghĩ đến việc gọi cho bạn rất nhiều lần :) lil bận rộn. Tôi sẽ gọi cho bạn vào buổi trưa ..
ham,Tuyệt vời!
ham,Cảm thấy như thử Kadeem một lần nữa?
ham,Dai & lt;#& gt;
ham,Chưa có chikku..wat abt u?
ham,Được rồi...
ham,Bạn muốn ăn trưa hôm nay?
ham,Bạn có biết khi nào bố sẽ trở lại?
spam,Xin chào em yêu hôm nay em thế nào?
spam,8007 miễn phí cho tuần đầu tiên!
ham,Anh ấy vẫn là một người bro giữa các bros
ham,R U Gặp gỡ da ge tại nite tmr?
ham,"* Là một ngày tốt đẹp và, ấn tượng, tôi đã hợp lý, về nhà sớm và bây giờ cảm thấy ổn."
ham,Tại sao là de.
spam,Muốn được đặt 2Nite?
spam,Chúng tôi đã cố gắng liên hệ với bạn phản hồi của bạn đối với lời đề nghị của chúng tôi về một Nokia Fone và máy quay mới trả lời hoặc gọi 08000930705 để giao hàng
ham,Đúng.
ham,"Thật tuyệt, tôi sẽ đến như & lt;#& gt;"
ham,Super MSG DA :) Thời gian Nalla.
ham,"Chào buổi chiều, Boytoy của tôi ... hôm nay bạn cảm thấy thế nào?"
ham,Tôi là 6 ft. Chúng tôi sẽ là một sự kết hợp tốt!
ham,Tôi bị bệnh !!
ham,* Tôi đang trên một chuyến tàu trở về từ Northampton nên tôi không sợ!
ham,Bạn đang phục vụ ở đâu ở Abuja.
ham,Là trò chơi playng 9 cửa và gt đua trên điện thoại lol
spam,"Tones mới trong tuần này bao gồm: 1) McFly-all ab .., 2) Sara Jorge-Shock .. 3) Will Smith-Switch .. Để đặt hàng theo hướng dẫn theo hướng dẫn tiếp theo"
ham,Giải quyết trường hợp: Một người đàn ông đã được tìm thấy bị sát hại trên & lt; thập phân & gt;
ham,Tôi đang ở trên xe buýt về nhà ...
ham,Tôi nhận được một cuộc gọi từ một số điện thoại cố định.
ham,Tôi không sao.
ham,Yupz ... Tôi đã đặt Slots 4 ngày cuối tuần của tôi ...
spam,CẤP BÁCH!
ham,Có nhiều mô hình..sony ericson cũng der .. & lt;#& gt;
ham,Okie
ham,"Vâng, tôi biết những bài hát nhảm từ Frosty the Snowman :)"
ham,"Ya ok, vikky vl c witin & lt;#& gt;"
spam,Người hâm mộ thể thao - Nhận Tin tức Thể thao mới nhất STR* 2 UR Mobile 1 WK miễn phí cộng với Tone Sport miễn phí trên 8007 www.getzed.co.uk 0870141701216+ Norm 4txt/120p
ham,Này TMR gặp nhau tại Bugis 930?
spam,Khẩn cấp khẩn cấp!
ham,Tất cả những chiếc áo sơ mi mới đẹp này và thứ duy nhất tôi có thể mặc chúng là theo chủ đề khỏa thân; _;
ham,Này những chiếc bánh gợi cảm!
ham,Và bất cứ khi nào bạn và tôi thấy chúng ta vẫn có thể kết nối.
ham,Không nhưng tôi đang về nhà bây giờ sau đó đi bơm xăng ... như đi 2 mưa sớm ...
ham,Bạn có thể sử dụng tem nước ngoài cho bất cứ điều gì bạn gửi chúng đi không?
spam,Từ 88066 Mất £ 12 trợ giúp
ham,Ôi em yêu của ngôi nhà.
ham,Tháng 2 & lt;#& gt;
ham,"Hiya, xin lỗi không có tín hiệu."
ham,"OMW trở lại Tampa từ West Palm, bạn có nghe thấy chuyện gì đã xảy ra?"
ham,Yup không còn nữa ... Thanx 4 in n bàn giao nó.
spam,Freemsg: Fancy a Flirt?
ham,Ý tôi là họ có đến đuổi bạn khi nó kết thúc hoặc nó nói rằng bạn có thể xem bao nhiêu phim tùy thích.
ham,S bây giờ chỉ tôi lấy máy tính bảng.
spam,Ưu đãi mới tuyệt vời - Double Mins & Double TXT trên thuế quan màu cam tốt nhất và nhận điện thoại camera mới nhất 4 miễn phí!
ham,"Không, tôi là một DD vĩnh viễn"
ham,Xin lỗi tôi đã đi mua sắm.
spam,Hy vọng bạn thích nội dung mới của bạn.
ham,"Wen của bạn đáng yêu bcums giận dữ u, không nghiêm túc .. vì tức giận là một cách trẻ con nhất để thể hiện tình cảm sâu sắc, quan tâm n luv! .. kettoda manda ... Chúc một ngày tốt lành da."
ham,"Này, bạn vẫn muốn đi yogasana?"
ham,"Không, tôi không lái xe ... Tôi không phát triển ảnh da lei ..."
ham,Tôi đang nghĩ đến việc đi xuống reg cho các bài học thực hành .. đã vượt qua sự tiến bộ của tôi .. haha wat thời gian bạn đi?
ham,Mát mẻ.
ham,"Sai cô là kẻ giết người, vì người đàn ông đã bị sát hại trên & lt;#& gt;"
ham,Okie .. thanx ..
spam,18 ngày để khởi động Euro2004!
ham,Đi đâu n mua?
ham,Ok lor ...
ham,Tôi đang làm việc hỗ trợ kỹ thuật :) Quy trình thoại.
ham,Tôi đang làm việc hỗ trợ kỹ thuật :) Quy trình thoại.
ham,"Tunde, bạn thế nào."
ham,Không ... c Ì_ sau đó ...
ham,Không. Nhưng chúng tôi sẽ làm các nhiệm vụ y tế đến Nigeria
ham,"Không, tôi không có bất kỳ bộ phim nào trong máy tính xách tay của mình"
ham,Có gì trên đó.
spam,Urgent Vui lòng gọi 09066612661 từ điện thoại cố định.
spam,Cấp bách!
ham,Tôi chưa có lei .. mon tiếp theo có thể?
ham,Mm cảm thấy buồn ngủ.
ham,Làm sao bạn dám ngu ngốc.
ham,Có phải ì_ noe nếu Ben đi?
ham,Bạn có thể thực hiện một cuộc họp mag avo này vào một lúc nào đó?
ham,Ý tôi là ở giữa bên trái hay phải không?
ham,Thật sự?
ham,Chào chachi đã thử gọi cho bạn bây giờ không thể tiếp cận bạn .. xin cho tôi một cal bị bỏ lỡ một lần bạn
ham,Tôi đã gửi cho bạn giá và bạn có nghĩa là & lt;#& gt;
ham,Bạn có nhiều điều này rất nhiều
ham,Không có gì.
spam,Tôi không biết bạn và bạn không biết tôi.
ham,Không * tôi đang làm việc với những thứ reo bạn nhưng có cả hai ngôi nhà la hét những đứa trẻ nên * đang kéo tóc tôi ra!
ham,Nhưng gia đình tôi không trả lời cho bất cứ điều gì.
ham,"Đánh dấu, đánh dấu, đánh dấu ... babe"
ham,R Ì_ sẽ đi 4 cuộc họp hôm nay?
ham,K da :) Bạn muốn bao nhiêu trang?
ham,Ya vừa mới.
ham,Gửi số của anh ấy và trả lời vào sáng mai về lý do tại sao bạn nói điều đó với anh ấy như thế ok
ham,Bạn đã nói không phải bây giờ.
ham,"Được rồi, nhưng hãy nói cho tôi biết nửa giờ b4 bạn đến, tôi cần 2 chuẩn bị."
ham,Chơi với máy tính?
ham,Ngồi phải không?
ham,Derp.
ham,"Ok, đồ ăn Trung Quốc trên đường."
ham,Chúng tôi đã ở bên ngoài rồi.
ham,Chúng tôi đã ở bên ngoài rồi.
ham,Yo chúng tôi đang xem một bộ phim trên Netflix
ham,Mấy giờ.
ham,Meh có thể?
ham,Tôi không nghĩ đó là một cuộc gọi sai giữa chúng tôi
ham,Tôi không chắc chắn về menu đêm.
ham,Sinh nhật của ARR hôm nay :) Tôi chúc anh ấy có thêm Oscar.
ham,Nói điều này từ từ.?
ham,Mở Rebtel với Firefox.
ham,và nhặt chúng từ nhiều điểm khác nhau
spam,Phụ nữ địa phương đã kết hôn đang tìm kiếm hành động kín đáo ngay bây giờ!
ham,Wow v v ấn tượng.
ham,Tôi đang trên đường đến nhà của bạn
spam,Burger King - Muốn chơi Footy tại một sân vận động hàng đầu?
ham,Không có gì.
ham,"Sau đó, bạn làm thế nào?"
ham,Vẫn ở vị trí khách hàng
spam,Làm thế nào mà phải mất rất ít thời gian cho một đứa trẻ sợ bóng tối để trở thành một thiếu niên muốn ở lại suốt đêm?
ham,"Anh bạn cũng biết tiếng Telugu..thats gud..k, chúc ngủ ngon .."
ham,Chúng tôi xác nhận ăn tại esplanade?
ham,Gửi cho tôi ID và mật khẩu của bạn
ham,Loại.
spam,Để có cơ hội để giành được Å £ 250 tiền mặt mỗi txt: hành động đến 80608.
ham,Tôi có thể không đến sau đó ...
ham,Rất lâu sau khi tôi bỏ việc.
ham,"Sau đó, rất có thể nó được gọi là Mittelschmerz."
ham,"Vâng, đúng rồi, tôi sẽ phải thức dậy và kiểm tra doanh số/đi tiểu của ngày hôm nay để nhắn tin cho tôi khi bạn muốn tôi đến lấy bạn"
ham,"Vừa đến, hẹn gặp bạn trong một vài ngày & lt; 3"
ham,"K, wat s tht sự cố?"
ham,"K, wat s tht sự cố?"
ham,"Sau đó, tôi thk sch b enuff .. vẫn có kết luận và nội dung pg n tham chiếu .. Tôi sẽ làm nội dung da pg n cover pg .."
ham,"Quên tôi mất 3 năm để tắm, xin lỗi."
ham,Ì đã nhận được những gì để mua cho chúng tôi sau đó Ì_ không cần phải vào lại.
ham,Khi bạn lớn .. |
spam,U ‰ ûªve Bin được trao £ 50 để chơi 4 tiền mặt tức thời.
ham,"‰ û_ Chúng tôi sẽ ở đây thêm một tuần nữa, trở lại vào thứ tư tiếp theo."
ham,Không phải từ khuôn viên này.
ham,Bản tuyên thệ nói & lt;#& gt;
ham,Làm thế nào tôi sẽ leo lên bạn bây giờ?
ham,Nói cho bạn bè những gì bạn dự định làm vào ngày lễ tình nhân @ & lt; url & gt;
ham,"Nếu tôi đến đó trước bạn sau mười tỷ cuộc gọi và tin nhắn của bạn, vì vậy hãy giúp tôi Chúa"
ham,Sự tinh khiết của tình bạn giữa hai người không phải là mỉm cười sau khi đọc tin nhắn được chuyển tiếp..trong về việc mỉm cười chỉ bằng cách nhìn thấy cái tên.
ham,Tôi đã nói với anh ấy rằng tôi đã trả lại nó.
ham,"Sai cô là kẻ giết người, vì người đàn ông đã bị sát hại trên & lt;#& gt;"
ham,Phụ thuộc vào nơi bạn sẽ đi.
ham,Và mỉm cười với tôi ngay bây giờ khi bạn đi và thế giới sẽ tự hỏi bạn đang mỉm cười và nghĩ rằng sự điên rồ của bạn và tránh xa bạn ... *cười *
spam,Freemsg> Fav Xmas Tones! Trả lời thật
ham,Lil Fever :) bây giờ tốt :)
ham,Tôi nghĩ tất cả vẫn còn trong xe của tôi
ham,Không thể?
spam,Chỉ tháng 12!
ham,Vâng công chúa!
ham,Oh yeah tôi quên mất.
ham,Mm vì vậy bạn đã yêu cầu tôi không gọi radio
ham,Hãy nghĩ về ai đó là tất cả tốt.
ham,Nói điều này từ từ.?
ham,"Tận hưởng những cơn mưa rào của sự chiếm hữu được đổ vào bạn bởi những người thân yêu của bạn, bcz trong thế giới dối trá này, đó là một món quà vàng để được yêu thật .."
ham,"Được rồi nếu bạn chắc chắn, hãy cho tôi biết khi nào bạn rời đi"
ham,Một số kéo dài tới 2 giờ.
ham,Thiên tài có chuyện gì.
spam,"GR8 Poly Tones 4 Tất cả các mob trực tiếp 2U rply với tiêu đề poly tới 8007 ví dụ: poly Breathe1 tiêu đề: Crazyin, ngủ, tốt nhất, YMCA:"
ham,Thk một số em tìm thấy wtc quá xa ... weiyi không đi ... e nghỉ ngơi tôi chưa ...
ham,Đừng quên ai sở hữu bạn và bạn là ai ... và luôn là cậu bé tốt của tôi .. *Nụ hôn đam mê *
spam,Interflora - Åò không quá muộn để đặt hoa Interflora cho Giáng sinh gọi 0800 505060 để đặt hàng trước nửa đêm ngày mai.
ham,Trời ơi..taker răng? Nó có đau không
spam,Romcapspam mọi người xung quanh nên đáp ứng tốt với sự hiện diện của bạn vì bạn rất ấm áp và hướng ngoại.
ham,"Sau đó, bạn hỏi darren đi n chọn bạn ... nhưng tôi oso sian tmr haf 2 gặp bài giảng ..."
ham,Không cần phải mua bữa trưa cho tôi .. Tôi ăn maggi mee ..
spam,Xin chúc mừng - Cảm ơn một người bạn tốt mà bạn đã giành được giải thưởng Xmas 2.000 bảng.
ham,Ok lor ...
ham,"Ồ đúng rồi, ok."
ham,Vợ. Làm thế nào cô ấy biết thời gian giết người chính xác
spam,Gửi logo 2 người yêu của bạn - 2 tên được nối bởi một trái tim.
ham,Howz câu chuyện về người đó
ham,Thanx 4 gửi tôi về nhà ...
ham,Thư thông thường nóng của nó.
spam,"Bạn đã giành được TKTs vào trận chung kết Euro2004 Cup hoặc Å £ 800 Tiền mặt, để thu thập 09058099801 B4190604, POBOX 7876150PPM"
ham,Bạn bị bệnh vẫn có thể đi mua sắm?
ham,Ya họ rất tốt và ổn.
ham,NICE.Nice. Làm thế nào nó hoạt động?
ham,1 tuổi về nhà Gọi cho tôi.
ham,Đang cố gắng tìm một địa điểm ẩm thực Trung Quốc quanh đây
ham,"Người bạn đời dễ dàng, * đoán đồ uống nhanh là một chút đầy tham vọng."
ham,Babe !!!
ham,Ok thanx ...
ham,Aathi.. bạn thân yêu ở đâu ..
ham,"Tunji, Nữ hoàng thế nào?"
ham,Hôm nay IZ Yellow Rose Day.
ham,Sẽ ra khỏi lớp trong một vài giờ.
ham,Hôm nay bạn kết thúc lúc mấy giờ?
spam,Miễn sử miễn phí: Jamster! Nhận âm thanh ếch điên ngay bây giờ!
ham,Câu chuyện đáng buồn về một người đàn ông - tuần trước là ngày của tôi.
spam,"Cơ hội của bạn để tham gia chương trình tưởng tượng thực tế Gọi ngay = 08707509020 Chỉ cần 20p mỗi phút NTT LTD, PO Box 1327 Croydon CR9 5WB 0870 là một cuộc gọi quốc gia = tỷ lệ"
ham,Cô ấy ổn.
ham,Bạn sẽ phỏng vấn Wipro hôm nay?
ham,công chúa cao bao nhiêu?
ham,Tôi nghi ngờ bạn có thể xử lý 5 lần mỗi đêm trong mọi trường hợp ...
ham,Haha ... hy vọng Ì_ có thể nghe thấy âm thanh biên lai ... GD may mắn!
ham,Bạn sẽ là cái chết nếu tôi.
ham,"Tâm ngôn Nhật Bản: Nếu người ta có thể làm điều đó, bạn cũng có thể làm điều đó, nếu không ai có thể làm được, bạn phải làm điều đó phiên bản Ấn Độ: nếu người ta có thể làm điều đó, hãy để anh ta làm điều đó .. nếu không ai có thể làm được, hãy để nó !!"
ham,Hôm nay tôi không làm việc nhưng không miễn phí oso ... gee ... thgt bạn làm việc tại cửa hàng của bạn?
ham,"Trong cuộc sống khi bạn đối mặt với các lựa chọn chỉ cần ném một đồng xu không phải là giải quyết câu hỏi mà trong khi đồng xu trong không khí, bạn sẽ biết trái tim bạn đang hy vọng gì."
ham,Bạn có biết tại sao Chúa tạo ra khoảng cách giữa các ngón tay của bạn ..?
ham,Tôi muốn ở đó để tôi có thể hôn bạn và cảm thấy bạn bên cạnh tôi
ham,Tôi hoàn toàn không hài lòng với những gì bạn nói hoặc làm
spam,Người lớn 18 Nội dung Video của bạn sẽ sớm ở bên bạn
ham,"Ok điều đó sẽ đáng yêu, nếu bạn chắc chắn."
ham,"Những gì tôi đang nói là nếu bạn chưa nói rõ ràng cho Nora, tôi biết ai đó có lẽ tôi sẽ không bận tâm"
ham,Anh ấy nói xin chào và để đưa mông của bạn trở lại South Tampa (tốt nhất là tại một kegger)
ham,Smith Waste Da.i Wanna Gayle.
ham,"Mẹ, tôi đã gửi cho bạn nhiều tin nhắn kể từ khi tôi đến đây."
ham,"Aight, ngày mai xung quanh & lt;#& gt;"
ham,"Sai cô là kẻ giết người, vì người đàn ông đã bị sát hại trên & lt;#& gt;"
spam,"Cơ hội của bạn để có một chương trình giả tưởng thực tế gọi ngay bây giờ = 08707509020 Chỉ cần 20p mỗi phút NTT LTD, PO Box 1327 Croydon CR9 5WB 0870 là một cuộc gọi quốc gia = tỷ lệ."
ham,Tôi thực sự đã làm trong một thời gian đầu tiên.
ham,Hẹn gặp lại bạn ở đó!
ham,Tôi không hiểu tin nhắn của bạn.
ham,Hập hình là c không s.
ham,Idk.
ham,Fuck Cedar Key và Fuck Her (dù sao đi nữa tho)
ham,"Hai mươi năm qua, anh ấy nói rằng chuyến tàu này đã đến Durham hoặc không vì tôi đang ngồi ở một chỗ ngồi dành riêng"
spam,Này các chàng trai.
ham,Bạn vẫn vẽ bức tường của bạn?
spam,Cơ hội cuối cùng!
ham,Máy in mát.
ham,"Xin chào, tiền thuê nhà của Harish đã được chuyển cho dì của bạn."
ham,Bất cứ điều gì Lor cô ấy đến?
ham,CBE thực sự tốt ngày nay :) Rất nhiều cửa hàng và phòng trưng bày :) City đang hình thành tốt.
ham,"""Vẫn còn tham dự các cuộc nói chuyện của da?"
ham,Không có probs hon!
ham,K Tôi sẽ chăm sóc nó
ham,"Tôi lấy nó, chúng tôi không có điện thoại thứ sáu."
ham,Pin của tôi là thấp em yêu
ham,Shuhui đã mua món quà của Ron Đó là một chiếc đồng hồ Swatch ...
ham,"Vâng, còn khá nhiều, tôi sẽ vung vào ngày mai khi tôi thức dậy"
ham,Babe?
ham,K tôi chắc chắn sẽ thức dậy trước buổi trưa và xem những gì là gì
ham,K ... K ... Hôm qua tôi đã ở CBE.
ham,Đã đến cửa hàng váy Ganesh
spam,pdate_now - gấp đôi phút và 1000 txt trên thuế quan màu cam.
ham,Ì đang thu thập máy tính xách tay của bạn sau đó sẽ định cấu hình cài đặt izzit?
ham,Nếu bạn r @ về nhà thì hãy xuống trong vòng 5 phút
ham,"Aight, tôi nên ở đó 8 giờ mới nhất, có lẽ gần hơn với 7. Jay và Tyler Down hay chúng ta chỉ nên thực hiện hai chuyến đi?"
ham,Hãy đến sau & lt; thập phân & gt;
spam,"Cân bằng tiền mặt của bạn hiện là 500 pounds-để tối đa hóa tiền mặt của bạn, bây giờ hãy gửi tiền mặt tới 86688 chỉ 150p/msg."
ham,"Bill, như trong: Có bất kỳ chữ cái nào cho tôi."
ham,Nói cho tôi biết PA.
ham,"Xin chào Darlin, tôi hy vọng bạn đã có một đêm tốt đẹp, tôi ước tôi đã không thể đợi để thấy bạn yêu fran ps tôi muốn tình dục qua đường hậu môn bẩn thỉu và tôi muốn có một băng đảng 10 người đàn ông"
ham,Ha.
ham,Helloooo ... thức dậy ..!
ham,Alrite
ham,Tại sao chúng ta phải ngồi xung quanh và chờ đợi những ngày hè để ăn mừng.
spam,CẤP BÁCH!
ham,Làm thế nào để các bạn đi xem phim về phía bạn.
ham,"Xin lỗi, trong cuộc họp, tôi sẽ gọi sau"
ham,Bạn không cần phải nói với tôi rằng ... bây giờ tôi đang nghĩ.
ham,Vui lòng gửi ai đó đến căn hộ của bạn trước & lt; thập phân & gt;
spam,Lấy làm tiếc!
ham,Không có gì ... một chút buồn chán quá ... sau đó bạn sẽ về nhà sớm 2 giấc ngủ hôm nay ...
ham,Tôi nên nói với bạn tôi lúc mấy giờ?
ham,Đúng.
ham,Cảm ơn Chikoo .. :-) Chúc ngủ ngon:-*
ham,XY trong xe của bạn khi bạn đón tôi?
ham,"Thanx 4 Thời gian We nhất đã dành 2Geva, Bin Mint của nó!"
ham,"Yo, bất cứ cách nào chúng ta có thể chọn một cái gì đó tối nay?"
ham,Tôi đã không gửi nó.
ham,Tốt là tôi chỉ đơn giản là ngồi.
ham,Quà tặng của Chúa cho những con chim như con người có một số món quà tự nhiên frm thần ..
ham,Bạn đang đến ngày cho lớp học.
ham,Tôi đã hoàn thành.
ham,Ok ... bạn thích các chương trình của bạn ...
ham,Bất cứ điều gì...
ham,Tôi sẽ ở đâu nếu không có con tôi?
ham,Wat là người thân yêu của tôi làm?
ham,Xin chào 'Kiểm tra trên & lt;#& gt;
ham,Chỉ có 2% học sinh giải quyết câu hỏi mèo này trong 'Xam ... 5+3+2 = & lt;#& gt;
ham,Yo bạn có biết ai & lt;#& gt;
ham,Yup n cô ấy fren lor.
ham,"Vâng, chúng tôi đã có một cái xếp hàng cho chúng tôi"
ham,"Và ngừng tự hỏi \ wow là cô ấy sẽ ngừng tm'ing tôi?! \ ""Bởi vì tôi sẽ tm bạn bất cứ khi nào tôi muốn vì bạn là của tôi ... *cười *"""
ham,Lol yep đã làm điều đó ngày hôm qua.
ham,"Này, tôi đã đặt bài học pilates và yoga rồi ... haha"
ham,Bạn ổn chứ.
spam,Bạn có 1 tin nhắn mới.
ham,"Người giám sát của tôi tìm thấy 4 tôi một Chúa, tôi nghĩ rằng các sinh viên của anh ấy."
ham,Xin chào.
ham,Không có tin nhắn..không phản hồi..bác xảy ra điều gì?
spam,Chúng tôi hiện có một tin nhắn đang chờ bộ sưu tập của bạn.
ham,"Này em yêu, xin lỗi anh không nhận được sớm hơn."
ham,Làm cho 3 đó!
ham,Để lại nó.
ham,"Không, nhưng tôi sẽ đi 2 sch trên thứ sáu khá sớm lor cos mys sis có giấy vào buổi sáng :-)"
ham,tại Bruce B Downs & amp;
ham,Bạn ở đâu ?
ham,"Này bây giờ tôi miễn phí, bạn có thể gọi cho tôi."
ham,Hãy cho tôi biết ai là người này :-)
spam,CẤP BÁCH!
ham,Hãy nghĩ rằng tôi có thể phải bỏ lỡ nó.
ham,Id phải kiểm tra nhưng chỉ còn như 1 bát đáng giá
ham,Vâng có nhiều đồ ngọt
ham,Tôi sẽ nhưng tôi vẫn còn ấm cúng.
spam,Bạn có một người ngưỡng mộ bí mật.
ham,Buzzzz!
ham,Ngài Gửi đến Nhóm Thư Kiểm tra nó.
ham,Tôi đang thực hiện giới thiệu DA bao gồm các xu hướng năng lượng n Ưu điểm ... Mô tả ngắn gọn về Fusion Nucle n Oso Lịch sử ngắn gọn về ITER N JET có abt 7 n nửa trang ..
ham,"\ Không! Không nơi nào Ikno không làm việc! Shitinnit \ """""
ham,Bạn không biết bạn jabo tôi abi.
spam,"Bạn có bao giờ nhận thấy rằng khi bạn đang lái xe, bất cứ ai đi chậm hơn bạn là một thằng ngốc và mọi người lái xe nhanh hơn bạn là một kẻ điên?"
ham,Chưa có..Ya sapna dì Manege y'day hogidhe..chinnu hoàn toàn yếu và swalpa đen agidhane ..
ham,"Em có tốt không, em yêu?"
ham,Giao dịch NEFT với số tham chiếu & lt;#& gt;
ham,"Chủ yếu là loại thể thao..S như bóng đá, cricket .."
ham,Ma Head Dey Swell oh.
ham,Bạn nên lập danh sách fb
ham,Chiều cao của sự tự tin: Tất cả các giáo sư hàng không wer Calld & amp;
ham,Sary chỉ cần Tim trong bollox và nó làm tổn thương anh ấy rất nhiều nên anh ấy nói với tôi!
ham,Công chúa năm mới hạnh phúc!
ham,"Tôi sẽ nhắn tin cho Carlos và cho bạn biết, hãy tiếp tục"
ham,"Đừng lo lắng, * thật dễ dàng một khi có nguyên liệu!"
ham,"Tôi yêu bạn 2 cái chuông nhỏ của tôi, tôi xin lỗi nhưng tôi yêu bạn"
ham,"Được rồi, OMW bây giờ, bạn ở Castor?"
ham,Yar lor ... tiếp tục mưa không dừng lại ... hay bạn sẽ đi nơi khác?
spam,Ưu đãi Xmas!
ham,Ý bạn là bạn gần như đã làm?
ham,"7 Điều kỳ diệu trong thế giới của tôi thứ 7 bạn thứ 6 của bạn Phong cách thứ 5 nụ cười thứ 4 của bạn, tính cách thứ 3 của bạn tự nhiên thứ 2 của bạn SMS và 1st \ ur tình bạn đáng yêu \ ""... Chào buổi sáng thân yêu"""
ham,Tối nay?
ham,Tôi nên ăn gì cho bữa trưa Senor
ham,Anh ấy nói rằng anh ấy có một tiếng cười khúc khích khi anh ấy gặp lại bạn!
ham,Không có thời gian nghỉ ngơi ... Làm thế nào ... Tôi đi ra và lấy đồ của tôi fr Ì_?
spam,Trả lời để giành được 100 bảng hàng tuần!
ham,"Tôi ở đó và tôi có thể nhìn thấy bạn, nhưng bạn không thể nhìn thấy tôi?"
ham,Bạn vẫn còn máy xay?
spam,Không có 1 giai điệu đa âm 4 mob của bạn mỗi tuần!
ham,"Tình yêu không phải là một quyết định, đó là một cảm giác."
spam,"Hot Live Fantasies Gọi ngay 08707509020 Chỉ cần 20p mỗi phút NTT LTD, PO Box 1327 Croydon CR9 5WB 0870 là một cuộc gọi tỷ lệ quốc gia"
ham,Tôi đã không gặp bạn .:)k:) Bạn bây giờ bạn đang ở đâu?
ham,"Vì vậy, tôi đang làm một danh sách người mua."
ham,"Không biết, tôi đoán chúng ta sẽ làm việc đó một giờ sau khi chúng ta phải rời đi vì như thường lệ không có ai có hứng thú với việc tìm ra điều đó trước giây"
ham,MM không hoàn toàn chắc chắn rằng tôi đã hiểu văn bản đó nhưng hey.
ham,Họ đã phát hành áo Vday và khi bạn đặt nó lên nó làm cho nửa dưới của bạn trần truồng thay vì những bộ đồ lót màu trắng.
ham,Don Biết..He đang xem phim trong máy tính ..
ham,Không có B4 Thứ năm
ham,"Ồ, sau đó điện thoại của bạn gọi điện cho tôi nhưng nó bị ngắt kết nối"
ham,Nó chỉ quan trọng khi đi từ ngoài khuôn viên trường
spam,Thông báo này là miễn phí.
ham,"Tuyệt vời, tôi sẽ xem kế hoạch của Riley là gì"
ham,Tôi sẽ thấy trong nửa giờ
spam,"Bạn đã giành được TKTs vào trận chung kết Euro2004 Cup hoặc Å £ 800 Tiền mặt, để thu thập 09058099801 B4190604, POBOX 7876150PPM"
ham,EW bạn có phải là một trong số họ không?
ham,Cũng xin chào wesley bạn đã thế nào
ham,Ah bạn thấy.
spam,Khoản vay cho bất kỳ mục đích Å £ 500 - Å £ 75.000.
spam,UPDED_NOW - 12 triệu giá Half Orange Line Cho thuê: 400mins ... Gọi MobileUpd8 theo số 08000839402 hoặc Call2Optout = J5Q
ham,Hãy tưởng tượng cuộc sống mà không có tôi ... xem .. bạn đang tìm kiếm tôi nhanh như thế nào? Đừng lo lắng .. Tôi luôn ở đó để làm phiền bạn .. trưa tốt .. :)
ham,"HM Chào buổi sáng, đau đầu ai?"
ham,Vâng không có probs - đêm qua rõ ràng là bắt kịp với bạn ... nói sớm
spam,Miễn phí không giới hạn khiêu dâm Hardcore trực tiếp 2 TXT di động của bạn khiêu dâm đến 69200 và được truy cập miễn phí trong 24 giờ sau đó chrgd@50p mỗi ngày TXT dừng 2Exit.
ham,Tôi có thể đi 2 sch.
ham,& lt;#& gt;
ham,& lt;#& gt;
ham,Một trong những niềm vui trong Lifeis thức dậy mỗi ngày với những suy nghĩ ở đâu đó ai đó đủ quan tâm để gửi một lời chào buổi sáng ấm áp .. -
ham,Tôi đã không nhận được nửa sau của tin nhắn đó
ham,Bạn muốn 2 lần gặp tôi lúc mấy giờ?
ham,Tôi cảm ơn bạn rất nhiều vì tất cả những gì bạn làm với sự vị tha.
ham,"Tôi đang ở trong phim, tôi sẽ gọi cho bạn sau."
ham,Làm thế nào bạn dám thay đổi chiếc nhẫn của tôi
ham,Bạn là một cô gái rất rất rất rất xấu.
ham,Tôi cũng yêu bạn nhưng hãy cố gắng và lập ngân sách tiền của bạn tốt hơn em yêu.
ham,"Phần nào của \ không bắt đầu \ ""Bạn không hiểu"""
ham,Tôi đã hoàn thành bữa trưa của mình rồi.
ham,Bạn vẫn ở trò chơi?
ham,Bạn có tài năng nhưng bạn đang lãng phí.
ham,Bạn có tài năng nhưng bạn đang lãng phí.
ham,"Ngoài ra, tôi đã gửi cho bạn một email về cách đăng nhập vào cổng thanh toán USC."
ham,Gonna cho tôi biết cos trở lại từ kỳ nghỉ ngày hôm đó.
ham,Jokin Only Lar ... :-) Phụ thuộc vào điện thoại nào mà cha tôi có thể nhận được ...
ham,"Aight, Lemme biết có chuyện gì"
ham,Hãy sẵn sàng cho & lt;#& gt;
ham,Raji..pls giúp tôi một việc.
ham,;-) Được rồi.
ham,Cos darren nói ì_ xem xét mah vì vậy tôi hỏi ì _...
ham,Bạn không làm phiền tôi nhưng bạn phải tin tưởng câu trả lời của tôi.
ham,"Chúc bạn và gia đình bạn vui vẻ \ x \ ""Mas và chúc mừng năm mới trước .."""
ham,"Một ngày nọ, một con cua đang chạy trên bờ biển..có sóng đã làm sạch dấu chân của con cua .. Cua hỏi: Là người của tôi để xóa dấu chân tuyệt đẹp của tôi?"
ham,Aight bạn muốn tôi đi lên lúc mấy giờ?
ham,Slaaaaave!
ham,"Hóa đơn của bạn ở mức 3 là Å £ 33,65 nên điều đó không tệ!"
ham,Hãy cho tôi biết làm thế nào nó thay đổi trong 6 giờ tiếp theo.
ham,"Xin chào, vâng, tôi vừa mới ra khỏi bồn tắm và cần phải làm tóc nên tôi sẽ đi lên khi hoàn thành, phải không?"
ham,Vậy thời tiết ở đó thế nào?
ham,Được rồi.
ham,Chết ... bây giờ tôi lại có E Toot Fringe ...
ham,Lol họ không biết về điện thoại tuyệt vời của tôi.
ham,Được rồi
ham,"Câu hỏi tuyệt vời với một câu trả lời dễ thương: Ai đó đã hỏi một cậu bé \ cuộc sống của bạn thế nào? \ "". Anh ấy mỉm cười & amp;"
ham,Vui lòng rời khỏi chủ đề này..sorry để nói rằng ..
ham,Xin vui lòng gửi cho tôi tên chính xác da.
ham,Điều gì đã xảy ra với ngày yo của chúng tôi?
spam,EastEnders TV Quiz.
ham,Trang web S không có sẵn!
ham,Vừa thức dậy.
spam,Bây giờ bạn đã hủy đăng ký tất cả các dịch vụ.
ham,"Thân mến, như chúng ta đã biết & lt;#& gt;"
ham,K..K ... từ ngày mai trở đi bắt đầu ah?
ham,Bạn đang nói chuyện gì vào buổi sáng sớm?
ham,Khỏe.
spam,"Chào em yêu của nó Jordan, bạn thế nào?"
ham,"Chào em yêu của nó Jordan, bạn thế nào?"
ham,"Nghe có vẻ tốt, hãy giữ cho tôi được đăng"
spam,Nhận một điện thoại di động hoàn toàn mới bằng cách là một đại lý của mob!
ham,Được rồi.
ham,Cậu bé bạn tốt nhất hãy đưa bạn ra khỏi đây nhanh chóng
ham,Ay wana gặp nhau trên sat? Ì_ wkg trên sat?
ham,Bây giờ tôi nhưng phải đợi đến 2 chiếc xe buýt để chọn tôi.
ham,Ngoài cái tôi đã nói với bạn về ngày hôm qua?
ham,Ok lor ... nhưng mua wat?
ham,Ai đó nên đến Andros và đánh cắp băng
ham,Đừng biết.
ham,Đưa chúng tôi ra ngoài mua sắm và Mark sẽ đánh lạc hướng Isaiah. = D
ham,"Mẹ, hy vọng bạn đang có một ngày tuyệt vời."
ham,Không có ý nghĩa ở chân và dương vật của tôi.
ham,Được rồi nhưng tôi nghĩ bạn là chuyên gia
ham,* Thở sâu* ... Tôi nhớ bạn :-( ... Tôi thực sự ngạc nhiên khi bạn chưa đến quán cà phê net để đến với tôi ... bạn có nhớ tôi không?
ham,S.S :) Tôi nghĩ vai trò giống như Sachin.Just Stand.
ham,Có một chuyến đi tuyệt vời đến Ấn Độ.
ham,"Và rất quan trọng, tất cả những gì chúng ta thảo luận là giữa bạn và tôi chỉ."
ham,K..k :) Làm thế nào về quá trình đào tạo của bạn?
ham,Ok lor.
ham,Trong bãi đậu xe da
ham,Tôi ước rằng tôi đã ở bên bạn.
ham,"Vì vậy, tôi đã hỏi Anthony thế nào."
ham,"'Wnevr tôi wana fal trong luv vth những cuốn sách của tôi, giường của tôi giả mạo trong luv vth me ..!' '."
ham,Ngày hôm nay-Chủ Nhật Bản..sunday là kỳ nghỉ..vì không có việc làm ..
ham,"Tôi sẽ tắm, hãy đặt chìa khóa vào cửa sổ :-)"
spam,Lord of the Rings: Return of the King trong cửa hàng ngay bây giờ! Trả lời LOTR trước ngày 2 tháng 4
ham,Lord of the Rings: Return of the King trong cửa hàng ngay bây giờ! Trả lời LOTR trước ngày 2 tháng 4
ham,
ham,Bạn đã di cư hay gì đó?
ham,Olol Tôi đã in ra một bài đăng trên diễn đàn của một anh chàng có cùng một đầu dò được cố định bằng một sự thay thế GPU.
ham,Chúng tôi đi bộ từ mẹ tôi.
ham,"Yo, bạn ở JP và đói như một mofo?"
ham,Điều này chỉ là đáng sợ và điên rồ đối với tôi.
ham,Ok ... tôi đã nhận được tin nhắn của bạn ...
ham,Tessy..pls giúp tôi một việc.
ham,Pathaya Enketa Maraikara Pa '
ham,"Ngay cả khi anh ấy là bạn của tôi, anh ấy là một linh mục gọi anh ấy bây giờ"
ham,"Bạn rất tệ, chạy đã trở lại sau đó một nửa chết ... hee ..."
ham,"Đó là bạn đã nói đó là ngày tồi tệ, tất cả các cô gái e đều biết bạn ... bạn đang làm gì bây giờ?"
ham,Hoặc nhắc nhở tôi trong một vài giờ.
ham,Tôi đã hy vọng tôi sẽ không phải gửi cho bạn tin nhắn này.
ham,CHÀO.
ham,Xin chào hun làm thế nào ru?
ham,Lol tôi sẽ vào tháng trước.
spam,Chúc may mắn!
ham,Ngắn nhưng dễ thương: \ là một người tốt
ham,Chỉ cần quyết định ở đâu hả?
ham,"Wat Time Liao, nơi vẫn có."
ham,Có khi xem footie nhưng lo lắng chúng ta sẽ thổi nó - Phil Neville?
ham,Tôi đợi 4 ì_ bên trong bãi đậu xe da ...
ham,Bác Tu viện!
ham,Bây giờ tôi miễn phí gọi cho tôi pa.
ham,R u nói rằng tôi nên đặt hàng dép mà tôi phải trả tiền để trả lại.
ham,Đừng biết tôi rất rõ!
ham,Buổi tối vui vẻ!
ham,Vấn đề nhỏ trong đấu giá :) bây giờ Punj hỏi tiwary
spam,Nhập miễn phí trong 2 comp hàng tuần để có cơ hội giành được iPod.
ham,Anh ta bảo không nói với bất kỳ ai.
ham,Các chú của tôi ở Atlanta.
spam,1ST WK miễn phí!
ham,Bạn đến 2 chọn tôi?
ham,Điều đó thật tuyệt.
ham,Bạn có thể tin rằng họ không biết tôi đã đặt trước vào thứ năm để họ lại hủy bỏ tôi!
ham,"Haha muộn hơn bao giờ hết, bất cứ cách nào tôi có thể đu qua?"
ham,Được rồi.
spam,"LookatMe !: Cảm ơn bạn đã mua một video clip từ LookatMe !, Bạn đã bị tính phí 35p."
ham,Tôi đã bị cấm từ tất cả các cửa hàng B và Q suốt đời!? TWAT này ở Orange Dungerees đã đến gặp tôi và hỏi tôi có muốn sàn không?
ham,"Vì vậy, không có tin nhắn."
ham,Ok đi ngủ.
ham,Wat làm cho một số người thân yêu hơn không chỉ là hạnh phúc mà bạn cảm thấy khi bạn gặp họ mà là nỗi đau mà bạn cảm thấy khi bạn nhớ dem !!!
ham,Bạn có thể cho tôi biết chi tiết về FRI khi bạn tìm hiểu vì tôi không ở Tom hay Fri.
ham,Bạn đúng là tôi có bây giờ tôi nghĩ về nó
ham,Bạn đang làm gì bây giờ?
ham,Bài giảng của bạn đã kết thúc?
spam,Sexy sexy kiêm và nhắn tin cho tôi tôi ướt và ấm và sẵn sàng cho một số phim khiêu dâm!
ham,Nơi khách hàng tôi sẽ gọi cho bạn
ham,Chưa được lên kế hoạch :) sẽ tham gia công ty vào ngày 5 tháng 1. Biết điều gì sẽ xảy ra sau đó.
ham,Con trai;
ham,"Haha tôi đã nghe điều đó, nhắn tin cho tôi khi bạn ở bên"
ham,I. sẽ đến đó vào ngày mai và gửi nó cho bạn
ham,\ Shit babe .. thasa bit bừa bộn.
ham,"Ồ, muộn!"
ham,\ Cheers u Tex mecause u wasbored!
ham,"Xin lỗi, trong cuộc họp, tôi sẽ gọi cho bạn sau"
ham,Yo!
ham,Vâng nhưng điều tồi tệ hơn đối với tôi
spam,Hard Live 121 Trò chuyện chỉ 60p/phút.
ham,Tôi đã gắn thẻ bạn bè của tôi rằng bạn dường như được coi là bạn của bạn.
spam,Không được nghe từ U4 một thời gian.
ham,Được rồi...
ham,Lâu rồi.
ham,Havent mua sắm ngay bây giờ tôi chỉ đến
ham,Cảm ơn bạn.
ham,Bạn có thích thử thách không?
ham,Chi phí vỏ ur hdd của bạn đã bao nhiêu.
ham,Bí ẩn đã giải quyết!
ham,Tôi không thể mô tả bạn may mắn như thế nào khi tôi thực sự tỉnh táo vào buổi trưa
spam,Đây là lần thứ 2 chúng tôi đã cố gắng liên hệ với u.
ham,Hôm nay là ngày xin lỗi.!
ham,Chúc mừng cho thẻ ... có phải là thời điểm đó trong năm không?
spam,"Hot Live Fantasies Gọi ngay 08707509020 Chỉ cần 20p mỗi phút NTT LTD, PO Box 1327 Croydon CR9 5WB 0870..K"
ham,"Khi mọi người nhìn thấy các tin nhắn của tôi, họ nghĩ rằng tôi nghiện msging ... họ đã sai, bcoz họ không biết rằng tôi nghiện những người bạn ngọt ngào của tôi .. !!"
ham,Ugh hy vọng ASUS PPL không ngẫu nhiên thực hiện một định dạng lại.
ham,"Chưa thấy facebook của tôi, phải không?"
ham,"Chưa thấy facebook của tôi, phải không?"
ham,Still Otside le..u đến 2morrow Maga ..
ham,Bạn vẫn còn băng ống nước và một cờ lê chúng ta có thể mượn?
spam,"Chủ sở hữu chứng từ thân mến, để yêu cầu đề nghị tuần này, tại PC của bạn, vui lòng truy cập http://www.e-tlp.co.uk/reward."
ham,Nó vl bcum khó khăn hơn ..
spam,Ur đi 2 Bahamas!
ham,Vẫn chưa chờ đợi như thường lệ ... ì ist trở lại sch oredi?
ham,Trong cuộc họp da.
ham,K K :-) :-) Sau đó xem một số bộ phim.
ham,Điện ảnh cộng với uống hấp dẫn tomo?
ham,Có kích thước của máy tính bảng voi & u đẩy em lên mông của bạn !!
ham,"Vì vậy, nhiều người dường như rất đặc biệt ngay từ cái nhìn đầu tiên, nhưng chỉ rất ít"
ham,"Bố mẹ tôi, Kidz, bạn bè của tôi là đồng nghiệp của tôi."
ham,Dunno tôi juz hỏi tôi có một thẻ được giảm 20% 4 một salon có tên là cảm giác tóc vì vậy tôi đã không có một ì_ cắt tóc của bạn.
ham,Chào buổi sáng Pookie Pie!
ham,Có lẽ nếu bạn thức dậy trước khi đụ 3 thì đây sẽ không phải là vấn đề.
ham,Chúc mừng sinh nhật bạn .... thân yêu. Với rất nhiều tình yêu.rakhesh nri
ham,Howz câu chuyện về người đó
spam,Đây là lần thứ 2 chúng tôi đã thử 2 liên hệ u.
ham,X2 & lt;#& gt;
ham,Xin chào Neva lo lắng Bout da Truth Coz Sự thật sẽ dẫn tôi 2 trái tim của bạn.
spam,Ur đã trao một kỳ nghỉ thành phố và có thể giành được một cuộc mua sắm mùa hè £ 200 mỗi tuần.
ham,Bài báo của bạn hôm nay trong buổi sáng hay sau?
ham,Tôi sẽ liếm từng giọt :) Bạn đã sẵn sàng để sử dụng miệng của bạn chưa?
ham,Và bạn!
ham,Tuyệt vời.
ham,"Tôi có một số mới,."
ham,"Vì vậy, đó là để chọc người đàn ông hàng ngày mà họ dạy bạn ở Canada abi!"
ham,7 lor ... thay đổi 2 suntec ... thời gian bạn đến?
ham,Không có de.am nhìn thấy trong cửa hàng trực tuyến để tôi hỏi.
ham,Chỉ tò mò vì vì tôi đã hỏi tôi đang làm gì
ham,NICE.Nice. Làm thế nào nó hoạt động?
ham,"Được rồi, lor ... wah ... như điều đó, họ sẽ không cho chúng ta đi ... haha ... họ đã nói gì trong các điều khoản và điều kiện?"
ham,Haha ... yup hy vọng chúng ta sẽ mất một vài kg bởi Mon.
ham,Cô ấy tốt.
ham,"Ồ, vâng, tôi vừa bị thời tiết một chút nên tôi đã ở nhà"
ham,Ở nhà cũng vậy.
ham,Điện thoại này có ô tô tự động kỳ lạ nhất.
ham,"Rất tiếc, điện thoại của tôi đã chết và tôi thậm chí không biết."
ham,Không phải hỏi nếu bạn có thể chiến tranh đầu tiên.
ham,"Cô ấy nói, '' Bạn có phiền nếu tôi đi vào phòng ngủ trong một phút không?"
ham,"Ồ vâng, và có một thời gian tuyệt vời ở Newquay-Send cho tôi một tấm bưu thiếp!"
ham,Chúng tôi đã ly hôn.
ham,Ghim của bạn là gì?
ham,"Em yêu, em đã có đủ tiền để lấy bánh mì và sữa?"
ham,Tôi muốn tuyết.
spam,CẤP BÁCH!
ham,Hãy đến trạm xe buýt Mahal .. & lt; thập phân & gt;
ham,Không biết :) Tuần này tôi sẽ đến Tirunelveli da.
ham,Tôi cũng vậy em yêu!
ham,Tôi nghĩ nó giống như trò chơi hoàng hôn của khách sạn.
spam,"Cảm ơn đơn đặt hàng nhạc chuông của bạn, số tham chiếu x29."
ham,"Xin chào, tình yêu của tôi!"
ham,Đó phải là một nỗi đau để bắt
ham,Xin lỗi DA Thangam. Đó là sai lầm của tôi.
ham,Tôi cần ... vì tôi chưa bao giờ đi trước đây
ham,"Hoa hồng cho màu đỏ, đỏ cho máu, máu cho tim, trái tim cho u."
ham,Vợ. Làm thế nào cô ấy biết thời gian giết người chính xác
spam,Sáu cơ hội để giành được tiền mặt!
spam,Cân bằng tiền mặt của bạn hiện là 500 pound-để tối đa hóa tiền mặt của bạn hiện đang gửi thu thập tới 83600 chỉ 150p/msg.
ham,Tôi cảm thấy như một tinh ranh vì tôi tiếp tục ngủ qua các văn bản và tin nhắn Facebook của bạn.
ham,Không có PLM tôi sẽ đến da.
ham,Không có PLM tôi sẽ đến da.
ham,Chiều cao của tái chế: Đọc hai lần-mọi người dành thời gian để kiếm tiền và cùng một khoản tiền dành cho việc dành thời gian! ;-) Chào buổi sáng .. Hãy tiếp tục mỉm cười :-)
ham,Yup Ì_ không comin :-(
ham,"Vâng, công chúa."
ham,"Aight nhắn tin cho tôi khi bạn trở lại MU và tôi sẽ đi qua, cần ai đó để lấy cửa cho tôi"
ham,Ron nói cho chân.
ham,Tốt.
ham,Tôi không sao.
ham,Một suy nghĩ dễ thương cho tình bạn: \ Không cần thiết phải chia sẻ mọi bí mật với người bạn thân của bạn
ham,"Được rồi, tôi đã gửi cho bạn phiên bản mới nhất của dự án da."
ham,Chào buổi sáng thân yêu của tôi ........... có một tuyệt vời & amp;
ham,Xin vui lòng chấp nhận tôi một ngày.
ham,Vắt kiệt!!
ham,"Không sao, nếu có ai hỏi về tôi, bạn nói với họ ..:-p"
ham,"Sự thật hài hước không ai dạy núi lửa 2 nổ ra, sóng thần 2 phát sinh"
ham,* Bạn sẽ đổ chuông vào cuối tuần này hay wot?
ham,Cũng theo dõi bất kỳ bật lửa nào bạn có thể tìm thấy
ham,"Xin lỗi, tôi không thể giúp bạn về điều này."
ham,"Em yêu, anh cần lời khuyên của em"
ham,"I ‰ û ll rời đi khoảng bốn, ok?"
ham,Đến trường đại học y khoa lúc 7 giờ tối ...... chuyển tiếp nó da
ham,K :) k..its tốt :) khi nào bạn đi?
ham,Tôi có thể làm lasagna cho bạn ... vodka ...
ham,"Xin chào, bạn có thể cho tôi một chiếc nhẫn càng sớm càng được không"
ham,Những người đó là ai?
ham,"Không, nhưng bạn đã nói với tôi rằng bạn sẽ đi, trước khi bạn say rượu!"
ham,Anh ta chết tiệt.
spam,Chúc mừng!
ham,Tôi luôn tìm kiếm một cái cớ để ở trong thành phố.
ham,"Yup tôi vẫn đang uống cà phê với bạn của tôi ... bạn tôi đã lái xe, cô ấy sẽ cho tôi một thang máy ..."
ham,O bờ bạn có phải là xe buýt
ham,Vậy bạn sẽ nhận được Deus Ex?
ham,Tôi sẽ gửi chúng đến email của bạn.
spam,"44 7732584351, bạn có muốn một chiếc điện thoại màu Nokia 3510i mới được phân phối không?"
ham,Tap & Spile lúc bảy.
ham,"Được rồi, tôi đến và chọn bạn tại động cơ?"
ham,Đó là lý do tại sao tôi không bao giờ muốn nói với bạn bất kỳ điều này.
ham,Raviyog ngoại vi Bhayandar Đông
ham,K thực sự các bạn có thể gặp tôi tại Sunoco trên Howard không?
spam,Bạn có 1 thư thoại mới.
ham,"Mặt trăng đã đến để tô màu cho những giấc mơ của bạn, những ngôi sao để làm cho chúng âm nhạc và SMS của tôi để cho bạn giấc ngủ ấm áp và yên bình."
ham,Vừa ăn xong.
ham,Thanx rất nhiều ...
ham,Nhanh chóng về nhà bạn lớn mông.
ham,Lol quyền của bạn.
ham,Đó là một ngày tuyệt vời.
ham,Điều gì đã xảy ra trong cuộc phỏng vấn?
ham,Giải quyết trường hợp: Một người đàn ông đã được tìm thấy bị sát hại trên & lt; thập phân & gt;
ham,Badrith chỉ dành cho Chennai :) Tôi chắc chắn sẽ chọn cho chúng tôi :) Không có sự cạnh tranh cho anh ấy.
ham,Tôi không phải là người bạn nhóm của tôi ... may mắn là tôi không trả lời ... thời gian làm ì_ cần phải rời đi ...
ham,Này bạn xung quanh?
ham,Này TMR có lẽ có thể gặp bạn tại YCK
ham,"Được rồi Sam, thật tuyệt khi chỉ kiểm tra xem đây là số của bạn-nó phải không? T.B*"
ham,Họ chỉ làm cho nó dễ dàng trả lại.
ham,Họ chỉ làm cho nó dễ dàng trả lại.
ham,"Trạm xăng giống như cách nhà tôi một dãy nhà, bạn sẽ lái xe ngay vì Armenia kết thúc tại Swann và bạn phải lấy Howard"
spam,Ai đó bạn biết đã hỏi dịch vụ hẹn hò của chúng tôi 2 liên hệ với bạn!
spam,Camera - Bạn được trao một máy ảnh kỹ thuật số SIPIX!
ham,Học phí của tôi ở mức 330. HM Chúng tôi đi cho 1120 đến 1205?
ham,Học phí của tôi ở mức 330. HM Chúng tôi đi cho 1120 đến 1205?
ham,Thân mến Chào buổi sáng bạn cảm thấy thân yêu như thế nào
ham,Một chút.
ham,"Ngày mai đẹp không bao giờ đến .. Khi nó đến, hôm nay đã đến ngày mai đẹp đẽ đừng lãng phí tuyệt vời của bạn ngày hôm nay .. tốt lành :)"
ham,Dunno lei Ì_ tất cả quyết định lor.
ham,Chào bạn.
spam,Số Voda Today kết thúc 5226 được chọn để nhận giải thưởng 350.
spam,Thông báo này là miễn phí.
ham,Honeybee nói: * Tôi là người ngọt ngào nhất trong thế giới D * Chúa cười & amp;
ham,Chỉ cần làm những gì dễ dàng hơn cho bạn
spam,Rct 'thnq adrian cho u văn bản.
ham,Ngừng gọi mọi người nói rằng tôi có thể bị ung thư.
ham,"Nó sẽ rất khó khăn, nhưng tôi sẽ làm những gì tôi phải"
ham,Im gonnamissu rất nhiều !! Tôi sẽ nói rằng tôi sẽ gửi cho bạn một tấm bưu thiếp về nhiều cơ hội của merememberin henthere là OFSI không phá vỡ hợp đồng của anh ấy !!
ham,EE MSG NA POORTIYAGI ODALEBEKU: HANUMANJI 7 Tên 1-Hanuman 2-Bajarangabali 3-Maruti 4-Pavanaputra 5-Sankatmochan 6-Ramaduth 7-Mahaveer EE 7 Tên & lt;#& GT;
ham,"Xin chào Darlin, tôi kết thúc lúc 3 bạn 1 2 đón tôi hay gặp tôi?"
ham,"Đặt một vị trí cho tôi trong trái tim của bạn chứ không phải trong tâm trí bạn, vì tâm trí dễ dàng quên đi nhưng trái tim sẽ luôn nhớ."
ham,Nhưng tôi ngạc nhiên khi cô ấy vẫn có thể đoán đúng ...
ham,Okie Ì_ wan gặp nhau tại Bishan?
ham,Oh ho.
ham,"Chào em yêu, công việc của anh đã gặp rắc rối như thế nào?"
ham,Tôi biết bạn đang phục vụ.
ham,"Huh ... Hyde Park không ở Mel ah, opps, đã bối rối ... Dù sao, nếu TT của TT lựa chọn tốt nhất thì chúng ta phải lấy nó ..."
ham,"Huh ... Hyde Park không ở Mel ah, opps, đã bối rối ... Dù sao, nếu TT của TT lựa chọn tốt nhất thì chúng ta phải lấy nó ..."
spam,"Tin nhắn miễn phí Kích hoạt 500 tin nhắn văn bản miễn phí của bạn bằng cách trả lời tin nhắn này với từ miễn phí cho các điều khoản & điều kiện, hãy truy cập www.07781482378.com"
ham,Tôi biết các cô gái luôn an toàn và ích kỷ khi biết tôi đã nhận được nó.
ham,"Không phải lo lắng, buổi chụp hình hy vọng diễn ra tốt đẹp."
ham,Tôi đang đóng băng và thèm băng.
ham,Kay ... vì chúng tôi đã ra ngoài
ham,Kay ... vì chúng tôi đã ra ngoài
ham,Yo tôi đúng bởi bạn làm việc
ham,"Ok em yêu, anh cho rằng không sao đâu, tôi chỉ lo lắng quá nhiều. Tôi phải làm một số công cụ phim của mình và sau đó phải trông trẻ một lần nữa!"
ham,"Cô ấy nói, '' Bạn có phiền nếu tôi đi vào phòng ngủ trong một phút không?"
ham,Tôi không đánh thức kể từ đó.
ham,Không ... Juz đi làm ...
ham,Huh quá nhanh ... dat có nghĩa là bạn đã hoàn thành bức tranh?
ham,Bạn sống ở số nào?
ham,"Không, chúng tôi đặt bữa tiệc 7 ngày một tuần và nghiên cứu nhẹ, tôi nghĩ chúng tôi cần vẽ một số hộp kiểm tùy chỉnh để họ biết chúng tôi khó tính"
ham,SAC sẽ ghi điểm lớn hàng trăm. Anh ấy được đặt batsman :-)
ham,Gửi cho tôi số của YSSTY.
ham,Nó sẽ có giá bao nhiêu.
ham,Ok ... bài kiểm tra lý thuyết?
spam,Bạn đang được liên hệ bởi dịch vụ hẹn hò của chúng tôi bởi một người mà bạn biết!
ham,"Điều đó tốt, hãy để anh ấy gọi cho tôi nếu anh ấy biết anh ấy muốn gì hoặc có bất kỳ câu hỏi nào"
ham,"Xin lỗi, có một khởi đầu muộn, chúng tôi đang trên đường"
ham,"Sau đó, bạn quay trở lại chính mình ..."
ham,Tôi đang ở trạm xăng.
ham,"K, nếu bạn chán, hãy đến nhà tôi .."
ham,Babe !!!!
ham,"Giống như tôi đã khiến anh ấy ném lên khi chúng tôi hút thuốc trong xe của bạn mình, điều đó thật tuyệt vời"
ham,Tôi vẫn chưa kiểm tra nó da.
ham,Bạn sẽ đến Walmart.
ham,"Tôi đã không quên bạn, tôi có thể có một vài đô la để gửi cho bạn vào ngày mai, K?"
ham,Oh tuyệt vời.
ham,Đảo ngược là gian lận.
ham,Bạn được chào đón ... bắt gặp bạn sử dụng tiếng Anh bị hỏng một lần nữa ...
ham,Không có vấn đề gì em yêu.
ham,"Xin lỗi, tôi sẽ gọi sau"
ham,Ồ là nó!
ham,"Xin lỗi, tôi không thể nhận cuộc gọi của bạn ngay bây giờ."
ham,Bạn đến lúc nào.
ham,Gọi cho anh ấy và nói rằng bạn sẽ không đến hôm nay ok và bảo họ đừng lừa tôi như thế này ok
ham,Tôi đã gửi email cho yifeng phần của tôi oredi .. có thể ì_ nhận nó cho anh ta ..
ham,R bạn chắc chắn họ sẽ hiểu điều đó!
ham,Đi bộ tối thiểu là 3miles một ngày.
ham,"Ok, không có vấn đề gì sẽ khiến họ một chiếc taxi."
ham,"Búp bê trẻ em không có não ..:-D ;-), xe Sariyag Drive Madoke Barolla .."
ham,Tôi không bỏ trốn khỏi bạn ... Tôi đi chậm & amp;
spam,"Xin lỗi, tôi đã bỏ lỡ cuộc gọi của bạn, hãy nói chuyện khi bạn có thời gian."
ham,Vui lòng tham dự điện thoại :)
ham,Bạn chỉ ghét tôi.
ham,Không có tin nhắn trên điện thoại của cô ấy.
ham,Có thể ... tôi rảnh ...
ham,"Yo chuyến đi của tôi bị hoãn lại, bạn vẫn dự trữ?"
ham,"Xin lỗi, tôi sẽ gọi sau"
ham,"Tôi đang đợi cuộc gọi của bạn, thưa ngài."
ham,"Này, bạn đang làm gì."
ham,"Này Elaine, cuộc họp hôm nay vẫn còn?"
ham,"Xin lỗi, tôi đã không đến nơi đó."
ham,"Hầu hết các tiime khi tôi không để bạn ôm tôi, vì vậy tôi không rơi nước mắt."
ham,Ngày mai tôi sẽ không đến nhà hát.
ham,Và bây giờ điện vừa đi ra FML.
ham,"Có vẻ như bạn đã tìm thấy một cái gì đó để làm ngoài khói thuốc, công việc tuyệt vời!"
ham,"Cũng vậy Andros ICE, v.v."
ham,:)
ham,:)
ham,:)
ham,:)
ham,:)
ham,:)
spam,"Chào buổi chiều, tình yêu của tôi."
ham,"Chà, tôi có nghĩa là trái ngược với đêm say rượu của tôi trước đây"
ham,"Chà, tôi có nghĩa là trái ngược với đêm say rượu của tôi trước đây"
spam,"Chà, tôi có nghĩa là trái ngược với đêm say rượu của tôi trước đây"
ham,
ham,
ham,"Chà, tôi có nghĩa là trái ngược với đêm say rượu của tôi trước đây"
ham,Vậy bạn làm việc ngoài giờ Nigpun?
ham,Vậy bạn làm việc ngoài giờ Nigpun?
spam,Vậy bạn làm việc ngoài giờ Nigpun?
ham,Vậy bạn làm việc ngoài giờ Nigpun?
ham,Vậy bạn làm việc ngoài giờ Nigpun?
ham,Ok thanx ...
ham,
ham,
spam,
ham,Ok thanx ...
ham,Nó chỉ làm số học đơn giản không phải là tỷ lệ phần trăm.
ham,Nó chỉ làm số học đơn giản không phải là tỷ lệ phần trăm.
spam,"Là một khách hàng có giá trị, tôi vui mừng khuyên bạn rằng sau khi xem xét gần đây về mob của bạn, bạn được trao giải thưởng thưởng Å £ 1500, hãy gọi 09066364589"
ham,Cảm ơn em yêu.
ham,Cảm ơn em yêu.
ham,Chúc ngủ ngon thân yêu của tôi .. Sleepwell & amp; chăm sóc
ham,"Sau đó, ì_ yêu cầu bố chọn ì_ up lar ... Ì wan 2 ở lại đến 6 meh ..."
ham,"Sau đó, ì_ yêu cầu bố chọn ì_ up lar ... Ì wan 2 ở lại đến 6 meh ..."
ham,Để
ham,Để
spam,"Sự thật tuyệt vời chống lại trọng lực .. Đọc kỹ: \ Trái tim của chúng ta cảm thấy nhẹ nhàng khi ai đó ở trong đó .. nhưng nó cảm thấy rất nặng nề khi ai đó rời khỏi nó .. \ ""Goodmorning"""
ham,Bạn có muốn một chiếc điện thoại màu Nokia 3510i mới được phân phối vào ngày mai không?
ham,
ham,
ham,Bạn có muốn một chiếc điện thoại màu Nokia 3510i mới được phân phối vào ngày mai không?
ham,Bạn có muốn một chiếc điện thoại màu Nokia 3510i mới được phân phối vào ngày mai không?
ham,Không có pic.
ham,Anh ấy vẫn là một người bro giữa các bros
ham,Anh ấy vẫn là một người bro giữa các bros
ham,Nhưng tôi có đủ không gian có 4 MB ...
spam,Cuộc sống chưa bao giờ là niềm vui và tuyệt vời cho đến khi bạn bước vào. Bạn đã làm cho nó thực sự đặc biệt đối với tôi.
spam,Cuộc sống chưa bao giờ là niềm vui và tuyệt vời cho đến khi bạn bước vào. Bạn đã làm cho nó thực sự đặc biệt đối với tôi.
spam,
spam,Chào mừng!
spam,Freemsg: Cuộc gọi miễn phí không giới hạn 1 tháng!
spam,10 mth di động của bạn?
spam,Am New 2 Club & don fink chúng tôi đã gặp nhưng sẽ b gr8 2 c bạn xin vui lòng để lại msg 2day wiv khu vực ur 09099726553 Trả lời Carlie x Call
ham,ĐÚNG VẬY.
ham,"Chắc chắn nhưng vì bố mẹ tôi sẽ làm việc vào thứ ba, tôi không thực sự cần một câu chuyện trang bìa"
ham,"Chắc chắn nhưng vì bố mẹ tôi sẽ làm việc vào thứ ba, tôi không thực sự cần một câu chuyện trang bìa"
ham,"\ Chào Darlin, bạn đã gọi điện cho tôi?"
ham,"\ Chào Darlin, bạn đã gọi điện cho tôi?"
ham,Bạn luôn luôn là người thông minh.
ham,"Vâng, nếu chúng ta phải có được một anh chàng ngẫu nhiên, chúng ta cần thay đổi tờ thông tin của mình thành Party & lt;#& gt;"
spam,"Vâng, nếu chúng ta phải có được một anh chàng ngẫu nhiên, chúng ta cần thay đổi tờ thông tin của mình thành Party & lt;#& gt;"
ham,"Giáng sinh là một dịp được tổ chức như một sự phản ánh ... giá trị của bạn ..., mong muốn ..., tình cảm ... và;"
ham,Gửi cho bạn lời chào của niềm vui và hạnh phúc.
ham,"\ Xin chào Darlin, tôi không thể làm gì cả khi tôi làm cho tôi ăn một bữa ăn."
ham,Nếu Ấn Độ giành chiến thắng hoặc chuỗi cấp có nghĩa là đây là bản ghi :)
ham,"Sau đó, những gì về kế hoạch tiếp theo?"
ham,Thật tốt khi được nghe từ bạn
ham,"Tuyệt vời, làm thế nào để tôi đối phó với cổng?"
ham,Bạn nghĩ lúc mấy giờ về Goin?
spam,Nhận một bộ phim video di động miễn phí miễn phí phim miễn phí.
spam,Tiết kiệm tiền cho đồ lót đám cưới tại www.bridal.petticoatdreams.co.uk Chọn từ một lựa chọn tuyệt vời với giao hàng quốc gia.
ham,Bảng của bạn đang hoạt động tốt.
ham,Có nhưng tôi không quan tâm vì tôi biết nó ở đó!
ham,rượu whisky rượu rum rượu gin rượu vodka scotch rượu gội đầu \ kudiyarasu thina vazhthukkal.
ham,"Mon okie lor ... haha, tốt nhất là thức ăn giá rẻ n gd, ex oso okie ... phụ thuộc vào việc wana ăn thức ăn phương Tây hay Trung Quốc ... den mà bạn thích ..."
ham,Ngồi và không có gì để làm cho.
ham,Ngồi và không có gì để làm cho.
ham,Lấy làm tiếc.
ham,Ya chỉ kể về sự cố đó ..
ham,"Vâng, chúng tôi đã ở bên ngoài trong 2 giờ."
ham,Ugh vừa ra khỏi lớp
ham,"Ngày nay, mọi người đang nổi tiếng về cơ hội laxinorfic cho việc vướng vào entropication .... Bạn đã bao giờ xóa bỏ những cuốn sách của bạn cho bộ khuếch đại của FidalFication chưa?"
ham,Tôi không có bất kỳ tập tin nào của bạn trong túi của tôi..Tôi đang làm việc khi bạn gọi cho tôi. Tôi sẽ nói với bạn nếu tôi tìm thấy bất cứ thứ gì trong phòng của tôi.
ham,Không cần Lar.
ham,Được rồi.
ham,Bài thơ tình bạn: thân mến O thân mến bạn không gần nhưng tôi có thể nghe không bị sợ sống với sự cổ vũ không còn nước mắt bạn luôn luôn là người thân yêu của tôi.
ham,Ăn trưa và đến nhanh và mở cửa :)
spam,Không được nghe từ U4 một thời gian.
ham,Tôi đã trở lại.
ham,K .. I Yan Jiu Liao ... Sat Chúng ta có thể đi 4 Bugis Vill One Frm 10 đến 3 Den Hop to Parco 4 NB.
spam,Bloomberg -Message Center +44779706009 Tại sao phải chờ đợi?
ham,Tôi đang tìm kiếm một người phụ nữ trên đường phố và một kẻ lập dị trong tờ.
ham,Điện thoại của tôi
ham,"Haha hình, tôi đã tìm thấy mảnh và bát của Priscilla"
ham,"Trên thực tế, làm điều đó, chỉ cần làm bất cứ điều gì, hãy tìm một cái cớ để ở Tampa vào một lúc nào đó trước tháng 1"
spam,CẤP BÁCH!
ham,Yay!
ham,Cả ngày làm việc ngày :) ngoại trừ thứ bảy và chủ nhật ..
ham,Aathi.. bạn thân yêu ở đâu ..
ham,Trái tim trống rỗng mà không có tình yêu .. tâm trí trống rỗng mà không có trí tuệ .. đôi mắt trống rỗng mà không có ước mơ & amp;
ham,Tôi nghĩ rằng tôi ‰ û m đang chờ cùng một chiếc xe buýt!
ham,Bạn sẽ sớm trở lại bất cứ lúc nào?
ham,", mọi thứ thế nào?"
ham,", mọi thứ thế nào?"
ham,"Tôi có thể có thể đến, mọi người đã hoàn thành xung quanh & lt;#& gt;"
ham,"Tôi đã nhận được nó trước năm mới, Cos Yetunde nói rằng cô ấy muốn làm bạn ngạc nhiên nhưng khi tôi không thấy tiền, tôi đã trả lại nó vào giữa tháng 1 trước & lt;#& gt;"
ham,Tôi có thể hỏi xung quanh nhưng không có nhiều về mặt giữa ở đây
ham,Hãy chắc chắn kiểm tra email yahoo của bạn.
ham,Cô ấy đang tìm kiếm cái gì?
ham,Boytoy của tôi ở đâu?
spam,Bạn có muốn một video mới Phone750 bất cứ lúc nào bất kỳ mạng nào
ham,Xin chào tình yêu của tôi!
ham,Nói với nhân vật xấu của tôi mà bạn không thích ở tôi.
ham,Không :-) Tôi có tin đồn rằng bạn sẽ mua căn hộ ở Chennai :-)
ham,"Vâng, có lẽ sớm hơn thế"
ham,Thay đổi âm thanh logoff windows ..
ham,Tôi vẫn chưa kiểm tra nó da.
ham,Tôi cũng đến phòng.
ham,Huh nhưng tôi có bài học ở 4 lei n Tôi đã nghĩ đến việc đi học trước đó n i tot của bãi đậu xe tại Kent Vale ...
ham,Được rồi.
ham,Tôi sẽ đến văn phòng xung quanh & lt; thập phân & gt;
ham,"Tuyệt vời, nhắn tin cho tôi khi bạn ra ngoài"
spam,Bạn đang được liên hệ bởi dịch vụ hẹn hò của chúng tôi bởi một người mà bạn biết!
spam,WAN2 giành được một cuộc gặp gỡ+lời chào với Westlife 4 U hay M8?
ham,Chúc mừng sinh nhật ... bạn có thể tìm thấy hoàng tử của bạn quyến rũ công việc vui vẻ quá chăm chỉ ...
ham,"Ồ, Grand đang có một chút của một bữa tiệc nhưng nó không đề cập đến bất kỳ khoản phí nào nên có lẽ nó là lần đầu tiên được phục vụ trước"
ham,Bạn đã nói với tôi trước khi tôi trở lại giường rằng bạn không thể ngủ vì bất cứ điều gì.
ham,Tôi hy vọng bạn đã tức giận nhưng id thực sự muốn gặp bạn vào ngày mai.
spam,Dorothy@kiefer.com (Ngân hàng Granit phát hành mạnh mẽ mua mạnh) cho các thành viên của chúng tôi ***** lên hơn 300% ****** /
ham,nói & lt;#& gt;
ham,
ham,Miễn phí bất cứ ngày nào nhưng tôi kết thúc lúc 6 trên Thứ Hai Thứ Năm ...
ham,Bạn sẽ ở đây vì thức ăn
ham,Bạn sẽ ở đây vì thức ăn
ham,Bạn sẽ ở đây vì thức ăn
ham,Hai nguyên tắc cơ bản của cuộc sống mát mẻ: \ đi bộ
ham,"Camera khá tốt, 10,1mega pixel, 3optical và 5digital."
ham,Xin chào Petey!
ham,Tôi chỉ thấy Ron Burgundy Thuyền trưởng một chiếc thuyền tiệc
ham,Tôi nghiêm túc.
ham,Đã có một chàng trai yêu bạn:-.
ham,Nhân viên đào tạo vị trí tại Đại học Amrita.
ham,Tôi luôn trò chuyện với bạn.
ham,Tôi là hồ sơ công việc có vẻ như BPO ..
ham,Tôi là hồ sơ công việc có vẻ như BPO ..
ham,Tôi là hồ sơ công việc có vẻ như BPO ..
ham,"Chà, tôi định từ bỏ vì tất cả họ đều nói rằng họ không làm một đêm."
ham,Bạn có sẵn sàng tham gia lớp học ứng dụng.
ham,Bạn có sẵn sàng tham gia lớp học ứng dụng.
ham,Bạn có sẵn sàng tham gia lớp học ứng dụng.
ham,Bạn có sẵn sàng tham gia lớp học ứng dụng.
ham,Hãy thử Neva Mate !!
ham,"Vâng, đó là một trường hợp tốt nhất là kịch bản"
ham,"Hôm nay tôi không rảnh, tôi đã chọn bố mẹ tối nay ..."
ham,"Hôm nay tôi không rảnh, tôi đã chọn bố mẹ tối nay ..."
ham,"Hôm nay tôi không rảnh, tôi đã chọn bố mẹ tối nay ..."
spam,"Bạn là một người chiến thắng £ 1000 hoặc giải thưởng người gọi được bảo đảm, đây là nỗ lực cuối cùng của chúng tôi để liên hệ với bạn!"
spam,"Vé Xmas & Năm mới hiện đang được bán từ câu lạc bộ, vào ban ngày từ 10 giờ sáng đến 8 giờ tối, và vào Thứ Năm, Thứ Sáu & Thứ Sáu Đêm tuần này."
ham,"Tyler (nhận được thứ 8) phải rời đi không lâu sau 9, bạn có thể đến đây trong một giờ không?"
ham,Chuẩn bị để được đập vào mỗi đêm ...
ham,Chuẩn bị để được đập vào mỗi đêm ...
ham,
ham,Chuẩn bị để được đập vào mỗi đêm ...
ham,Tôi ở nhà.
ham,Oic cos tôi n của tôi không có bữa trưa hôm nay bố tôi đã đi ra ngoài ... vì vậy không biết liệu 2 ăn trong sch hay wat ...
ham,"Mmmmm ... thật tuyệt khi đánh thức lời nói của bạn sáng nay, tình yêu của tôi !!"
ham,Chúng tôi vui mừng thông báo rằng ứng dụng của bạn cho băng thông rộng Airtel được xử lý thành công.
ham,Điều gì xảy ra thân yêu.
ham,"Tôi sẽ đến đó lúc 3 tuổi, trừ khi các bạn muốn tôi đến một thời gian sớm hơn"
ham,Nếu bạn không ho thì không có gì
ham,Ì ì đến LT 25 N Pass cho tôi
ham,Tôi là người đang thực hiện khảo sát SMS E ...
ham,Lol ok tôi cố gắng gửi.
ham,Cảm ơn bạn gặp bạn thứ Hai
ham,"Vì vậy, người bạn đời là nơi tôi đang ở!?!"
spam,"Vì vậy, người bạn đời là nơi tôi đang ở!?!"
ham,"Vì vậy, người bạn đời là nơi tôi đang ở!?!"
ham,Tôi đã giống như $ & lt;#& gt;
ham,"Bố muốn nói về căn hộ để tôi bắt đầu muộn, OMW bây giờ"
ham,Tôi cũng yêu cả hai bạn :-)
ham,Lol bạn vẫn cảm thấy bị bệnh?
ham,Din tôi nói với bạn jus bây giờ 420
ham,Tùy thuộc vào mắt tôi trong triết học
spam,"Từ tháng tới, nhận được nhiều hơn 50% cuộc gọi 4 điện tích mạng tiêu chuẩn của UR 2 Kích hoạt cuộc gọi 9061100010 C Dây."
ham,Ok lor.
ham,Tôi đã có nó rồi..sabarish yêu cầu tôi đi ..
ham,Không da.
spam,CẤP BÁCH!
ham,Lol tôi biết!
spam,Lol tôi biết!
ham,
spam,Lol tôi biết!
ham,Bạn có luôn ăn mừng NY với gia đình của bạn?
ham,Bạn có luôn ăn mừng NY với gia đình của bạn?
ham,Bạn có luôn ăn mừng NY với gia đình của bạn?
spam,Thu thập cuối tuần Valentine của bạn đến chuyến bay & khách sạn Paris Inc + Å £ 200 được đảm bảo!
ham,Đã gửi cho tôi de Webadres để nhận được phiếu lương
ham,Cô ấy ổn.
spam,Cung cấp lòng trung thành của khách hàng: Mobile Nokia6650 mới chỉ từ Å £ 10 tại TXTAuction!
ham,Cung cấp lòng trung thành của khách hàng: Mobile Nokia6650 mới chỉ từ Å £ 10 tại TXTAuction!
ham,Cung cấp lòng trung thành của khách hàng: Mobile Nokia6650 mới chỉ từ Å £ 10 tại TXTAuction!
spam,
ham,
ham,Cung cấp lòng trung thành của khách hàng: Mobile Nokia6650 mới chỉ từ Å £ 10 tại TXTAuction!
ham,"Dấu hiệu của sự trưởng thành không phải là khi chúng ta bắt đầu nói những điều lớn .. nhưng thực sự là, khi chúng ta bắt đầu hiểu những điều nhỏ bé ... * Chúc một buổi tối tốt đẹp * BSLVYL"
ham,Vâng xác nhận cho bạn ở lại vào cuối tuần đó
ham,Vâng xác nhận cho bạn ở lại vào cuối tuần đó
ham,Họ nói ì_ không có hộ chiếu hoặc smth như dat .. hoặc Ì_ juz gửi đến tài khoản email của tôi ..
ham,"Nhân các con số một cách độc lập và đếm các điểm thập phân sau đó, cho phân chia, đẩy các vị trí thập phân như tôi đã cho bạn."
ham,"Nhân các con số một cách độc lập và đếm các điểm thập phân sau đó, cho phân chia, đẩy các vị trí thập phân như tôi đã cho bạn."
ham,"Nhân các con số một cách độc lập và đếm các điểm thập phân sau đó, cho phân chia, đẩy các vị trí thập phân như tôi đã cho bạn."
ham,"Có một đêm đáng yêu và khi bạn thức dậy để xem tin nhắn này, tôi hy vọng bạn mỉm cười khi biết tất cả là như vậy."
spam,Xin chào 07734396839 Cung cấp khách hàng khách hàng của IBH: Mobile Nokia6600 mới chỉ từ Å £ 10 tại TXTAuction!
ham,Trái tim trống rỗng mà không có tình yêu .. tâm trí trống rỗng mà không có trí tuệ .. đôi mắt trống rỗng mà không có ước mơ & amp;
spam,Tôi nóng n sừng và sẵn sàng tôi sống địa phương với bạn - nhắn tin trả lời để nghe lại từ tôi 150p mỗi msg netcollex ltdhelpdesk: 02085076972 Trả lời dừng lại để kết thúc
ham,Chuyến đi của chúng tôi không kém phần bình thường - không có quá nhiều người đi xe đạp phiền phức vào thời điểm đó trong đêm;).
ham,"Nếu bạn đã/miễn phí, tôi có thể cho."
ham,"Nếu bạn đã/miễn phí, tôi có thể cho."
ham,"Nếu bạn đã/miễn phí, tôi có thể cho."
ham,"Nếu bạn đã/miễn phí, tôi có thể cho."
ham,"Nếu bạn đã/miễn phí, tôi có thể cho."
ham,Tôi đã gửi cho vợ tôi tin nhắn của bạn.
spam,Bạn có muốn một chiếc điện thoại màu Nokia 3510i mới được phân phối vào ngày mai không?
ham,Huh nhưng tôi không thể đi 2 ngôi nhà của bạn tay phải phải không?
ham,Chào buổi sáng công chúa!
spam,Xin chúc mừng bạn đã giành được.
ham,"Aight, chúng tôi sẽ đi ra ngoài trong một vài"
ham,"Aight, chúng tôi sẽ đi ra ngoài trong một vài"
ham,Tôi biết bạn tâm trạng ngày hôm nay
ham,"Jay đã nói với tôi rồi, sẽ làm"
ham,CPS đang làm cho sự cố mất điện để bảo tồn năng lượng.
ham,"Tôi không chắc, tôi chỉ kiểm tra những gì đang xảy ra xung quanh khu vực"
ham,Này buổi sáng bạn đến hỏi gì :-) PA ...
ham,Jordan đã được bầu chọn ra cuối cùng!
ham,"Điều đó có nghĩa là bạn có một trong EPI, cô ấy tốt."
ham,Tôi không biết bạn đang ở đâu
ham,Xin vui lòng đến nhanh không thể trần này.
ham,Cha của Joy là John.
ham,Gọi cho tôi.
ham,Không. I. sẽ gặp bạn trong thư viện
ham,"K, bạn cùng phòng của tôi cũng muốn có một bản lồng và một người bạn khác cũng có thể muốn có kế hoạch mang thêm, tôi sẽ nói với bạn khi họ biết chắc chắn"
ham,Phụ thuộc vào người thay đổi tóc lor e cá nhân nói đẹp nhưng bố mẹ tôi nói cồng chiêng.
ham,Ok c Ì_ sau đó.
ham,Tôi thích xem và chơi bóng đá và bóng rổ.
ham,"Bạn có thể vui lòng hỏi Macho phạm vi giá của anh ấy là gì, anh ấy muốn một cái gì đó mới hay được sử dụng cộng với nó, anh ấy chỉ can thiệp vào BlackBerry Bold & lt;#& gt;"
ham,Xin lỗi đã gửi tin nhắn trống một lần nữa.
ham,Này kiểm tra nó da.
spam,8007 25p 4 Alfie Moon's Children in Need Song On Ur Mob.
ham,Tôi có nghĩa là một lời xin lỗi từ tôi vì đã nhắn tin cho bạn để cho tôi thuốc tại & lt;#& gt;
ham,"Điều đó có nghĩa là từ tháng 2 đến tháng 4, tôi sẽ có một nơi để ở dưới đó vì vậy tôi không phải hối hả qua lại trong mùa thử giọng vì tôi có kể từ khi em gái tôi rời khỏi Harlem."
ham,Đi tập thể dục ... Muz mất e ...
ham,"Chết tiệt, Zac tội nghiệp không có cơ hội"
ham,Không có tin nhắn..không phản hồi..bác xảy ra điều gì?
ham,Tôi muốn tel u một điều bạn không nên nhầm lẫn tôi k đây là thông điệp mà bạn đã gửi :)
ham,Vâng đúng!
ham,Vẫn còn cơ hội ở đó.
ham,Gặp bạn là công việc của tôi.
ham,Tôi nên đi thẳng đến đó hay sao
spam,Nhận Cờ Đỏ hoặc Cờ Color chính thức của Anh trên Yer Mobile cho trò chơi tối nay!
ham,Nhận Cờ Đỏ hoặc Cờ Color chính thức của Anh trên Yer Mobile cho trò chơi tối nay!
ham,Oooh tôi có rất nhiều trong số đó!
ham,Hui Xin là trong da lib.
ham,Đó là một sự khác biệt lớn.
ham,Không phải là bạn làm tôi khóc.
ham,"\ Me 2 babe, tôi cảm thấy giống nhau, hãy chỉ 4GE về nó+cả hai thử+vui lên+không phù hợp với soo mouchxxlove u locaxx \ """""
ham,Bạn biết những gì Hook Up có nghĩa là phải không?
spam,Thông báo dịch vụ khách hàng.
ham,Số mô hình của điện thoại của bạn là gì?
ham,Bây giờ anh ấy thực sự đang trượt ván mặc dù thực tế là anh ấy bị ném ra khỏi nó và kết thúc bằng băng bó và cứ sau vòng tay anh ấy sau năm phút
spam,"Bạn có thể dừng các giai điệu của câu lạc bộ bằng cách trả lời \ stop mix \ ""Xem my-tione.com/enjoy."
ham,Ngôi nhà của tôi ở đây e bầu trời khá tối liao ... nếu mưa thì có lý do không 2 đã chạy rồi ... hee ...
ham,"Xin lỗi, để lại điện thoại trên lầu."
ham,* Nghĩ rằng tôi không gặp bạn.
spam,Wamma được đặt? Bạn muốn các vị trí doggin thực được gửi trực tiếp đến điện thoại di động của bạn?
ham,"Carlos nói rằng chúng tôi có thể nhận từ anh ấy sau này vì vậy vâng, chúng tôi đã thiết lập"
ham,"Này em yêu, bạn của tôi đã phải hủy bỏ, vẫn lên đến thăm?"
ham,Theo yêu cầu của bạn 'Maangalyam (alaipayuthe)' đã được đặt làm người gọi của bạn cho tất cả người gọi.
ham,Hmm tôi phải nghĩ về nó ... ok bạn được tha thứ!
ham,"Chúng tôi hy vọng sẽ thoát khỏi 7, từ Langport."
ham,Muốn gửi cho tôi một cái ôm ảo? ... Tôi cần một cái
ham,"Có lẽ là không, vẫn còn đi qua một số thứ ở đây"
ham,Nó có vấn đề ngay bây giờ.
ham,Tại sao tôi đến giữa bạn
ham,Công ty nhóm Senthil APNT 5 giờ chiều.
ham,Ồ vậy ư??
ham,Học.
ham,Bạn đã ở đây chưa?
ham,Chờ đợi. Tôi sẽ ra ngoài .. & lt;#& gt;
ham,Tôi sẽ đến nhà của bạn trong & lt;#& gt;
ham,Tôi sẽ đến nhà của bạn trong & lt;#& gt;
ham,Bạn đang làm gì ở Langport?
ham,Frnd s không phải là một từ ..... không chỉ là một mối quan hệ ..... đó là một lời hứa im lặng nói ... \ Tôi sẽ ở bên bạn
ham,Huh?
ham,Ha ... bạn chỉ ăn mật ong?
ham,Tôi đang tắt điện thoại của mình.
ham,Em yêu ?
ham,Cảm ơn vì đã yêu tôi như vậy.
ham,Vâng imma đến vì Jay muốn làm một số loại thuốc
ham,Ok thanx ... hãy quan tâm rồi ...
ham,Chuẩn rồi.
ham,"Đến để nhìn vào căn hộ, có vẻ ổn, ở độ tuổi 50?"
ham,Moji chỉ thông báo cho tôi rằng bạn đã cứu mạng chúng tôi.
spam,Bạn đã giành được một Nokia 7250i.
ham,Ai đây là trong lớp :-)
ham,Này r Ì_ vẫn trực tuyến?
ham,Tuyệt vời!
spam,Số khuyến mãi: 8714714 - UR đã trao giải thưởng thành phố và có thể giành được một cuộc mua sắm mùa hè £ 200 £ 200 mỗi tuần.
ham,Ngu ngốc. Không thể
ham,Tôi không thể chọn điện thoại ngay bây giờ.
ham,Lol chuyện gì xảy ra ở Vegas ở Vegas
ham,"Xin chào, xin chào, xin chào Lou xin lỗi vì đã mất 2 câu trả lời quá lâu- Tôi đã rời khỏi điện thoại di động ở bạn bè ở Lancaster, chỉ cần nhận được nó neway tôi xin lỗi tôi không thể làm cho bạn Båõday 2 hun!"
ham,"Xin chào, xin chào, xin chào Lou xin lỗi vì đã mất 2 câu trả lời quá lâu- Tôi đã rời khỏi điện thoại di động ở bạn bè ở Lancaster, chỉ cần nhận được nó neway tôi xin lỗi tôi không thể làm cho bạn Båõday 2 hun!"
ham,Bố nói nhanh lên địa ngục
ham,Đánh thức tôi tại & lt;#& gt;
ham,Đánh thức tôi tại & lt;#& gt;
ham,Tuyệt vời!
ham,Tôi sẽ gặp bạn ở sảnh
ham,Bạn vẫn đến tối nay?
ham,Điều gì xảy ra thân yêu nói với tôi
ham,"Thưa ông, tôi đang đợi cuộc gọi của bạn, một lần miễn phí, vui lòng gọi cho tôi."
ham,"Không, tôi không có bất kỳ bộ phim nào trong máy tính xách tay của mình"
ham,Tôi định làm điều đó khi tôi nhắn tin.
ham,"Được rồi, tôi không chắc tôi sẽ kết thúc lúc nào nhưng tôi muốn dành buổi tối với bạn vì điều đó sẽ là Vewy Vewy Lukly!"
ham,"Xin chào, theo yêu cầu từ & lt;#& gt;"
ham,Tôi đang ở Tirupur.
spam,Bạn là một người chiến thắng mà bạn đã được chọn đặc biệt để nhận £ 1000 tiền mặt hoặc giải thưởng Å £ 2000.
ham,S :) nhưng anh ấy đã có một số may mắn.2 bắt được xuống :)
ham,Làm thế nào tôi noe ... đã làm ì_ chỉ định tên miền da là nusstu ... Ì vẫn ở trong sch ...
ham,Ồ ... tôi đã yêu cầu vui vẻ.
ham,Tôi sẽ lấy túi của tôi?
ham,Này Người yêu!
ham,Cậu bé của tôi thế nào?
ham,Kent Vale lor ... Ì ì chờ đợi 4 tôi ở đó ar?
ham,Được rồi.
ham,Đọc thói quen gud .. Nan Bari Hudgi Yorge Pataistha Ertini Kano :-)
ham,Aight bạn vẫn muốn kiếm tiền
spam,Nhạc chuông hàng đầu miễn phí -Sub đến nhạc chuông hàng tuần-get đầu tiên tuần đầu tiên miễn phí đến 81618-?
ham,Ok.ok ok..then .. kế hoạch hôm nay của bạn là gì
ham,Bạn đang ở trong thị trấn?
ham,"Xin lỗi Pa, tôi không biết ai ru pa?"
ham,Bạn đang làm ở đó?
ham,Nếu tôi không gặp ì_ tất cả nghi thức thì tôi sẽ về nhà.
ham,"Ồ, tôi sẽ được trả tiền."
ham,"Tôi đến muộn, vì vậy hãy gọi cho bạn vào sáng mai."
ham,Mạng liên kết hỗ trợ kỹ thuật.
ham,Tôi sẽ xé toạc tử cung của mình.
ham,Mát mẻ.
spam,"Cảm ơn cho đơn đặt hàng nhạc chuông của bạn, số tham chiếu x49."
ham,"Vâng tại sao không, các băng đảng đã sẵn sàng"
ham,Trống là trống.
ham,Tôi đang ở trong một bộ phim ... Thu thập xe Oredi ...
ham,Chúng tôi đã rời đi chúng tôi tại Orchard bây giờ.
spam,"Xin chào, 2 đêm của bạn đêm may mắn!"
ham,Không có gì đặc biệt..có gì về bạn và whr ru?
ham,Chưa có chikku nt .. ya tôi miễn phí
ham,"Aldrine, Rakhesh ex rtm tại đây.pls call.urgent."
ham,Tìm kiếm 4 Hạnh phúc là 1 của D Nguồn chính của sự bất hạnh!
ham,Tôi ở nhà.
ham,"Tôi đoán bạn có thể là một cái cớ tốt như bất kỳ, lol."
ham,Không phải là một sự chuyên nghiệp trong cuộc sống?
ham,"Chào buổi sáng thân yêu, có một ngày tốt lành"
ham,Old Orchard gần Univ.
ham,"4 tacos + 1 Rajas Burrito, phải không?"
ham,"4 tacos + 1 Rajas Burrito, phải không?"
ham,Đường phố nơi cuối thư viện đi bộ như thế nào?
ham,Xin lưu ý: Nếu bất cứ ai gọi từ Công ty di động & amp;
ham,Chúng tôi dừng lại để lấy kem và sẽ quay lại sau
ham,Chúng tôi dừng lại để lấy kem và sẽ quay lại sau
ham,Không da.
spam,2/2 146TF150P
ham,"Này, tôi chán ... vì vậy tôi đang nghĩ về bạn ... vậy bạn đang làm gì vậy?"
ham,"Không, Thứ Tư."
ham,Không ai kể tên dương vật của họ một cô gái tên câu chuyện này không thêm vào
ham,"Aight, hãy cho tôi biết khi nào bạn sẽ ở xung quanh USF"
ham,Tôi không.
ham,"""Neva cho tôi biết làm thế nào tôi noe ... tôi không ở nhà ở da aft wat ..."
ham,"Một chút nụ cười của bạn là hppnss của tôi, một giọt nước mắt của bạn là nỗi buồn của tôi, một phần trái tim của bạn là cuộc sống của tôi, một trái tim như tôi sẽ chăm sóc cho bạn,"
spam,"Người giữ phiếu mua hàng thân mến 2 Yêu cầu phòng chờ sân bay hạng nhất của bạn khi sử dụng phiếu mua hàng kỳ nghỉ của bạn, hãy gọi 08704439680. Khi đặt trước Trích dẫn Lớp 1 X 2"
ham,Buzz!
ham,"Haha ... nghe có vẻ điên rồ, dunno có thể tahan anot ..."
ham,Tại sao bạn lại sớm như vậy?
ham,Ya mà một người chậm như poo
spam,Bloomberg -Message Center +44779706009 Tại sao phải chờ đợi?
ham,"\ Tôi đang ở trên đường Gloucester, những gì sẽ xảy ra sau này? \ """""
ham,"\ Tôi đang ở trên đường Gloucester, những gì sẽ xảy ra sau này? \ """""
spam,ĐÚNG!
ham,Lol không ouch nhưng ước gì tôi ở lại lâu hơn một chút
ham,"Chúa đã hỏi, \ sự tha thứ là gì? \ ""Một đứa trẻ đã trả lời đáng yêu"
ham,Chúng tôi sẽ tham gia & lt;#& gt;
ham,Chỉ định hỏi.
spam,Miễn phí cho tuần đầu tiên!
ham,K.I sẽ gửi vào & lt;#& gt;
ham,Tôi sẽ hút bạn ra ngoài giúp chúng tôi vượt qua thời điểm khó khăn này
spam,Ai đó bạn biết đã hỏi dịch vụ hẹn hò của chúng tôi 2 liên hệ với bạn!
ham,Có. Tôi trông mạnh mẽ :)
ham,"Ngài Goodmorning, một lần miễn phí gọi cho tôi."
ham,Bạn đang gọi tôi ở đâu.
ham,Là gr8 để xem tin nhắn đó.
ham,Yêu nó!
ham,"Xin chào, chào mừng trở lại, đã tự hỏi nếu bạn đã bị một con sư tử ăn thịt hay một cái gì đó, không có gì nhiều"
ham,Chú Timi có giúp dọn xe không
ham,Tôi đến ký túc xá.
ham,Ok ... nhưng túi một lần nữa ..
ham,CHÀO!
ham,Ok lor.
spam,"Mila, Age23, Tóc vàng, Mới ở Anh."
ham,Khi một người cá thức dậy sớm ở d mrng.
spam,"Yêu cầu 200 cuộc mua sắm, chỉ cần gọi 08717895698 ngay bây giờ!"
ham,"Sau đó, vật lý của bạn nhận được a-?"
ham,"Các bạn thân mến, Xin lỗi vì thông tin muộn."
ham,Làm thế nào ì_ sẽ gửi nó cho tôi?
ham,Làm thế nào ì_ sẽ gửi nó cho tôi?
ham,Thân mến có xe lửa và ghế ngồi dưới ghế dưới
ham,Hãy cho tôi biết nếu bạn cần bất cứ điều gì khác.
ham,Bạn đang làm gì vậy?
ham,Con điếm bạn không thể tin được.
spam,Muốn funk up fone của bạn với một giai điệu mới hàng tuần trả lời tones2u 2 văn bản này.
ham,Bạn có chắc bạn không có nghĩa là \ đến đây
ham,Anh Yêu Em !!!
spam,"Twinks, gấu, hành tây, da và jocks đang gọi ngay bây giờ."
ham,Yêu nó!
ham,Này bạn có giận tôi không.
ham,Ngắn nhưng dễ thương: \ là một người tốt
ham,"Ngoài ra, hãy nhớ các hạt không bị tắt."
ham,Họ có một chủ đề trên phần danh sách mong muốn của các diễn đàn nơi mọi người đăng các yêu cầu nitro.
ham,Lần đầu tiên trong lịch sử 'cần' 'sự thoải mái' và 'xa xỉ' được bán với cùng giá ở Ấn Độ .. !!
ham,Tháng 2 & lt;#& gt;
ham,"Trên thực tế, NVM, có Cash Hella, chúng tôi vẫn cho & lt;#& gt;"
spam,Chúng tôi đã cố gắng liên hệ với bạn trả lời của bạn cho lời đề nghị của chúng tôi về một chiếc điện thoại video?
ham,"Không sao đâu, ít nhất Armand vẫn ở xung quanh"
ham,Không da.
ham,Yup Song Bro.
ham,"Không anh bạn, nó không phải là giả ... của tôi đã nhận được tiền, bạn tôi đang nhắc nhở bạn ... nếu bạn thành viên liên kết thư của tôi, u vl được ghi có & lt;#& gt;"
ham,Anh bạn trong khi là Makin những chiếc bánh brownies kỳ lạ mà em gái tôi đã làm bánh quy tuyệt vời.
spam,Anh bạn trong khi là Makin những chiếc bánh brownies kỳ lạ mà em gái tôi đã làm bánh quy tuyệt vời.
ham,Xin đừng đánh lạc hướng cô ấy ăn bất cứ thứ gì cô ấy thích trong hai ngày tới.
ham,Mm bạn yêu cầu anh ta đến đủ :-)
ham,Tại nhà tang lễ với Audrey và bố
ham,"Aight, bạn có thể nhắn tin cho tôi địa chỉ không?"
ham,Xuất sắc!
ham,"Đúng sau đó là tốt 7,30 hoặc 8,30 cho kỷ băng hà."
ham,Xin vui lòng tôi không tin Chúa. Không chỉ có Chúa Giêsu.
ham,Có thể.
ham,"Chưa có chikku..k, sau đó anh chàng đã ngừng khó chịu hoặc msging đến u .."
ham,Mất bao lâu để có được nó.
ham,Mất bao lâu để có được nó.
spam,74355 XMAS đang đến và bạn được trao tặng £ 500 CD và mục nhập miễn phí
ham,"xin lỗi brah, vừa hoàn thành bài kiểm tra cuối cùng của tôi, chuyện gì vậy"
ham,"Tôi đã bị bắt vì sở hữu, tôi không biết bạn, & lt; Time & gt;"
ham,"Tôi đã bị bắt vì sở hữu, tôi không biết bạn, & lt; Time & gt;"
ham,Chỉ bình thường ở đây :)
ham,Hãy bảo vệ bản thân khỏi các mối đe dọa điện tử.
ham,"Tôi nhớ bạn rất nhiều, tôi rất tuyệt vời, tôi đã ghi lại tin nhắn bạn để lại cho tôi vào một ngày khác và nghe nó chỉ để nghe âm thanh của giọng nói của bạn."
ham,CHÀO.
ham,"Goodmorning, ông tôi đã hết hạn..có ngày hôm nay nghỉ phép."
spam,"Xin chúc mừng bạn có thể yêu cầu 2 VIP Row A vé 2 C BLU trong buổi hòa nhạc vào tháng 11 hoặc BLU Gift được đảm bảo Gọi 09061104276 để yêu cầu TS & CS www.smsco.net Chi phí 3,75max £ 3,75Max"
ham,"Xin chúc mừng bạn có thể yêu cầu 2 VIP Row A vé 2 C BLU trong buổi hòa nhạc vào tháng 11 hoặc BLU Gift được đảm bảo Gọi 09061104276 để yêu cầu TS & CS www.smsco.net Chi phí 3,75max £ 3,75Max"
ham,"Chắc chắn, tôi sẽ xem liệu tôi có thể đến một chút"
ham,Tôi đồng ý.
ham,Hãy tập hợp tiền của chúng tôi với nhau và mua một loạt các vé xổ số.
ham,Được rồi.
ham,Tôi đã hỏi bạn một câu hỏi vài giờ trước.
ham,Xem TV lor.
ham,Tôi đang nghĩ rằng Chennai quên đến để bán đấu giá ..
ham,"Sau đó, ì_ đến n chọn tôi ở 530 ar?"
ham,Chim sớm!
ham,Đã đi trả tiền thuê nhà.
ham,"ERM ‰ û_ Ill đón bạn vào khoảng 6,45pm."
ham,Này bạn đời!
ham,Howz Pain. Nó sẽ xuống ngay hôm nay.
ham,"Chile, xin vui lòng!"
ham,Vâng ammae .... cuộc sống mất nhiều lượt bạn chỉ có thể ngồi và cố gắng giữ tay lái ...
ham,"Vâng, đó là những gì tôi nghĩ, hãy cho tôi biết nếu có bất cứ điều gì đang diễn ra sau"
ham,Mmmm .... tôi không thể đợi để liếm nó!
ham,Vui lòng đến đó ngay hôm nay & lt;#& gt;
spam,Bóng đá tưởng tượng đã trở lại trên TV của bạn.
ham,Bạn có thể làm ơn cho tôi biết ANS.
ham,Bạn trong thị trấn một mình?
ham,Tôi đang mong chờ tất cả các tình dục âu yếm .. chỉ có hai giấc ngủ nữa
ham,Chúng tôi có tất cả các vòng tròn :) vì vậy không bắt buộc :)
ham,"Không, đó là sự thật..k, bạn có biết dis không."
ham,"Đừng lo lắng, 1 ngày rất lớn Lambu Ji sẽ đến..till sau đó thưởng thức bữa tiệc độc thân :-)"
ham,Oh ya ... đã mở hip hop.
spam,Tin nhắn miễn phí: Độc thân?
ham,Tôi ổn.
ham,KHÔNG!
ham,R bạn vẫn đang làm việc bây giờ?
spam,"Giành chiến thắng Åòharry Potter mới nhất và thứ tự của Phoenix (cuốn sách 5) Trả lời Harry, Trả lời 5 câu hỏi - cơ hội là người đầu tiên trong số các độc giả!"
ham,"Giành chiến thắng Åòharry Potter mới nhất và thứ tự của Phoenix (cuốn sách 5) Trả lời Harry, Trả lời 5 câu hỏi - cơ hội là người đầu tiên trong số các độc giả!"
spam,Tin nhắn miễn phí: Nhạc chuông! Từ: http: // tms.
ham,Tin nhắn miễn phí: Nhạc chuông! Từ: http: // tms.
spam,Ôi chúa ơi!
ham,"Một người thuần khiết có thể có một nụ cười tuyệt vời khiến ngay cả kẻ thù của anh ấy/cô ấy cảm thấy có lỗi vì trở thành kẻ thù .. Vì vậy, hãy bắt cả thế giới bằng nụ cười của bạn .. :) Goodmorning & amp;"
ham,"Cô gái alrite đó, bạn biết gail là neva sai !! Hãy chăm sóc ngọt ngào và không lo lắng"
ham,"Về mặt lý thuyết, vâng, anh ấy có thể đến"
ham,"Được rồi, chúng tôi bị cuốn hút, nơi các bạn ở"
ham,"Được rồi, chúng tôi bị cuốn hút, nơi các bạn ở"
ham,"Không phải là tôi biết, hầu hết mọi người ở đây vẫn ra khỏi thị trấn"
ham,"Oh ok, đợi 4 tôi ở đó ... trái của tôi chưa kết thúc"
ham,"Vâng, anh chàng thông thường của tôi đã ra khỏi thị trấn nhưng chắc chắn có những người xung quanh"
ham,Tôi đang tham gia hôm nay chính thức.pls tiếp tục cầu nguyện. Hãy nói chuyện sau.
ham,"Happy hay buồn, một điều về quá khứ là- \ Nó không còn nữa \ ""Chào buổi sáng :-) :-)."""
ham,Không. Bạn đã nhắn tin cho họ hay e-mail?
ham,Okie nhưng tôi sợ bạn nói tôi béo ... rồi bạn không muốn tôi ...
ham,bạn đã nhận được tin nhắn đó
ham,"Xin lỗi thưa ngài, tôi sẽ gọi cho bạn vào ngày mai."
ham,Những gì bạn cần.
ham,Cô để nó rất mơ hồ.
ham,Chào Juan.
ham,Bạn có thể làm ơn cho tôi biết ANS.
ham,Ngắn nhưng dễ thương: \ là một người tốt
ham,Gumby's có một đặc biệt trong đó a & lt;#& gt;
spam,Một liên kết đến hình ảnh của bạn đã được gửi.
ham,Một liên kết đến hình ảnh của bạn đã được gửi.
ham,
ham,Cab có sẵn. Họ chọn và thả ở các bước cửa.
ham,OK .... hãy quan tâm.
ham,Văn bản không giới hạn.
spam,Double Mins & 1000 Txt trên thuế quan màu cam.
ham,Không có gì.
spam,Urgent Đây là nỗ lực thứ 2 của chúng tôi để liên hệ với U. Giải thưởng £ 900 của bạn từ ngày hôm qua vẫn đang chờ đợi bộ sưu tập.
ham,Bạn đã nghe từ tuần này chưa?
spam,Dear Dave Đây là thông báo cuối cùng của bạn để thu thập kỳ nghỉ 4* Tenerife của bạn hoặc Giải thưởng tiền mặt #5000!
ham,Đúng.
spam,Nói với U 2 Gọi 09066358152 để nhận giải thưởng £ 5000.
ham,Không. Cảm ơn bạn.
ham,"Nếu không, có công việc bán thời gian NA-Tê tựa .."
ham,Ì
ham,Okie
ham,Điều đó phụ thuộc.
ham,"Ngay trên brah, hẹn gặp lại sau"
ham,Chờ đợi trong E Car 4 My Mum lor.
spam,Tài khoản 2004 của bạn cho 07xxxxxxxxx cho thấy 786 điểm chưa được nhận.
spam,Bạn có muốn một chiếc điện thoại video mới?
ham,Đã đi ngủ nhanh thân yêu. Chăm sóc.
ham,"Không, điều đó chỉ có nghĩa là bạn có một cái đầu béo"
ham,Nghe có vẻ như một kế hoạch!
ham,Nghiêm trọng?
ham,Cô ấy tốt.
ham,Làm thế nào tôi noe ... cô ấy đang ở trong xe da bây giờ ... sau đó sau đó c lar ... tôi đang mặc quần short ...
spam,Bạn có một thông báo dịch vụ khách hàng quan trọng.
ham,Vâng bất cứ điều gì lol
ham,Hôm nay là ngày chấp nhận..u chấp nhận tôi như?
ham,Hôm nay là ngày chấp nhận..u chấp nhận tôi như?
ham,Được rồi.
ham,Eh máy tính xách tay của bạn không có cổ phiếu lei ... anh ấy nói Mon Muz trở lại để xem C có một ...
ham,Eh máy tính xách tay của bạn không có cổ phiếu lei ... anh ấy nói Mon Muz trở lại để xem C có một ...
ham,Tôi ước!
spam,Miễn phí> Nhạc chuông!
ham,Làm 1 điều!
ham,Ồ vậy ư?
ham,"Được rồi, Lor ... họ vẫn sẽ để chúng tôi đi không ah chứ?"
ham,Làm sao?
ham,Như thể tôi không gặp đủ khó khăn khi ngủ.
ham,Tôi chưa thêm ì_ chưa đúng ..
ham,Lol ... tôi thực sự cần nhớ ăn khi uống nhưng tôi đánh giá cao bạn giữ cho tôi công ty đêm đó em yêu *cười *
ham,Babe?
ham,Đúng.
ham,Tôi thk Ì_ phải về nhà bởi chính mình.
ham,Noooooooo Tôi sẽ chán đến chết cả ngày.
ham,SOS!
ham,"Playin Space Poker, u?"
ham,Làm thế nào mà Guoyang đi n nói với cô ấy?
ham,Bạn cần phải đứng dậy.
ham,Họ sẽ cho một cơ hội thứ hai cho Rahul Dengra.
ham,"Vâng, trên thực tế, anh ấy chỉ hỏi liệu chúng tôi có cần bất cứ thứ gì như một giờ trước không."
ham,Khi cuộc đình công đầu tiên là một màu đỏ.
ham,Y Ì_ wan để đến đó?
ham,Bố có BB bây giờ không.
spam,"Tin nhắn miễn phí: Nhận nhạc chuông Gnarls Barkley \ Crazy \ ""Hoàn toàn miễn phí Chỉ cần trả lời Đi đến tin nhắn này ngay bây giờ!"""
ham,Cô ấy là biên giới nhưng vâng bất cứ điều gì.
ham,Cô ấy là biên giới nhưng vâng bất cứ điều gì.
ham,"Cho đến 545 lor ... ya, có thể đi ăn 4 bữa tối cùng nhau ..."
ham,Tôi sẽ là công chúa hiền lành!
ham,Bạn làm thế nào bạn bé gái ??
ham,"Xin lỗi, đi ngủ sớm, đêm đêm"
ham,Tôi muốn nghĩ rằng luôn có khả năng ở trong một quán rượu sau đó.
ham,Hmm Yeah nếu bạn không quá rãnh!
ham,Tôi đã nhận được video pple loại trong tin nhắn lor.
ham,Chào anh bạn hw r u da thực sự nhớ bạn hôm nay
ham,Tôi đói mua một ít thức ăn ngon ... nhưng mẹ n yun dun wan juz mua một chút ...
spam,Từ chối một khoản vay?
ham,Tôi có lẽ sẽ không ăn gì cả ngày hôm nay.
ham,Tôi biết điều đó ... bạn đã ngủ v muộn yest?
ham,Haha ... đừng giận chính mình ... hãy thực hành nó cho thực tế.
ham,Đào tạo một ngày đó :-)
ham,"Vì vậy, tôi có thể hôn và cảm thấy bạn bên cạnh tôi ..."
ham,Chúc một ngày tốt lành thân yêu của tôi.
ham,Tôi đã gửi chi tiết Eckankar của Lanre giả vào hộp thư
ham,Bố của bạn đã trở lại ph?
spam,Bạn đã được chọn đặc biệt để nhận giải thưởng \ 3000!
ham,Nếu bạn hỏi cô ấy hoặc cô ấy nói bất kỳ xin vui lòng nhắn tin.
ham,"Nếu thời gian e có thể, thì tôi sẽ đi với ..."
ham,Yêu em Aathi..Love U Rất nhiều ..
ham,Tôi chỉ được gọi để nói xin chào.
spam,Bạn đã thắng!
ham,Bạn đã thắng!
ham,Cảm ơn tin nhắn của bạn.
ham,Đó là rắc rối với các lớp học diễn ra tốt đẹp - bạn là do một Dodgey ‰ û_ mong đợi Tomo của tôi!
spam,Điện thoại camera video miễn phí với một nửa đường cho thuê cho 12 tháng và 500 chéo NTWK MINS 100 TXTS.
ham,Wot u up 2 j?
ham,"Đêm đêm, hẹn gặp lại vào ngày mai"
ham,Roger đó.
ham,Bạn có nghĩ rằng bất kỳ cô gái nào cũng sẽ cầu hôn bạn hôm nay bằng cách bắt gặp khuôn mặt chết tiệt đẫm máu của bạn ............... Asssssholeeeee ................
ham,Tôi ước bạn ở đây.
spam,Ưu đãi mới tuyệt vời - Double Mins & Double TXT trên thuế quan màu cam tốt nhất và nhận điện thoại camera mới nhất 4 miễn phí!
ham,"Lý do là nếu ngân sách nhóm cuối cùng có sẵn, họ mua những người chơi chưa bán với giá cơ bản .."
ham,Ceri u Rebel!
spam,Nhạc chuông 84484
ham,Hả tôi không thể nghĩ về oredi nhiều hơn chúng ta có bao nhiêu trang?
ham,Bạn bè của anh ấy đi rồi anh ấy ở Lor.
ham,Trung tâm ô tô toàn quốc (hoặc một cái gì đó tương tự) trên đường Newport.
ham,"Này, tôi đã nhớ bạn tm đêm qua vì điện thoại của tôi đã buộc tội ... * mỉm cười * ... Tôi sẽ gặp một người bạn trong thời gian ngắn"
ham,"Dù sao đi nữa, Juliana."
ham,"Tình bạn không phải là một trò chơi để chơi, nó không phải là một từ để nói, nó không bắt đầu vào tháng 3 và kết thúc vào tháng 5, đó là ngày mai, hôm qua, hôm nay và e"
spam,Câu lạc bộ nhạc chuông: GR8 New Polys trực tiếp đến điện thoại di động của bạn mỗi tuần!
ham,Xin chào.
ham,Ok lor.
spam,.
ham,Tôi đang trên đường đến nhà của bạn
ham,"Dizzamn, tôi sẽ hỏi những người bạn của tôi khi tôi quay lại"
ham,Nimbomsons.
ham,Nimbomsons.
ham,R u ở lục địa này?
ham,Chúng tôi sẽ trả tiền như & lt;#& gt;
spam,Những bà nội trợ chán!
spam,Những bà nội trợ chán!
ham,K ... K ... Khi nào bạn sẽ điều trị?
spam,Đây là lần thứ 2 chúng tôi đã cố gắng liên hệ với u.
ham,Anh ấy sẽ không lo lắng gì cả.
ham,Bạn đã nhận được bất kỳ món quà nào?
ham,Ở đâu đó bên dưới ánh sáng mặt trăng nhợt nhạt ai đó nghĩ về bạn một số nơi ngoài kia nơi giấc mơ trở thành sự thật ... Goodnite & amp;
ham,"Vâng, có một mô hình nổi lên của những người bạn của tôi bảo tôi lái xe lên và hút thuốc với họ và sau đó nói với tôi rằng tôi là một kẻ thù cỏ dại/khiến họ hút thuốc quá nhiều/cản trở việc họ làm những việc khác để bạn thấy tôi ngần ngại như thế nào"
ham,", ow u dey.i đã trả 60.400thousad. Tôi nói với bạn sẽ gọi."
ham,"Tôi tốt, babes đã lên 2 nhiều tho!"
ham,Tôi sẽ về đến nhà sau 5 phút.
ham,Quên bạn đã làm việc hôm nay!
ham,Ha ... sau đó chúng ta phải đi bộ đến khắp mọi nơi ... không thể đi xe điện.
spam,WAN2 giành được một cuộc gặp gỡ+lời chào với Westlife 4 U hay M8?
spam,Vui lòng gọi cho đại diện dịch vụ khách hàng của chúng tôi trên FreePhone 0808 145 4742 trong khoảng thời gian từ 9 giờ sáng đến 11 giờ tối vì bạn đã giành được một khoản tiền mặt £ 1000 hoặc giải thưởng £ 5000!
ham,Thảo luận với mẹ của bạn ah?
ham,Được rồi.
ham,"Xin lỗi, tôi không thể nhắn tin & amp;"
spam,Bạn sẽ sớm nhận được nhạc chuông ba tiếng vang trong tuần này.
ham,Ở nơi tôi có thể nhận được phòng giá rẻ :-)
ham,
ham,"\ Gran chỉ phát hiện ra từ ngày trước.cusoon Honi \ """""
spam,Bạn đã được chọn ở lại 1 trong số 250 khách sạn hàng đầu của Anh - không có gì!
ham,Đại học Nam California.
ham,Chúng ta phải chọn Rayan Macleran ở đó.
ham,U gd lor đi mua sắm tôi có những việc phải làm.
ham,Tốt.
ham,Wat thời gian ì_ wan hôm nay?
ham,& lt;#& gt;
ham,Oh ok .. Email của bạn là gì?
ham,"Vâng, công chúa."
ham,"Lol không sao, tôi không nhớ đến cuối cùng"
ham,"[‰ û_] Dù sao, nhiều buổi tối tốt cho bạn!"
ham,"Tuyệt, tôi sẽ nhắn tin cho bạn một vài"
ham,"Xin lỗi Vikky, tôi đang xem phim Olave Mandara Kano trong Nhà hát Trishul với bạn bè của tôi .."
ham,"Tôi rất hạnh phúc cho bạn, em yêu!"
ham,Tôi đang đưa bạn đi làm đồ ăn Ý.
ham,Wot u up 2?
spam,Bạn được chọn để nhận giải thưởng Å £ 350!
ham,Làm thế nào bạn đang giữ?
ham,Đừng tâng bốc bản thân ... Hãy nói với người đàn ông của tôi hai pint của Carling trong mười phút nữa ....
ham,Hy vọng bạn không sợ hãi!
ham,Tôi không thể chọn điện thoại ngay bây giờ.
ham,Tôi đang ở nhà n đã sẵn sàng ...
spam,Vui lòng gọi cho đại diện dịch vụ khách hàng của chúng tôi trên FreePhone 0808 145 4742 trong khoảng thời gian từ 9 giờ sáng đến 11 giờ tối vì bạn đã giành được một khoản tiền mặt £ 1000 hoặc giải thưởng £ 5000!
ham,Bạn ra ngoài lúc mấy giờ?
ham,Tôi thực sự nằm trên giường và đã lên như & lt;#& gt;
ham,"Vâng, reg của tôi là Ciao!"
ham,Nếu bạn có nghĩa là trang web.
spam,Giành được giải thưởng £ 1000 £ 1000 hoặc một giải thưởng trị giá £ 5000
spam,"Cảm ơn đơn đặt hàng nhạc chuông của bạn, số tham chiếu X49. di động của bạn sẽ được tính phí 4.50."
ham,Lol hoặc tôi chỉ có thể chết đói và giảm một pound vào cuối ngày.
ham,Vâng đó là ấn tượng tôi có
ham,"Được rồi, hãy chăm sóc."
ham,"Thúc đẩy đằng sau mỗi bóng tối, có một ánh sáng tỏa sáng chờ bạn tìm thấy nó ... đằng sau mọi người bạn thân nhất, luôn có sự tin tưởng và tình yêu ... BSLVYL"
ham,"Ya ok, sau đó ăn tối?"
ham,Tôi đã ngủ lúc đó. Bạn ở đó?
ham,"Đừng lập kế hoạch cho nxt wknd coz, cô ấy muốn chúng tôi xuống thì ok"
ham,Khi nào trường bắt đầu.
ham,"Ha ha nan yalrigu heltini..iyo kothi chikku, bạn đã chia sẻ nhiều điều dí dỏm tôi..vu Tôi đã không nói với bất kỳ cơ thể nào và thậm chí đã thốt ra một từ abt u .. nếu bạn tin tưởng tôi nhiều như thế nào"
ham,"Ha ha nan yalrigu heltini..iyo kothi chikku, bạn đã chia sẻ nhiều điều dí dỏm tôi..vu Tôi đã không nói với bất kỳ cơ thể nào và thậm chí đã thốt ra một từ abt u .. nếu bạn tin tưởng tôi nhiều như thế nào"
ham,Xin chào Di là Yijue Chúng tôi sẽ họp lúc 7 giờ tối tại Esaplanade tối nay.
spam,Moby Pub Quiz.win Một giải thưởng đường phố cao £ 100 nếu bạn biết ai là Nữ công tước mới của Cornwall sẽ là ai?
spam,Tuần này cung cấp thành viên SAVAMOB hiện có thể truy cập được.
ham,"Aight Tôi đã được thiết lập miễn phí, nghĩ rằng bạn có thể nhắn tin cho tôi địa chỉ của tôi?"
ham,"Chào bạn thân yêu, chúng tôi đã thấy thân yêu."
ham,Bạn có khỏe không.
ham,Giáo sư: Bạn đã vượt qua tất cả các bài báo trong SEM này.
ham,Đừng đá coco khi anh ấy xuống
ham,FYI Tôi sẽ gọi bạn là bắt đầu một cách rời rạc tại như & lt;#& gt;
spam,Bạn đang được liên hệ bởi dịch vụ hẹn hò của chúng tôi bởi một người mà bạn biết!
spam,TBS/Persolvo.
ham,Hy vọng bạn không có quá nhiều niềm vui nếu không có tôi !!
ham,"Ok, tôi sẽ không gọi hoặc làm phiền bất kỳ ai."
ham,Tôi đã về đến nhà n i tắm liao ... bạn có thể gọi cho tôi ngay bây giờ ...
spam,Các khoản vay cho bất kỳ mục đích ngay cả khi bạn có tín dụng xấu!
ham,Bài kiểm tra thực tế có khó hơn NBME không
ham,Rất nhiều điều bệnh tật này đi vòng quanh.
ham,"Chúa nhặt một bông hoa và nhúng Dippeditinadew, yêu thương một cách đáng yêu đã chạm vào nó"
spam,87077: Khởi động một mùa giải mới với mục tiêu và tin tức miễn phí 2WK cho điện thoại di động của bạn!
ham,Này Sathya cho đến bây giờ chúng ta không gặp nhau thậm chí không một lần nào sau đó làm thế nào tôi có thể thấy tình huống Sathya.
ham,Gam đã đi sau hiệp xuất sắc.
ham,O Tôi đã chơi Smash Bros & lt;#& gt;
ham,"Thưa ông, chào buổi sáng."
ham,Nhanh lên về nhà.
ham,Không không.
ham,"Chào buổi chiều, tình yêu của tôi."
ham,Khá ổn nhưng một chút cũ ... bạn nên đi ăn smth bây giờ tôi sẽ cảm thấy tội lỗi ...
spam,"Orange mang đến cho bạn nhạc chuông từ các anh hùng biểu đồ mọi thời đại, với một cú đánh miễn phí mỗi tuần!"
ham,Lemme biết khi nào bạn ở đây
spam,RIÊNG TƯ!
ham,Anh ta cần phải ngừng đi ngủ và làm cho việc giao dịch chết tiệt
ham,"Bạn có khỏe không, tình yêu của tôi?"
spam,Chúng tôi đã cố gắng gọi cho bạn Re trả lời của bạn cho SMS của chúng tôi cho một video di động 750 phút văn bản không giới hạn + Máy quay phim miễn phí Trả lời cuộc gọi 08000930705 ngay bây giờ
ham,"Hey Doc xin vui lòng, tôi muốn có được chiếc áo phông đẹp cho người chồng của tôi, những người thích hợp nhất ngân sách của tôi là & lt;#& gt;"
ham,"Hey Doc xin vui lòng, tôi muốn có được chiếc áo phông đẹp cho người chồng của tôi, những người thích hợp nhất ngân sách của tôi là & lt;#& gt;"
ham,"\ Cuộc sống không có gì là wen v mọi thứ \ "". Nhưng \"" Cuộc sống là tất cả mọi thứ wen v bỏ lỡ điều gì đó"
ham,Bạn khỏe không?
ham,Tôi không trả lời không có điện thoại ở những gì thực sự là một giờ khá hợp lý nhưng tôi buồn ngủ
ham,"Này, * nghi thức bạn đặt Åè10 mỗi tháng là tất cả?"
ham,Tôi đang đi ngủ bây giờ prin
ham,Tôi nghĩ chính mình ‰ û_thanks và gặp bạn tomo
ham,Tôi nghĩ chính mình ‰ û_thanks và gặp bạn tomo
ham,Nếu bạn lái xe thì làm thế nào tôi đi 2 sch.
spam,GSOH?
ham,"Được rồi, tôi sẽ đến nhà của bạn sau nửa giờ"
spam,"Bạn có một người ngưỡng mộ bí mật, người đang tìm kiếm 2 người liên lạc với bạn, họ đã tiết lộ ai nghĩ rằng bạn rất đặc biệt gọi vào ngày 09058094599"
ham,Bạn có bạn có tên Ashwini trong trường đại học của bạn không?
ham,Jus kết thúc bữa trưa của tôi trên đường về nhà của tôi
ham,"K Sau đó, bạn đang đến lớp 2Marrow."
spam,"Hot Live Fantasies Gọi ngay 08707500020 Chỉ cần 20p mỗi phút NTT LTD, PO Box 1327 Croydon CR9 5WB 0870 là cuộc gọi tỷ lệ quốc gia"
ham,"Xin vui lòng gửi cho tôi địa chỉ của bạn, thưa ngài."
ham,Tôi muốn liếm âm hộ của bạn bây giờ ...
ham,"Yo, bạn sẽ vẫn còn trong kho vào ngày mai/hôm nay?"
spam,CẤP BÁCH!
ham,"Tôi sẽ xem, nhưng prolly yeah"
ham,Nghĩ rằng chúng tôi có thể ra ngoài ăn tối.
ham,Bạn ở đâu ?
ham,Lấy làm tiếc.
ham,Bạn đang làm gì? Bạn khỏe không?
ham,Chắc chắn là người đàn ông lớn.
ham,Xem lor.
ham,Hiya bạn có thích những bức ảnh hlday trông thật kinh khủng trong chúng nên đã lấy mo ra!
ham,Em yêu!
ham,Yunny ... tôi đi muộn
ham,Doc đã kê đơn cho tôi morphine vì các thuốc giảm đau khác là không đủ.
ham,Doc đã kê đơn cho tôi morphine vì các thuốc giảm đau khác là không đủ.
ham,Này những chiếc bánh gợi cảm!
ham,Có thể b phê duyệt panalam ... nhưng nó sẽ có nhiều bài viết hơn ..
spam,Bán nam Spjanemony!
ham,"Xin lỗi, tôi sẽ gọi sau"
ham,Tôi không nghĩ đó là một cuộc gọi sai giữa chúng tôi
ham,Tôi không nghĩ đó là một cuộc gọi sai giữa chúng tôi
ham,"Và khi bạn hoàn thành, ý tôi là bây giờ"
ham,\ Thật may mắn khi yêu ai đó.
ham,Xin chào Baby Ive vừa đi làm về và tôi đã muốn gặp bạn cả ngày!
spam,Xin chào Baby Ive vừa đi làm về và tôi đã muốn gặp bạn cả ngày!
ham,Đó có phải là những chàng trai Yahoo của bạn mang lại sự hoàn hảo?
ham,Không cần phải nói bất cứ điều gì với tôi.
ham,Bạn đã bao giờ có một chân trước đây chưa?
ham,Chỉ cần đến & lt;#& gt;
ham,Tốt!
ham,Đã bao giờ báo giá màu xanh lá cây từng được Jerry nói trong phim hoạt hình \ một người gây khó chịu cho bạn luôn là người yêu bạn rất nhiều nhưng không thể hiện điều đó ...! .. !!
ham,Để lại cho tôi Lar ... Ì wan để mang meh quá nặng ... có phải là num 98321561 quen thuộc với Ì_?
ham,Sự thật đẹp: Biểu hiện của khuôn mặt có thể được mọi người nhìn thấy ... nhưng sự trầm cảm của trái tim chỉ có thể được hiểu bởi những người thân yêu .. gud ni8 ;-)
ham,Nginh đến năm mới hạnh phúc.
spam,"Trong bộ phim Simpsons được phát hành vào tháng 7 năm 2007, tên ban nhạc đã chết khi bắt đầu bộ phim?"
ham,"Trong bộ phim Simpsons được phát hành vào tháng 7 năm 2007, tên ban nhạc đã chết khi bắt đầu bộ phim?"
ham,"LOL - Liên minh huyền thoại Tôi sẽ nhưng mặc dù bị chuột rút, tôi thích là một cô gái."
ham,Tôi không thể đợi Cornwall.
ham,Xin giúp tôi nói với Sura rằng tôi đang mong đợi một pin từ Hont.
spam,Vui lòng gọi cho Amanda liên quan đến việc gia hạn hoặc nâng cấp thiết bị cầm tay T-Mobile hiện tại của bạn.
ham,"Không tìm cách nhận một ứng dụng khác cho điện thoại của bạn, hả?"
ham,Tôi chỉ làm việc từ Thứ Hai đến Thứ Năm nhưng Sat I Cant Leh ... Đặt Liao ... Ngày khác bạn miễn phí?
ham,Ì
ham,Địa chỉ Nannys là gì?
spam,CẤP BÁCH!!
ham,Haf bạn đã ăn?
spam,Muốn có một điện thoại video mới?
ham,Muốn có một điện thoại video mới?
ham,Câu trả lời duy nhất này chúng ta đang chiến đấu?
ham,Nó chắc chắn đặt mọi thứ vào quan điểm khi điều gì đó như thế này xảy ra
ham,Bây giờ có TV 2 xem meh?
ham,Tôi cảm thấy vậy ... không phải bất kỳ lý do truyền tải nào .. ese anh ấy ... còn tôi thì sao?
spam,Có di động của bạn 11 tháng trở lên?
ham,Thế nào rồi?
ham,Tôi nói rằng tôi sẽ đến vào thứ Tư.
ham,"Nó ổn, được gọi là mẹ thay vì vui vẻ"
spam,"Chủ sở hữu chứng từ thân mến, để yêu cầu đề nghị tuần này, tại PC của bạn, vui lòng truy cập http://www.wtlp.co.uk/text."
ham,"Tốt nếu tôi tuyệt vọng như vậy, tôi sẽ gọi lại Armand"
ham,Bạn đang làm việc ngay bây giờ?
spam,Xin chúc mừng!
ham,Không nghe thấy gì và anh ấy không trả lời các tin nhắn của tôi nên tôi đoán anh ấy đã bong tróc.
ham,"Mmmmmm ... Tôi yêu bạn, rất nhiều, Ahmad ... Tôi không thể chờ đợi năm nay bắt đầu vì mỗi giây sẽ đưa tôi đến gần hơn để ở bên cạnh bạn."
ham,Xin vui lòng tên đầy đủ của các khoản phí cos của trường đùa ở Đại học Florida dường như thực sự là & lt;#& gt;
ham,"Xin lỗi, tôi sẽ gọi sau"
ham,OK ... nhưng họ nói rằng tôi có răng khôn ẩn bên trong n Mayb cần 2 loại bỏ.
ham,OK ... nhưng họ nói rằng tôi có răng khôn ẩn bên trong n Mayb cần 2 loại bỏ.
ham,Bạn dạo này thế nào.
ham,Anh ấy bị lag.
ham,Ok lor sau đó chúng tôi đi tog lor ...
ham,Hai đội đang chờ một số người chơi
ham,Có thể gửi cho tôi một bản sao của báo cáo DA không?
ham,"swhrt làm thế nào bạn dey, hy vọng bạn ok, tot về bạn 2Day.Love n miss.take chăm sóc."
ham,"Ok da, tôi đã lên kế hoạch."
spam,Cấp bách!
ham,"Xin lỗi, tôi sẽ gọi sau trong cuộc họp"
ham,Tôi chỉ thực sự cần shit trước ngày mai và tôi biết bạn sẽ không tỉnh táo trước khi 6
ham,Tôi tốt.
ham,"Hmm ok, tôi sẽ ở lại như một giờ vì mắt tôi thực sự đau!"
ham,Thân mến có xe buýt trực tiếp đến Calicut
ham,Mm umma yêu cầu vava cũng đến nói với anh ấy có thể chơi sau này
ham,Giá chung là & lt;#& gt;
ham,"Xin lỗi, tôi sẽ gọi sau"
ham,"Mỗi khoảnh khắc trong một ngày, có giá trị riêng mang lại hy vọng, buổi chiều mang lại niềm tin, buổi tối mang lại luv, nghỉ ngơi đêm, ước gì bạn tìm thấy tất cả ngày hôm nay."
ham,& lt;#& gt;
ham,"Được rồi, tôi đang về nhà bây giờ."
ham,Không thể sử dụng tem nước ngoài ở đất nước này.
spam,Double Mins và TXTS 4 6 tháng Bluetooth miễn phí trên Orange.
ham,"Xin lỗi, đó là rất nhiều thứ bạn bè, tôi vừa mới nói chuyện với anh chàng thực sự muốn mua"
spam,Miễn phí cho tuần đầu tiên!
spam,Muốn funk up fone của bạn với một giai điệu mới hàng tuần trả lời tones2u 2 văn bản này.
spam,"Cmon Babe, làm cho tôi sừng, * bật * tôi trên!"
ham,Tôi sẽ đến vào ngày mai DI
ham,Cập nhật Wylie: Đại lý Weed của tôi Carlos đã đến tự do và có một lớp học với Lunsford
ham,Em có hạnh phúc không?
ham,Phim C là JUZ quyết định vào phút cuối Mah.
ham,Bạn đang tận hưởng học kỳ này như thế nào?
spam,Thông tin quan trọng 4 Người dùng màu cam 0796XXXXXX.
ham,"Nhận cửa, tôi ở đây"
ham,"Hãy sử dụng nó vào tuần tới, Công chúa :)"
ham,Hoặc tôi về nhà trước à ì_ đợi 4 tôi lor .. tôi đặt công cụ của mình xuống trước ..
ham,Tôi muốn KFC vào thứ ba của nó.
ham,Không da :) anh ấy thật ngu ngốc ... mọi nơi gửi như thế này :) đừng tin vào bất kỳ thông điệp nào .pandy là một tinh thần :)
ham,Oi khi bạn sẽ đổ chuông
spam,Cảnh báo cuộc gọi bị bỏ lỡ.
ham,Tôi đã tham dự nhưng không có gì ở đó.
ham,ARD 530 giống như dat lor.
ham,"Không thân yêu, tôi đang ngủ:-p"
ham,Per tôi trong răng đầy là Aight
ham,Sẽ là văn phòng vào khoảng 4 giờ chiều.
ham,"Trên thực tế, tôi đang chờ đợi 2 tuần khi họ bắt đầu đặt quảng cáo."
ham,Bất cứ điều gì nếu tất cả họ đi thì tôi sẽ đi ...
ham,Bạn miễn phí trên sat nghi thức?
ham,Xin lưu ý: Nếu bất cứ ai gọi từ Công ty di động & amp;
ham,Yo bạn xung quanh?
ham,Tự động ngu ngốc đúng trên điện thoại của tôi
ham,Tuần đôi trong tuần này - xoắn ốc và Michael và câu đố tốt cho họ!
ham,\ Thế giới phải chịu đựng rất nhiều ... không phải vì bạo lực của những người xấu.
ham,"Được rồi, điều đó thật tuyệt."
ham,Mua một quả trứng cho tôi da.. Xin vui lòng :)
ham,Bạn đã bắt đầu ở Skye chưa
ham,Bạn đã đặt phòng túp lều chưa?
ham,Bạn đã đặt phòng túp lều chưa?
ham,U thực sự lợn leh ngủ rất nhiều.
ham,Tôi ở nhà.
ham,Tình yêu của tôi ... Tôi hy vọng bạn không làm bất cứ điều gì quyết liệt.
ham,Bây giờ chỉ có tôi về đến nhà.
spam,FreemSG: Hồ sơ của chúng tôi cho thấy bạn có thể được hưởng 3750 pound cho vụ tai nạn bạn gặp phải.
spam,"Bạn có thể giành được Å £ 100 của các phiếu quà tặng âm nhạc mỗi tuần bắt đầu từ ngay từ đó rút thăm tới 87066 tscs www.idew.com skillgame, 1Winaweek, Age16."
ham,Tài khoản hàng may mặc phong cách sống Không xin vui lòng.
ham,Lol wtf ngẫu nhiên.
ham,"SEZ, Cậu bé U & De Arab thế nào?"
ham,Người đàn ông!
ham,Detroit.
spam,Hiển thị màu sắc của bạn!
ham,Okie ...
ham,"Aight, tôi thư giãn trong phòng của một người bạn nên hãy nhắn tin cho tôi khi bạn đang trên đường"
ham,Toshiba Portege M100 GD có phải không?
ham,Well Welp là một loại internet bán kết
spam,Văn bản vượt qua 69669 để thu thập nhạc chuông đa âm của bạn.
spam,theo đó.
ham,Loosu đi bệnh viện.
ham,Loosu đi bệnh viện.
ham,OMG Joanna đang làm tôi sợ.
ham,"Gửi ngày sinh của bạn với tháng và năm, tôi sẽ nói với bạn tên của bạn đời."
ham,Juz bây giờ đã thức dậy như vậy một chút mờ đi ... có thể?
ham,"Làm thế nào về quần áo, đồ trang sức và các chuyến đi?"
spam,Block Breaker hiện có định dạng Deluxe với các tính năng mới và đồ họa tuyệt vời từ T-Mobile.
ham,Aah!
spam,Thông tin quan trọng 4 Người dùng màu cam.
ham,Tôi đến muộn.
ham,Câu chuyện buồn về một người đàn ông - tuần trước là sinh nhật của tôi.
ham,Bạn có kế hoạch với gia đình của bạn được đặt trong đá?
ham,Xin đừng quên học
ham,Bạn sẽ không bao giờ tin điều này nhưng tôi thực sự đã xuống Taunton.
ham,"Den chỉ có những ngày trong tuần có giá đặc biệt ... Haiz ... không thể ăn Liao ... Cắt Nails Oso Muz Chờ cho đến khi tôi hoàn thành Drivin Wat, bữa trưa vẫn Muz ăn wat ..."
ham,Cô ấy vừa chia nhỏ một danh sách các lý do tại sao không ai ở trong thị trấn và tôi không thể biết cô ấy có bị mỉa mai hay chỉ là xấu xa
ham,& lt; thập phân & gt;
ham,Thử nghiệm lớn nhất về lòng can đảm trên trái đất là chịu thất bại mà không mất lòng .... gn tc
ham,"Xin lỗi, tôi vẫn còn đụ sau khi nite cuối cùng đi ngủ lúc 430 đã lên 4 công việc lúc 630"
ham,Này vậy kế hoạch này SAT này là gì?
ham,Ngủ đẹp có thể giúp bạn nổi mụn.
ham,Tuyệt vời.
spam,Natalja (25/f) đang mời bạn làm bạn của cô ấy.
ham,Nơi để lấy những cái đó?
ham,Loại.
ham,Ball đang di chuyển rất nhiều.
ham,Haiyoh ... có lẽ hamster của bạn đã ghen tị với hàng triệu
ham,Bạn có thể vui lòng gửi cho tôi số của tôi của tôi
ham,Tôi rất vui.
ham,Cuối cùng tôi đã về đến nhà ...
spam,Cuối cùng tôi đã về đến nhà ...
spam,Người chiến thắng !!
ham,"Wn u r bị tổn thương bởi d prsn người gần 2 u, không chiến đấu với dem dem."
ham,Bạn có thể gọi ngay bây giờ ...
ham,Khoa học nói rằng sô cô la sẽ tan chảy dưới ánh sáng mặt trời.
ham,Đúng.
ham,Tôi đã chọn bạn ở đó trước đây
ham,Xin chúc mừng.
ham,"Tôi không bao giờ bận tâm nếu bạn không nhớ tôi hoặc nếu bạn không cần tôi .. nhưng bạn thực sự làm tổn thương tôi, bạn cần tôi & amp;"
ham,Này Mr Tên của Bill Bryson đó là gì về ngôn ngữ và từ ngữ
ham,"Được rồi, tốt, không có vấn đề, và thanx!"
ham,"Đối với thông tin của bạn, IKEA được đánh vần bằng tất cả các mũ."
ham,Gọi cho tôi khi bạn hoàn thành ...
ham,G.W.R.
ham,Bạn tốt nhất hãy xem những gì bạn nói vì tôi say như một người mẹ
spam,Dải bộ - Bạn đã được lập hóa đơn 150p.
spam,Phần thưởng đặc biệt của HMV 500 pound các chứng từ HMV chính hãng sẽ giành được.
spam,Vui lòng gọi 08712402578 ngay lập tức vì có một tin nhắn khẩn cấp đang chờ bạn
spam,thesmszone.com cho phép bạn gửi tin nhắn nặc danh và đeo mặt nạ miễn phí..tôi gửi tin nhắn này từ đó..có bạn thấy tiềm năng lạm dụng không ???
spam,LÀM TỐT!
ham,"Làm tổn thương tôi ... trêu chọc tôi ... làm cho tôi khóc ... nhưng cuối đời tôi đã chết, hãy giữ một bông hồng trên mộ của tôi và nói ngu ngốc tôi nhớ bạn .. Chúc một ngày tốt lành BSLVYL"
ham,ERM ... Đại lộ Woodland ở đâu đó.
ham,ERM ... Đại lộ Woodland ở đâu đó.
ham,AIYAR HARD 2 Loại.
ham,AIYAR HARD 2 Loại.
ham,"Tốt tốt, Billy Mates đều biến mất."
ham,Yo đến với Carlos sẽ sớm ở đây
ham,Www dat thật ngọt ngào!
ham,Tôi đoán nó là vô ích khi gọi bạn 4 một cái gì đó quan trọng.
ham,Ha ha - đã xuất hiện xuống loo khi bạn xin chào tôi.
ham,Anh ấy không nói gì cả.
spam,Ai đó bạn biết đã hỏi dịch vụ hẹn hò của chúng tôi 2 liên hệ với bạn!
ham,Nó xảy ra rằng có r 2waxsto do bạn muốn.
ham,Tôi giữ mười R trong kệ của tôi :) Mua hai quả trứng.
ham,"Em không khỏe, em bị sưng ở cổ họng ... anh đã làm gì vậy?"
ham,Bạn có thay đổi 2 DA báo cáo lớn không?
ham,Thuyền trưởng đang ở trong phòng của chúng tôi :)
ham,"Tôi không thể nói, BCAZ Mobile có vấn đề."
ham,Hiya stu wot u up 2.Im trong rất nhiều chuyện nhảm nhí tại nhà tại thời điểm Evone ghét tôi ngay cả bạn!
ham,S ... tôi sẽ chỉ lấy người chơi mokka :)
ham,Bạn vẫn đang chơi với Gautham?
ham,"Này ông và tôi sẽ đi đến biển và có một vài người đồng tính, ý tôi là trò chơi!"
ham,"K, Jason nói rằng anh ấy sẽ ở xung quanh nên tôi sẽ ở đó xung quanh & lt;#& gt;"
ham,Lấy làm tiếc .
ham,Aight cũng giữ cho tôi thông báo
ham,Tôi không có số của cô ấy Sir
ham,Tôi chỉ tìm kiếm SIM kép Sim di động PA tốt.
ham,Điều đó có vẻ thù địch một cách không cần thiết
ham,Anh bạn đã cắt tóc.
spam,Xin chúc mừng!
ham,1Apple/day = Không có bác sĩ.
ham,Tôi nghĩ rằng chúng tôi đang làm một vị vua của ngọn đồi ở đó.
ham,"Không, tôi sẽ lên mạng ngay bây giờ .."
ham,Cũng nói với anh ấy rằng tôi đã nói chúc mừng sinh nhật
ham,Cũng nói với anh ấy rằng tôi đã nói chúc mừng sinh nhật
ham,Boo bạn sẽ ra ngoài lúc mấy giờ?
ham,"Bây giờ bạn có vẻ như Manky Scouse Boy Steve, như!"
ham,"FYI Tôi đang tắm nhanh, có mặt tại Epsilon trong như & lt;#& gt;"
ham,Vào một đêm thứ ba r u 4 Real
ham,Có khi nào APPT một lần nữa?
ham,Chỉ cần ra ngoài lớp học sẽ đi tập thể dục.
ham,Tôi muốn gửi & lt;#& gt;
ham,Ì Ì Ì TẤT CẢ Viết hoặc Wat ..
ham,HA!
ham,Đó là một trò chơi Valentine.
ham,Xin chào :) Bạn đã yêu cầu Waheeda Fathima về nghỉ phép?
ham,Tận hưởng TMR của chính mình ...
ham,Bạn vẫn ở xung quanh?
spam,"U 447801259231 có một người hâm mộ bí mật, người đang tìm kiếm 2 người liên lạc với U-Find ra ai mà họ tiết lộ ai nghĩ bạn rất đặc biệt vào ngày 09058094597"
ham,Bạn trả lại cho chúng tôi bằng chứng ID của tôi và & lt;#& gt;
ham,Ì
ham,Đúng.
ham,"Đêm đã kết thúc cho một ngày khác, buổi sáng đã đến một cách đặc biệt."
ham,Làm thế nào là nỗi đau thân yêu? Y r bạn mỉm cười?
ham,"Sự thật thú vị: Mặc dù bạn sẽ nghĩ Armand cuối cùng sẽ xây dựng một sự khoan dung hoặc một số shit xem xét anh ta hút bao nhiêu, anh ta bị đụ trong 2 lần truy cập"
spam,Thông tin quan trọng 4 Người dùng màu cam 0789XXXXXXX.
ham,"Xin lỗi, tôi không thể giúp bạn về điều này."
ham,Tuyệt vời.
ham,"Xin chào tuyệt đẹp, bạn thế nào?"
spam,Dịch vụ hẹn hò của chúng tôi đã được hỏi 2 liên hệ với bạn bởi ai đó nhút nhát!
ham,"""Chỉ gửi cho tôi trang nội dung ..."
ham,"Đêm ngọt, ngủ ngon!"
ham,"Đừng nghĩ về \ những gì bạn có \ ""nghĩ về \"" làm thế nào để sử dụng nó mà bạn đã có \ ""tốt Ni8"""
ham,"Tôi không thể đúng giây này, phải đánh mọi người trước"
ham,Evry cảm xúc ds không biết lời
ham,Vậy còn bạn thì sao.
ham,Máy tính Uhhhhhhh được chuyển ra với địa chỉ đến San Diego và Tarantella Lane.
ham,"Mm vâng, hãy nhìn xem làm thế nào tôi đang ôm cả hai bạn."
ham,Tôi thích dis áo len fr xoài nhưng không còn kích thước của tôi quá khó chịu.
ham,1 Tôi không có số của cô ấy và 2 nó sẽ là một nỗi đau lớn ở mông và tôi không muốn tham gia nếu điều đó có thể
ham,Bất cứ lúc nào ...
spam,Bạn có muốn một chiếc điện thoại video mới?
ham,Sự tinh khiết của tình bạn giữa hai người không phải là mỉm cười sau khi đọc tin nhắn được chuyển tiếp..trong về việc mỉm cười chỉ bằng cách nhìn thấy cái tên.
spam,Số dư của bạn bây giờ là £ 600.
ham,Tôi tốt..bsolutly tốt
ham,K và bạn chắc chắn rằng tôi không phải có biểu mẫu đồng ý để làm điều đó: v
spam,"Đăng ký Ur Tonexs đã được gia hạn và bạn đã bị tính phí £ 4,50."
spam,"Nếu bạn không, giải thưởng của bạn sẽ dành cho một khách hàng khác."
ham,Torch trong 9JA là bao nhiêu.
ham,"Không làm gì cả, sau đó bạn không ăn tối với chúng tôi?"
ham,Bạn có khỏe không.
ham,Thực hiện nó nhưng kết nối internet v chậm và có thể gửi nó.
ham,Mathews hoặc Tait hoặc Edwards hoặc Anderson
ham,"Vâng, chắc chắn mọi thứ ám ảnh người bạn đời đã sắp xếp tất cả các công cụ của tôi nhưng dù sao tôi cũng sẽ quảng bá cho Hex cho."
ham,Không cần Lar I Go Engin?
ham,"Cảm ơn em yêu nhưng vẫn chưa nghe thấy bất cứ điều gì anh sẽ để nó lâu hơn một chút nên không phải là 2 đám đông anh ấy và sẽ cố gắng sau - lời khuyên tuyệt vời, cảm ơn hy vọng Cardiff vẫn còn đó!"
spam,Bạn có muốn một chiếc điện thoại màu Nokia 3510i mới được phân phối vào ngày mai không?
ham,", IM .. Trong chuyến đi trượt tuyết."
ham,S. Tôi đang xem nó trong trực tiếp ..
ham,S. Tôi đang xem nó trong trực tiếp ..
ham,"K Tôi đã sẵn sàng, & lt;#& gt;"
ham,Bạn có biết tại sao Chúa tạo ra khoảng cách giữa các ngón tay của bạn ..?
ham,Thử nghiệm lớn nhất về lòng can đảm trên trái đất là chịu thất bại mà không mất lòng .... gn tc
ham,Kế hoạch năm mới của bạn là gì?
spam,Kế hoạch năm mới của bạn là gì?
ham,Baaaaaaaabe!
ham,"Chỉ có thông điệp này, không bỏ qua bạn."
ham,Thân mến:-/ Tại sao bạn lại tâm trạng.
ham,Bố lấy lại khi nào.
ham,"Bạn có thể nói với Shola xin vui lòng đến Đại học Y và đến thăm khoa học thuật, nói với thư ký học thuật về tình hình hiện tại là gì và hỏi liệu cô ấy có thể chuyển đến đó không."
ham,"Vâng, vừa xem xong những ngày của cuộc sống của chúng tôi."
ham,Juz Go Google và tìm kiếm 4 QET ...
ham,Nhiều lần chúng ta mất những người tốt nhất bcoz chúng ta
ham,"Những người bạn tốt chăm sóc lẫn nhau .. Những người bạn thân hiểu nhau ... và những người bạn thực sự ở lại mãi mãi không nói nên lời, vượt quá thời gian."
ham,Vừa trở về nhà
ham,"Xin lỗi, tôi sẽ gọi sau & lt;#& gt;"
ham,"Xin lỗi, tôi sẽ gọi sau & lt;#& gt;"
spam,"Là một trong những người đăng ký đã đăng ký của chúng tôi, bạn có thể nhập bản vẽ 4 A 100 G.B."
ham,"Là một trong những người đăng ký đã đăng ký của chúng tôi, bạn có thể nhập bản vẽ 4 A 100 G.B."
ham,
spam,"Để có cơ hội giành được tai nghe Bluetooth miễn phí thì chỉ cần trả lời lại với \ ADP \ """""
ham,Bạn cũng không nhận được bạn xin chào hi hi hi
ham,Ya nhưng nó không thể hiển thị subs nội bộ vì vậy tôi phải trích xuất chúng
ham,Nếu tôi nói sai điều gì sai xin lỗi de :-)
ham,Câu chuyện buồn về một người đàn ông - tuần trước là sinh nhật của tôi.
ham,Thật ngu ngốc khi nói rằng tôi thách thức Chúa. Bạn không nghĩ gì về những gì tôi viết thay vì bạn trả lời ngay lập tức.
ham,"Vâng tôi sẽ có thể, tôi sẽ nhắn tin cho bạn khi tôi sẵn sàng gặp gỡ"
ham,V skint cũng vậy nhưng vẫn còn một vài bevies.waz gona đi gặp & othrs trong thìa nhưng JST Bin Watchng Planet Earth & Sofa là v Comfey;
ham,Nói rằng anh ấy đã bỏ ít nhất 5 lần mỗi ngày vì vậy tôi không chú ý nhiều về điều đó.
ham,"Khi bạn được tự do, hãy gọi cho tôi"
ham,"Khi bạn được tự do, hãy gọi cho tôi"
ham,Ok tôi tin tưởng bạn b4 Tôi rời khỏi nhà của tôi.
ham,Vẫn ở Bờ Tây ... Haiz ... Ì sẽ mất mãi mãi để quay lại ...
ham,Mmm ... chết tiệt .... Giáng sinh vui vẻ với tôi
ham,được rồi.
ham,Cập nhật trạng thái Facebook của bạn thường xuyên :)
ham,Vừa mới thấy tin nhắn của bạn.it k da :)
ham,Đó có phải là một cái gì đó bạn đã ăn?
ham,Vậy ngân hàng đã nói gì về tiền?
ham,Aiyar dun làm phiền u liao ... thk bạn có rất nhiều 2 làm tủ của bạn đến ...
ham,"Này, họ không xem phim tối nay vì vậy tôi sẽ thăm B sớm ..."
ham,Yar lor ... bạn không?
ham,2mro tôi sẽ không đến phòng tập thể dục Machan.
ham,Đừng nghĩ rằng bạn cần thẻ vàng cho du lịch Vương quốc Anh.
ham,"Bạn có thể nhìn 4 tôi trong câu lạc bộ da không, tôi chưa hoàn thành."
ham,Nghe có vẻ tuyệt vời!
spam,Đừng b floppy ... B Snappy & Happy!
ham,"Sai cô là kẻ giết người, vì người đàn ông đã bị sát hại trên & lt;#& gt;"
ham,Làm thế nào mà bạn không có gì để làm?
ham,Sẽ không có gì dễ dàng.
ham,Tôi muốn nắm bắt chiến lợi phẩm xinh đẹp của bạn :)
ham,Tôi đã lấy nó xuống một loại trà.
ham,"Bây giờ tôi đang đi 2 Orchard, tôi đã đến sớm."
ham,"Thân mến, tôi không từ chối lời nói của bạn"
ham,"Bạn biết DOM cũ của tôi, tôi đã nói với bạn về ngày hôm qua?"
ham,Trở lại Tampa ffffuuuuuuu
ham,"2 Kỷ niệm Båõ ngày của tôi, bạn khác?"
ham,Giáng sinh vui vẻ cho bạn quá Annie!
ham,Xin vui lòng cho tôi biết bạn có một số cổ phiếu đặc biệt mà bạn đang nói về
ham,Tôi đã gửi chúng.
spam,"Urgent Ur đã trao một chuyến đi miễn phí cho Eurodisinc Trav, ACO & Entry41 hoặc Å £ 1000."
ham,"Tuyệt vời, hãy ở đó trong một phút"
ham,Và đó là vấn đề.
ham,Tôi đã nói với bạn mọi thứ sẽ dừng lại.
ham,Hoặc tôi đoán & lt;#& gt;
ham,Tôi về nhà.
ham,"Bão Msg: wen u nâng d phne, bạn nói \ xin chào"
ham,"Nếu bạn muốn lập bản đồ nó hoặc một cái gì đó tìm kiếm \ USF Dogwood Drive \ """
ham,Aight Tôi có nên lên kế hoạch đến sau tối nay không?
ham,Chết ... Tôi vô tình xóa E MSG Tôi cho rằng 2 người trong kho lưu trữ E SIM.
spam,Chào mừng bạn đến với Anh-Mobile-Date MSG này miễn phí cho bạn gọi điện miễn phí đến 08719839835. MGS trong tương lai được lập hóa đơn ở mức 150p mỗi ngày.
ham,Đây là chúc bạn một ngày tuyệt vời.
ham,Cảm ơn một lần nữa cho câu trả lời của bạn hôm nay.
ham,"Xin lỗi tôi đã bong bóng đêm qua, shit thực sự xuống với bạn cùng phòng của tôi, bạn có gì tối nay?"
ham,Anh ấy nói tôi trông khá đẹp tóc dài.
ham,Ranjith Cal Drpd Deeraj và Deepak 5 phút
ham,\ Cheers for callin babe.
ham,\ Cheers for callin babe.
ham,"Cô ấy nói, '' Bạn có phiền nếu tôi đi vào phòng ngủ trong một phút không?"
ham,"Bây giờ tốt hơn nhiều, cảm ơn lol"
ham,"Không có gì, smsing u n xy lor."
ham,"Lemme biết khi nào tôi có thể đi qua và đón, về cơ bản tôi miễn phí bất cứ lúc nào sau 1 tất cả học kỳ này"
ham,Wa ... bạn rất hiệu quả ... gee ... thanx ...
spam,3. Bạn đã nhận được nội dung di động của bạn.
ham,S nhưng không thể ngủ được.
spam,Muốn quan hệ tình dục rõ ràng trong 30 giây?
ham,Chúng ta sẽ gặp công chúa sớm!
ham,Chúng ta sẽ gặp công chúa sớm!
ham,Ồ :-) Chỉ có 4 người chơi bên ngoài được phép chơi
ham,Tôi bất cứ điều gì lor.
ham,Erutupalam Thandiyachu
ham,"Bạn không thể thử phát minh mới để bay..tôi không đùa.,"
ham,Không..tôi đầy lời bài hát ..
ham,"Bạn nghĩ gì khi cần 2 sắp xếp vận chuyển nếu bạn không thể làm được, cảm ơn"
ham,True lov n chăm sóc wil nevr đi không được công nhận.
ham,Mua sắm?
ham,Những gì không dưới đứng.
ham,có * cuối tuần vui vẻ.
ham,Cô gọi cô gọi Khelate Kintu đối thủ bỏ lỡ cuộc gọi Dhorte Lage.
ham,Gọi cho tôi khi bạn có cơ hội làm ơn & lt; 3
ham,Trò chơi Deus Ex mới ra mắt vào đầu năm tới
ham,Máy tính của tôi chỉ chiên phần thiết yếu duy nhất mà chúng tôi không giữ được phụ tùng vì bạn cùng phòng ngốc nghếch của tôi Loovvve rời khỏi thứ chạy đầy đủ & lt;#& gt;
ham,Máy tính của tôi chỉ chiên phần thiết yếu duy nhất mà chúng tôi không giữ được phụ tùng vì bạn cùng phòng ngốc nghếch của tôi Loovvve rời khỏi thứ chạy đầy đủ & lt;#& gt;
ham,Có lẽ là một vài giờ
ham,"Lol .. * cười * .. Tôi không phải em yêu, nhưng cảm ơn vì đã nghĩ về tôi!"
ham,Người đàn ông xe buýt này rất chậm.
ham,Hy vọng văn bản này gặp bạn mỉm cười.
ham,"Trong trường hợp bạn thức dậy tự hỏi tôi đang ở đâu, tôi đã quên tôi phải chăm sóc một cái gì đó cho bà hôm nay, nên được thực hiện trước cuộc diễu hành"
ham,Được rồi
spam,Nokia Mobile hoặc iPod MP3 Player mới nhất +Å £ 400 Proze được đảm bảo!
spam,Dịch vụ SMS.
ham,Nvm mất thời gian của bạn.
ham,Nvm mất thời gian của bạn.
ham,Wot là u up 2 sau đó chó cái?
ham,Ngu ngốc. Không thể
ham,Cô ấy đã nói với HR rằng anh ấy muốn đăng ở Chennai :) bởi vì tôi đang làm việc ở đây :)
spam,Câu lạc bộ di động: Chọn bất kỳ mặt hàng chất lượng hàng đầu nào cho điện thoại di động của bạn.
ham,Khi nào các bạn rời đi?
ham,Anh ấy càu nhàu nhưng tôi buồn ... hee ... mua tmr lor sau bữa trưa.
ham,Không thể làm bất cứ điều gì.
ham,Ìï takin đại số tuyến tính hôm nay?
ham,Cuối tuần này là tốt (một cái cớ để không làm quá nhiều trang trí)
ham,"Xin lỗi, tôi nhớ em."
ham,Bây giờ dự án PA.
spam,Tiền tôi đã giành được số thắng số 946 WOT tôi làm tiếp theo
ham,"Chắc chắn, bất cứ khi nào bạn thể hiện sự chết tiệt & gt; :("
ham,Đó là ngẫu nhiên nhìn thấy bạn cùng phòng cũ của tôi trong khuôn viên trường.
spam,Xin chúc mừng!
ham,"Đàn ông luôn cần một người vợ xinh đẹp, thông minh, chu đáo, yêu thương, có thể điều chỉnh, hợp tác."
ham,Điều đó thật tệ.
ham,Chỉ có một phần Nottingham - 3 giờ 63miles.
ham,Những gì để nghĩ không ai nói rõ ràng.
ham,Chào buổi sáng tốt lành .. cảm ơn bạn cũng vậy ..
ham,Bạn có muốn 2 gặp 2Morro không
ham,Thực sự tôi quyết định tôi quá đói nên tôi chưa rời đi: v
ham,Tôi đã gửi ì_ phần của tôi ..
ham,Vì tôi đã ra ngoài mua sắm wif darren jus bây giờ n tôi đã gọi anh ấy 2 hỏi wat hiện tại anh ấy wan lor.
spam,Tôi muốn một số vòi nước!
ham,Tôi muốn một số vòi nước!
ham,Bạn khỏe không?
ham,"Hiya, có lẽ về nhà * Cuối tuần sau"
ham,Đừng quên mặc dù tôi yêu bạn .... và tôi đi bên cạnh bạn.
ham,Tôi ước mọi thứ là khác nhau.
ham,Ok cả hai ngày của chúng tôi.
spam,GR8 Dịch vụ mới - Trò chuyện video tình dục trực tiếp trên mob của bạn - Xem những cô gái bẩn nhất quyến rũ nhất trực tiếp trên điện thoại của bạn - 4 chi tiết văn bản Horny tới 89070 để hủy gửi dừng lại đến 89070
ham,Tôi không có tiền 4 Steve Mate!
ham,Tôi trễ Tellmiss tôi đang trên đường của tôi
ham,Không bao giờ đổ lỗi cho một ngày trong cuộc sống của bạn.
ham,Thông thường tôi sử dụng để uống nhiều nước hơn hàng ngày :)
ham,Tôi dám hỏi ... bất kỳ may mắn khi phân loại xe?
ham,"Bữa tiệc tại chỗ của tôi tại USF, không tính phí (nhưng nếu bạn có thể đóng góp theo bất kỳ cách nào nó được đánh giá rất cao) và vâng, chúng tôi có chỗ cho một"
ham,"Urgh, huấn luyện viên nóng bỏng, mùi mỡ chip!"
ham,Hiya.
spam,Freemsg hi baby wow vừa có một cam moby mới.
ham,Tôi đã cố gắng tiếp cận anh ấy mà không thành công
ham,Khi bạn và Derek hoàn thành với lớp học?
ham,Không bao giờ y lei ... tôi v lười biếng ... có wat không?
ham,Đừng bao giờ cố gắng một mình để lấy trọng lượng của một giọt nước mắt phát ra từ trái tim của bạn và rơi qua đôi mắt của bạn ... Luôn nhớ một người bạn ngu ngốc ở đây để chia sẻ ... BSLVYL
ham,Này bạn đời.
ham,Hy vọng bạn đang có một tuần tốt lành.
ham,"Haha, bạn tôi Tyler theo nghĩa đen chỉ hỏi liệu bạn có thể lấy cho anh ấy một bản lồng tiếng không"
ham,"Haha, bạn tôi Tyler theo nghĩa đen chỉ hỏi liệu bạn có thể lấy cho anh ấy một bản lồng tiếng không"
ham,"Haha, bạn tôi Tyler theo nghĩa đen chỉ hỏi liệu bạn có thể lấy cho anh ấy một bản lồng tiếng không"
ham,"Haha, bạn tôi Tyler theo nghĩa đen chỉ hỏi liệu bạn có thể lấy cho anh ấy một bản lồng tiếng không"
ham,Sun ah ... thk mayb có thể nếu mặt trời có bất cứ thứ gì ... thk phải đặt bài học ...
ham,Cố gắng làm điều gì đó thân yêu.
ham,"7 Điều kỳ diệu trong thế giới của tôi thứ 7 bạn thứ 6 của bạn Phong cách thứ 5 nụ cười thứ 4 của bạn, tính cách thứ 3 của bạn tự nhiên thứ 2 của bạn SMS và 1st \ ur tình bạn đáng yêu \ ""... Chào buổi sáng thân yêu"""
ham,Chuẩn bị sẵn sàng để vận chuyển comp
ham,Tôi đang ở bệnh viện da.
ham,Piss đang nói là một người nhận ra bạn điểm này là nó. (Bây giờ đọc nó ngược)
ham,Nghĩ + như.
ham,Nghĩ + như.
ham,Tôi tỉnh táo oh.
ham,Bạn đang cố gắng để có được bao nhiêu?
ham,Đến xung quanh & lt; thập phân & gt;
ham,Hãy cho tôi biết lại địa chỉ của bạn là gì
ham,Honeybee nói: * Tôi là người ngọt ngào nhất trong thế giới D * Chúa cười & amp;
ham,Tôi nên mua cho anh ấy một chiếc blackberry in đậm hoặc ngọn đuốc.
ham,Nhưng bạn đã ở bên nhau nên bạn nên suy nghĩ về anh ấy
ham,Hiya thế nào rồi ở Châu Phi đầy nắng?
ham,Tôi nên đến lúc nào vào ngày mai
spam,Muốn cười?
ham,A
ham,OMG làm sao bạn biết tôi đã ăn gì?
spam,\CẤP BÁCH!
ham,:( Nhưng bạn không ở đây ....
ham,:( Nhưng bạn không ở đây ....
spam,Xin chúc mừng bạn đã trao 500 phiếu chứng từ CD hoặc 125Gift Đảm bảo & Nhập miễn phí 2 100 WKLY Vẽ nhạc TXT tới 87066
spam,Hợp đồng của bạn có 11 Mnths không?
spam,Cấp bách!
ham,Chưa có kế hoạch nào.
ham,Xin chào .... sự tham gia của tôi đã được sửa lỗi trên & lt;#& gt;
ham,Không phải khóa học.
ham,Wow không nghĩ nó là phổ biến.
spam,Để có cơ hội để giành được Å £ 250 wkly mua sắm spree txt: mua sắm lên 80878.
ham,Nooooooooo xin vui lòng.
spam,"Bạn có một người ngưỡng mộ bí mật, người đang tìm kiếm 2 người liên lạc với U-Find ra ai mà họ đã tiết lộ ai nghĩ rằng bạn rất đặc biệt gọi vào ngày 09065171142"
spam,"Mila, Age23, Tóc vàng, Mới ở Anh."
ham,"Tôi sẽ xem liệu tôi có thể đi ngang qua một chút không, có một số thứ để chăm sóc ở đây firsg"
ham,"Tôi sẽ xem liệu tôi có thể đi ngang qua một chút không, có một số thứ để chăm sóc ở đây firsg"
ham,"Tôi sẽ xem liệu tôi có thể đi ngang qua một chút không, có một số thứ để chăm sóc ở đây firsg"
ham,"Tôi sẽ xem liệu tôi có thể đi ngang qua một chút không, có một số thứ để chăm sóc ở đây firsg"
spam,Làm tốt nước Anh!
ham,Làm tốt nước Anh!
ham,"Không sao đâu, tôi đã tức giận."
ham,Tôi cũng đã có một thời gian tốt.
ham,Yo xin lỗi đã ở trong phòng tắm sup
ham,"Carlos đã thất vọng nhưng tôi phải nhận nó từ anh ấy, vì vậy tôi sẽ đi bằng USF một chút"
ham,Nhiệt đầy đủ PA :-) Tôi đã áp dụng dầu pa.
ham,Tôi bị mắc kẹt ở giữa DA Row ở bên tay phải của DA LT ...
ham,Bạn đã đặt dòng Airtel của mình để nghỉ ngơi?
ham,"Xin chào, bạn đã quyết định wot 2 nhận 4 ngày của anh ấy nếu không bị bệnh jus lấy cho anh ấy một chứng từ frm virgin hoặc sumfing"
spam,Freemsg: TXT: Gọi đến số: 86888 và yêu cầu phần thưởng của bạn trong 3 giờ nói chuyện thời gian sử dụng từ điện thoại của bạn ngay bây giờ!
ham,\ Này J!
ham,Và tôi không có kế hoạch ở lại đêm nhưng tôi sẽ không trở lại đến muộn
ham,Thanx 4 puttin da fone xuống tôi !!
ham,"Tôi cần thứ 8 nhưng tôi ra khỏi trường ATM, tôi có thể nhận trong một hoặc hai giờ không?"
ham,"Oh ... haha ... den chúng tôi cũng đã đi hôm nay ... gee, nvm la ... kaiez, tôi không nghĩ đến goin jazz oso ... sợ hãi hiphop mở không thể bắt kịp ..."
ham,Đã chạy nhưng chỉ quản lý 5 phút và sau đó cần oxy!
ham,Chúng tôi sống trong tiếp theo & lt;#& gt;
ham,Y de hỏi như thế này.
ham,Chỉ vui mừng được nói chuyện với bạn.
ham,Thời gian wat Ì_ kết thúc?
ham,Xin lỗi da.
ham,Bạn có bao nhiêu để làm sạch
ham,Người yêu thích của tôi hôm nay thế nào?
spam,Câu đố về ánh nắng mặt trời!
ham,"""Được gọi là bố oredi ..."
ham,Tốt.
ham,NVM ... Dù sao thì tôi cũng sẽ đi giày thể thao ... Tôi sẽ đi muộn.
ham,"Xin lỗi, tôi sẽ gọi sau trong cuộc họp."
ham,Đây là một showr dài chết tiệt
ham,"Nhận được, hiểu n hành động!"
ham,Cuối cùng họ đến để sửa trần.
ham,Bạn cần những người đi trước của tôi luôn luôn bcz bạn không thể yêu.
ham,Jus hoàn thành thổi tóc của tôi.
ham,Tôi đang ở trên xe buýt.
ham,Lol ... tôi biết điều đó .... tôi đã nhìn thấy anh ta trong cửa hàng đồng đô la
spam,Vui lòng gọi cho đại diện dịch vụ khách hàng của chúng tôi theo số 0800 169 6031 trong khoảng từ 10 giờ sáng đến 9 giờ tối vì bạn đã giành được giải thưởng £ 1000 tiền mặt hoặc Å £ 5000!
spam,Số Voda Today kết thúc với 7634 được chọn để nhận phần thưởng Å £ 350.
ham,Chỉ ngày thứ bảy và chủ nhật nên rất khó khăn :)
ham,Mọi người đều vui vẻ vào tối nay.
ham,"Có tiền gas hella, muốn thực hiện một cuộc phiêu lưu thiên nhiên lớn với Galileo một chút?"
ham,"Tôi đang ở trong một cuộc họp, hãy gọi cho tôi sau tại"
ham,Oh wow đó là gay.
ham,Những điều này sẽ không làm.
ham,Tại sao tôi din c Ì _... yup tôi cắt tóc ...
ham,K K Pa đã ăn trưa aha.
ham,Oh ho.
ham,Thuyền trưởng Vijaykanth đang làm hài kịch trong đội trưởng TV..He say rượu :)
ham,Tất nhiên rồi.
ham,Bạn có giấu bất cứ điều gì hay giữ khoảng cách với tôi không
ham,Không có.
spam,Bạn đang bị xé toạc!
ham,"Xin lỗi, tôi đã khóa bàn phím của tôi."
ham,Bạn đã có câu chuyện của người đó
ham,Bạn đang có kế hoạch đến Chennai?
spam,Bạn đang có kế hoạch đến Chennai?
ham,Chúa đã tạo ra khoảng cách giữa các ngón tay của bạn để Fat Sum1 rất đặc biệt sẽ lấp đầy những khoảng trống đó bằng cách nắm tay bạn .. Bây giờ xin đừng hỏi bạn đã tạo ra rất nhiều khoảng cách giữa hai chân !!!
ham,Chúng tôi không sao.
ham,Hãy bảo vệ bản thân khỏi các mối đe dọa điện tử.
ham,Cuối cùng nó đã xảy ra ..!
spam,Phần thưởng Å £ 400 xmas đang chờ bạn!
ham,Cuộc gặp gỡ của TMR ở đâu?
ham,Lol vâng.
ham,Hy vọng bạn đang có một ngày tuyệt vời.
ham,Mẹ Prasanth Ettans của chúng tôi đã qua đời đêm qua.
ham,"K, tôi sẽ làm việc gì đó"
spam,RIÊNG TƯ!
ham,Thông điệp này là từ một bác sĩ tuyệt vời ở Ấn Độ :-): 1) Đừng uống appy fizz.
ham,Tôi không thể chọn điện thoại ngay bây giờ.
ham,Bạn gọi cho anh ấy và nói bây giờ trước mặt họ.
ham,Ok không có prob ...
ham,Phụ nữ thứ nhất và chi thứ hai k.
ham,Không. Có xin vui lòng.
ham,Mẹ không đi Robinson rồi.
ham,"Được rồi, hãy để bạn biết chi tiết sau ..."
ham,Không..tel tên phần mềm ..
ham,Tôi gửi bản in ra da.
ham,Tôi thực sự vì tôi đang ở mẹ tôi 2nite thì sao về 2Moro
ham,"Khi tôi được sinh ra, Chúa nói, \ oh không!"
ham,"Tôi đã không nhận được tin nhắn đầy đủ của bạn .. một số văn bản bị thiếu, hãy gửi lại"
ham,"Có lẽ là không, tôi gần như hết xăng và tôi nhận được một số tiền mặt vào ngày mai"
spam,Thông báo dịch vụ khách hàng.
ham,Tôi quên 2 hỏi ì_ tất cả smth .. có một thẻ trên da hiện tại ... làm thế nào?
ham,Tôi đang rời khỏi nhà của tôi bây giờ.
spam,"Chào em yêu của nó Chloe, bạn thế nào rồi?"
ham,"""Sẵn sàng sau đó gọi cho tôi ..."
ham,WEWA là 130. IRIVER 255. Tất cả 128 MB.
ham,Đó là một điều tốt bây giờ tôi đang nhận được kết nối với BW
ham,Sry da..jst nw chỉ tôi đã đến nhà ..
ham,"Thật tuyệt khi anh ấy sẽ ở đây cả đêm, Lemme biết khi bạn ở bên"
ham,Bạn đang ở trong thị trấn?
ham,Bạn đang ở trong thị trấn?
ham,Được rồi bạn có thể đưa tôi đi mua sắm khi bạn được trả tiền = D
ham,"Cuộc sống của tôi có ý nghĩa rất lớn đối với tôi, không phải vì tôi yêu cuộc sống của mình, mà vì tôi yêu những người trong đời, thế giới gọi họ là bạn bè, tôi gọi họ là thế giới của tôi :-) .. ge :-) .."
ham,"Được rồi, chúng tôi sẽ mang nó đến cho bạn, hẹn gặp bạn như & lt;#& gt;"
ham,Nhưng xin vui lòng không chơi trong cuộc sống của người khác.
ham,Nhưng xin vui lòng không chơi trong cuộc sống của người khác.
ham,Hmmm.but bạn nên đưa nó vào một ngày ..
ham,"Không cố gắng, g và tôi quyết định không đi ra ngoài"
ham,Ok không có prob
ham,Chắc chắn sẽ đưa nó cho bạn :-) Trong khi đến để xem xét.
ham,"Bằng cách kết thúc tháng 3, tôi nên sẵn sàng."
ham,Tessy..pls giúp tôi một việc.
ham,Xin vui lòng cho cô ấy thức ăn tốt nhất là PAP rất chậm với vô số đường.
spam,CẤP BÁCH!
ham,CẤP BÁCH!
ham,"Okey dokey, tôi sẽ kết thúc một chút chỉ sắp xếp một số thứ ra."
ham,Don no da :) Bạn có kế hoạch gì?
ham,Có tốt
spam,Chiến thắng: Chúng tôi có một người chiến thắng!
ham,Chiến thắng: Chúng tôi có một người chiến thắng!
ham,Bất cứ lúc nào ...
ham,"Mmmmmmm* rúc vào bạn* ...* thở dài hài lòng* ...* thì thầm* ... Tôi yêu bạn rất nhiều, tôi hầu như không thể chịu đựng được ..."
ham,Yar nhưng họ nói có một số lỗi.
ham,Này dù sao tôi cũng phải :-)
ham,Wow rất khỏe mạnh.
ham,WIF Gói tham quan đặt phòng gia đình của tôi.
ham,"Bạn có nói táo bạo, sau đó ngọn đuốc sau đó."
ham,"Haha Tuyệt vời, tôi có thể cần phải đưa bạn lên điều đó, bạn làm gì tối nay?"
ham,"Ya tôi biết bạn sẽ cho đi..tôi, cảm ơn Kano..có việc tận hưởng sự dí dỏm của bạn với gia đình bạn với mức lương đầu tiên .. :-) ;-)"
ham,"Huh quá chậm, tôi đã tiếp cận từ lâu rồi ... bạn thêm 2 ngày nữa tôi chỉ còn 4 leh ..."
ham,Đó là công chúa tuyệt vời!
ham,Đó là công chúa tuyệt vời!
ham,Oops i thk i dun haf enuff ... Tôi đi kiểm tra sau đó nói ì_ ..
ham,S :) 8 phút để đi ăn trưa :)
ham,Chào.
ham,"K sẽ làm, Addie & amp;"
ham,Các chú của tôi ở Atlanta.
ham,"Aiyo ... bài học của cô ấy quá sớm ... tôi vẫn ngủ, haha ... okie, bạn về nhà liao den xác nhận w me lor ..."
ham,Quên nói ì_ smth .. có thể ì_ như số các phần để nó rõ ràng hơn ..
ham,Chuẩn rồi.
ham,"Tôi về nhà, tình yêu của tôi ... nếu bạn vẫn còn thức ... *nụ hôn yêu *"
ham,Xin chào Peach!
spam,Trò chơi miễn phí.
ham,"Sẽ có một shindig nhỏ ở chỗ của tôi vào cuối tối nay, bạn quan tâm?"
ham,Jason nói thật tuyệt nếu chúng ta nhặt được một số từ vị trí của anh ấy trong một giờ
spam,Có 10 MTH di động của bạn không?
ham,Tôi (sự nghiệp tel) đã thêm u như một liên hệ trên indyarocks.com để gửi SMS miễn phí.
ham,Tôi đã đạt được rồi.
ham,Tôi không biết hỏi anh trai tôi.
ham,K :)
ham,Mấy giờ ì_ sẽ đến nhà nghỉ của Xin?
ham,Chào buổi sáng Shijutta thân yêu của tôi ........... có một tuyệt vời & amp;
spam,Mua không gian xâm lược 4 A Chance 2 Win orig arcade Game Console.
ham,Oh k :) sau vị trí đó ah?
ham,Oh k :) sau vị trí đó ah?
ham,"Không chỉ vì lái xe ngay cả vì nhiều lý do cô ấy được gọi là BBD..thts là chikku, sau đó hw abt dvg lạnh .."
ham,Tôi đã mua bài kiểm tra ngày hôm qua.
ham,Chúng tôi có pizza nếu bạn muốn
ham,Tôi tiếp tục nhìn thấy những thứ kỳ lạ và tất cả
ham,Nhiều sự trở lại hạnh phúc nữa trong ngày.
ham,Ya rất đẹp.
ham,Tôi đang ở bệnh viện da.
ham,"\ Nghĩ về u;) x \ """""
spam,Camera - Bạn được trao một máy ảnh kỹ thuật số SIPIX!
ham,Orh tôi nói bạn nói bây giờ cô ấy vẫn không tin.
ham,"Khi bạn chỉ cần đặt dấu hiệu +, chọn số của tôi và mã PIN sẽ hiển thị."
ham,Vẻ đẹp của cuộc sống là trong thứ hai tiếp theo .. che giấu hàng ngàn bí mật.
ham,Thanx u darlin! Tôi mát mẻ thanx.
ham,"Nếu bạn vẫn còn, có thể để lại thẻ tín dụng để tôi có thể lấy xăng khi tôi quay lại như thể anh ấy bảo tôi"
spam,Các tông màu mát hàng tuần của bạn đã sẵn sàng để tải xuống! Tuần này các âm mới bao gồm: 1) Crazy Frog-Axel f >>> 2) Akon-lonely >>> 3)
ham,"Well Boy, tôi rất vui vì G lãng phí cả đêm tại Applebees vì không có gì"
spam,Cashbin.co.uk (Nhận nhiều tiền vào cuối tuần này!)
ham,Ok lor ... hay bạn wan tôi đi xem 4 u?
ham,U wan 2 hab bữa trưa bây giờ tôi đang ở da căng tin.
ham,Đừng làm cho cuộc sống quá căng thẳng .. Luôn luôn tìm thấy thời gian để cười .. Nó có thể không thêm nhiều năm vào cuộc sống của bạn!
ham,"Này, có vẻ như tôi đã sai và một trong những số kappa vẫn còn trên điện thoại của tôi, nếu bạn muốn tôi có thể nhắn tin cho anh ấy và xem anh ấy có ở bên"
spam,CẤP BÁCH!
spam,Cảm ơn bạn tiếp tục hỗ trợ câu hỏi của bạn trong tuần này sẽ vào U In2 của chúng tôi 4 Å £ 100 tiền mặt.
ham,Tôi về nhà.
ham,Đó là ì © chỉ $ 140 ard ... ìä nghỉ tất cả ard $ 180 ít nhất ... đó là is © Giá 4 ì © 2 Bedrm ($ 900)
ham,Tôi cũng vậy!
ham,Chuẩn bị để được vui vẻ :)
ham,Hi.:) Phân tích hỗ trợ. Cung cấp hỗ trợ cho khách hàng của chúng tôi thông qua cuộc gọi và email :)
ham,Nếu bạn nhắn tin trên đường đến Cup dừng lại sẽ hoạt động.
ham,Khi nào chương trình radio của bạn?
spam,"ID người dùng duy nhất của bạn là 1172. Để loại bỏ, hãy gửi dừng lại đến 87239 Dịch vụ khách hàng 08708034412"
ham,Tôi không chắc nó có còn không
ham,Bất cứ mối quan hệ nào mà bạn xây dựng trong Dis World duy nhất vẫn là sự cô đơn của Atlas Iz với rất nhiều ký ức rất nhiều!
ham,Chúc mừng Lou!
ham,Xin chào..tôi nhận được tiền da :)
ham,"Xin chào, di động không."
ham,"Được rồi, bạn cho tôi biết bạn sẽ đến sau lúc nào."
ham,U lặp lại hướng dẫn e một lần nữa.
ham,"Vì vậy, nhiều người dường như rất đặc biệt ngay từ cái nhìn đầu tiên, nhưng chỉ rất ít người vẫn còn đặc biệt với bạn cho đến khi bạn nhìn thấy .. duy trì chúng cho đến khi cuộc sống kết thúc .. Sh! Jas"
ham,Khá lor.
ham,Xin lỗi hoàn toàn quên * sẽ pop em tròn trong tuần này nếu bạn vẫn ở đây?
ham,Bạn là cô gái xinh đẹp nhất mà tôi từng thấy.
ham,O Chúng ta không thể xem liệu chúng ta có thể tham gia Denis và Mina không?
ham,Sen nói rằng anh ta sẽ tham gia tài chính cho chú của mình trong CBE
ham,Sen nói rằng anh ta sẽ tham gia tài chính cho chú của mình trong CBE
ham,"Yup ... Này, một ngày trên thứ Sáu, chúng ta có thể hỏi Miwa và Jiayin nghỉ phép đi karaoke"
ham,"Đặc biệt là vì tôi nói về Boston tất cả trong tuyên bố cá nhân của tôi, lol!"
ham,Thật vậy và nhân tiện nó là hoặc - không phải cả hai!
spam,Urgent -Call 09066649731 từ điện thoại cố định.
ham,"Chúa Kitô sống, những gì đang mất bạn quá lâu"
ham,Ìï thk của wat để ăn tối nay.
ham,Thanx.
ham,Chúng tôi ở phía đối diện với nơi chúng tôi thả bạn ra
ham,Chuẩn rồi.
ham,Gửi cho tôi sơ yếu lý lịch của bạn :-)
ham,Gd may mắn 4 bài kiểm tra của bạn :-)
ham,Hoặc bạn hỏi tất cả họ nếu tiếp theo ngồi không.
ham,Xin lỗi đó là chú của tôi.
ham,"Saw Guys and Búp bê đêm qua với Patrick Swayze, thật tuyệt"
spam,Urgent Đây là nỗ lực thứ 2 của chúng tôi để liên hệ với U. Giải thưởng £ 900 của bạn từ ngày hôm qua vẫn đang chờ đợi bộ sưu tập.
spam,Ông già Noel gọi!
ham,Chỉ về nhà.
ham,Tôi không biết tại sao cô ấy không nhận được tin nhắn của bạn
ham,Thật tuyệt nhưng Tyler đã phải cất cánh nên chúng tôi sẽ mua cho anh ấy và thả nó ra tại chỗ của anh ấy vào tối nay.
ham,Anh chàng ở cửa hàng xe đang tán tỉnh tôi đã lấy số điện thoại của tôi từ giấy tờ và gọi và nhắn tin cho tôi.
ham,Đảo ngược là gian lận.
ham,Làm thế nào để bạn có kế hoạch quản lý điều đó
ham,"Er, xin chào, mọi thứ đã không û t hoàn toàn đi lên kế hoạch"
ham,Xin lỗi vì sự chậm trễ.
ham,Gọi cho tôi khi bạn kết thúc thì tôi đến n chọn bạn.
spam,RIÊNG TƯ!
ham,Có chuyện gì vậy OGA của riêng tôi.
ham,"Mặc dù vậy, đừng lo lắng, tôi hiểu tầm quan trọng của việc tôi được đặt vào vị trí của mình với một hình phạt suy nghĩ kém khi đối mặt với điều tồi tệ nhất từng xảy ra với tôi."
ham,"Em yêu, em có thể vui lòng tìm hiểu bao nhiêu họ bán vị ngữ ở Nigeria."
ham,E xây dựng quản trị viên ở đó?
ham,"FYI Bây giờ tôi đang ở USF, đi ngang qua phòng bất cứ khi nào"
ham,Tôi có thể gọi trong & lt;#& gt;
ham,Ummmmmmaah nhiều hạnh phúc trở lại của d ngày trái tim thân yêu của tôi .. chúc mừng sinh nhật thân yêu
ham,"""Không có công việc nhà để làm tôi ..."
ham,Bất cứ điều gì có giá trị chỉ trong 2 tình huống: đầu tiên- trước khi nhận được ... thứ hai- sau khi mất nó ...
ham,Tôi cũng vậy.
ham,Bài báo của bạn thế nào?
ham,Có công suất nhỏ hơn một?
spam,Kiểm tra Chọn Video Babe của bạn @ sms.shsex.netun fgkslpopw fgkslpo
ham,Tôi tốt!
spam,u r một người chiến thắng u ave đã được lựa chọn đặc biệt 2 nhận Å £ 1000 tiền mặt hoặc 4* Holiday (Flights Inc) Nói chuyện với Nhà điều hành trực tiếp 2 Yêu cầu 0871277810710P/phút (18)
ham,:-) :-)
ham,Không nghĩ rằng nó ... | |
ham,Tôi sẽ đi ngủ.
ham,"Haha, chỉ là những gì tôi đã nghĩ"
ham,Yup nhưng bây giờ nó không cho tôi vấn đề nên có thể tôi sẽ rời bỏ nó ...
ham,Lol không.
ham,"Bao lâu trước khi bạn được trả lời, chỉ cần nhập học cho đến học kỳ tiếp theo"
ham,"Từ \ Checkmate \ ""trong cờ vua đến từ cụm từ tiếng Ba Tư \"" Shah Maat \ ""có nghĩa là; \"" Vua đã chết .. \ ""Goodmorning .. Chúc một ngày tốt lành .. :)"""
ham,Po de :-) :) :-) :-) :-).
ham,Chuột.
spam,"Điện thoại di động mới từ năm 2004, phải đi!"
ham,Tôi hy vọng Pee của bạn đốt cháy tonite.
ham,Oh nghi thức.
ham,Oh nghi thức.
ham,.... Photoshop làm cho máy tính của tôi tắt.
ham,Tất cả các chàng trai đã làm cho tôi vui vẻ hôm nay.
ham,Đó là một trong những vấn đề nhưng California vẫn ổn.
spam,RIÊNG TƯ!
ham,"Hmmm .... có lẽ khu vực mua sắm có thể, nhưng quên tên E của khách sạn ..."
ham,"Tuyệt vời, điều đó sẽ sớm được sớm hay muộn?"
ham,Tôi cần chi tiết về công việc trực tuyến đó.
spam,Bạn đã thắng!
ham,Nhớ bạn quá .pray inshah allah
ham,Làm ơn giúp tôi nói với Ashley rằng tôi không thể tìm thấy số của cô ấy oh
ham,Bây giờ tôi đang ở trong Nhà hát Escape.
ham,S. Điều này sẽ tăng cơ hội chiến thắng.
ham,Dù bằng cách nào làm việc cho tôi.
ham,Có lẽ bạn nên tìm việc khác để làm thay thế ???
ham,Có được quyền của một người vợ. Yêu cầu nó. Tôi cũng đang cố gắng làm chồng. Hãy xem
ham,Tôi thích ngôi nhà mới của bạn
ham,Tôi ổn.
ham,"Ngoài ra Bắc Carolina và Texas ATM, bạn sẽ chỉ đến trang web GRE và trả tiền cho các kết quả kiểm tra sẽ được gửi."
ham,Tương tự với bạn ...
ham,vâng em yêu!
ham,Cảm ơn và!
ham,Được rồi...
ham,Được rồi...
ham,"\ Phản ứng \ ""là một trong những vũ khí mạnh mẽ 2 chiếm một vị trí trong người khác 'trái tim' ... vì vậy"
ham,Điện thoại Nokia thật đáng yêu ..
spam,** Tin nhắn miễn phí ** Cảm ơn vì đã sử dụng dịch vụ đăng ký đấu giá.
spam,Những bà nội trợ chán!
ham,Xin lỗi da..today tôi sẽ không đến chơi..tôi có lớp học lái xe ..
ham,Tôi thực sự xin lỗi tôi đã thắp tóc của bạn
ham,Ồ!
ham,Okey Dokey Swashbuckling những gì oh.
ham,"Xem phim hoạt hình, nghe nhạc & amp;"
ham,1. Khuôn mặt căng thẳng 2. Khuôn mặt tươi cười 3. Khuôn mặt lãng phí 4. Khuôn mặt ngây thơ 5. mặt người dùng 6. mặtcruel khuôn mặt 7. khuôn mặt có thể điều chỉnh được 9. mặt & lt;#& gt;
ham,Dip's Cell đã chết.
ham,Tốt.
ham,"Xin chào dis là yijue, tôi sẽ rất vui khi làm việc wif ì_ tất cả cho gek1510 ..."
ham,Cười!
ham,Điều gì đã xảy ra với điều hành trình
ham,Tôi biết Dat Feelin đã có nó với Pete!
spam,Lyricalladie (21/F) đang mời bạn làm bạn của cô ấy.
ham,Frnds hạnh phúc nhất thế giới không bao giờ có cùng một nhân vật ... Dey chỉ hiểu rõ nhất về sự khác biệt của họ ...
spam,Không có 1 giai điệu đa âm 4 mob của bạn mỗi tuần!
ham,Vâng chỉ cần mở trò chuyện và nhấp vào danh sách bạn bè.
ham,"Được rồi, Tyler có một cuộc khủng hoảng nhỏ và phải về nhà sớm hơn anh nghĩ nên ở đây càng sớm càng tốt"
ham,Khi nào/tôi đón bạn ở đâu
ham,"Như thường lệ, bạn có thể gọi tôi là ard 10 smth."
ham,"Lý thuyết mới: Đối số chiến thắng tình huống D, nhưng mất người."
ham,"Đối với nhiều thứ, nó là một loại kháng sinh và nó có thể được sử dụng cho bụng ngực và nhiễm trùng gynae thậm chí là nhiễm trùng xương."
ham,Cô gái tội nghiệp không thể đi một ngày lmao
ham,Hoặc chỉ làm điều đó 6 lần
spam,Các số Vodafone của ngày kết thúc với 4882 được chọn để nhận giải thưởng Å £ 350.
ham,Bạn phải làm ơn ghi chú tất cả những gì cô ấy tiếp xúc.
ham,"Tâm ngôn Nhật Bản: Nếu người ta có thể làm điều đó, bạn cũng có thể làm điều đó, nếu không ai có thể làm được, bạn phải làm điều đó phiên bản Ấn Độ: nếu người ta có thể làm điều đó, hãy để anh ta làm điều đó .. nếu không ai có thể làm được, hãy để nó !!"
ham,Có vẻ như có thể có rất nhiều thời gian dành cho cậu bé thiết bị khiết tịnh đó ... * cười * ... hoặc đánh đập của bạn như một con chó tốt.
ham,Sẽ tệ hơn nếu nó sử dụng nửa chừng thì dừng lại.
ham,Khổ sở.
ham,Gửi cho tôi số mới
ham,Truyền đạt sự trân trọng của tôi với anh ấy
spam,Muốn thiết bị cầm tay video mới nhất?
ham,2 năm rưỡi tôi đã bỏ lỡ tình bạn của bạn :-)
ham,Tôi không thể chọn điện thoại ngay bây giờ.
ham,"Ồ vì lợi ích của cô ấy, cô ấy ở như Tallahassee"
ham,"Haha, đó là người đầu tiên tôi sẽ hỏi"
spam,"OU được đảm bảo là điện thoại Nokia mới nhất, máy nghe nhạc iPod 40GB hoặc giải thưởng Å £ 500!"
ham,Taka lor.
spam,* Miễn phí* Nhạc chuông đa âm văn bản Super đến 87131 để có được giai điệu poly miễn phí của bạn trong tuần ngay bây giờ!
ham,"\ I; m đạt trong 2 điểm dừng khác. \ """""
ham,"Không, tôi * không * có nghĩa là đăng nó."
spam,"Không, tôi * không * có nghĩa là đăng nó."
ham,Bạn sẽ lên mạng vào tối hôm nay
ham,"Sau đó, bất cứ điều gì đặc biệt?"
ham,"Tôi đang ở Solihull, |"
ham,Sẽ làm.
ham,Chúng tôi rất tiếc phải thông báo cho bạn rằng NHS đã phạm sai lầm.
ham,Yêu cảm giác thứ hai ngày lễ đó ngay cả khi tôi phải đến nha sĩ trong một giờ
ham,Tôi đang trên đường đến Tirupur.
spam,Mục tiêu!
ham,Bạn đã có một phụ huynh bong tróc.
ham,Chúng tôi đã đưa Hooch đi dạo Toaday và tôi đã ngã xuống!
ham,"Chỉ cần thả em ra, OMW trở lại ngay bây giờ"
spam,Đây là lần thứ 2 chúng tôi đã thử 2 liên hệ u.
ham,Ngồi trong MU chờ mọi người ra khỏi bộ của tôi để tôi có thể đi tắm
ham,Cuộc gọi của bạn;
ham,"G nói rằng bạn không bao giờ trả lời văn bản của mình, xác nhận/từ chối"
ham,Nó rất phổ biến Hearin làm thế nào r u?
ham,"Xin chào, hãy gọi cho tôi Urgnt."
ham,Oh yah ... chúng tôi không bao giờ hủy bỏ leh ... haha
ham,Chúng ta có thể đi 4 E Pilates bình thường sau khi giới thiệu ...
ham,Ok ... cho bạn biết khi tôi rời khỏi nhà.
ham,"Ồ vâng, tại sao nó giống như tra tấn khi xem nước Anh?"
ham,Muốn làm một số nghệ thuật?!
ham,Chỉ hy vọng điều đó không phải là û t quá tức giận để nhớ và đã đi đến với các chị gái của mình hoặc một cái gì đó!
spam,Có những gì cần 2 tham gia vào cuộc biểu tình WRC ở Oz?
spam,"Xin chào, các cô gái gợi cảm đang chờ bạn nhắn tin cho họ."
ham,"Chào buổi sáng, Boytoy của tôi!"
ham,Trận đấu bắt đầu.india & lt;#& gt;
ham,"Một lần miễn phí, hãy gọi tôi, thưa ngài."
ham,"Này, bạn có muốn mua bất cứ thứ gì :)"
ham,"Này em yêu, thế nào rồi?"
ham,K..K. :) Xin chúc mừng ..
ham,G muốn biết bạn đang ở đâu
ham,"Không, nó đã bị hủy vâng em yêu!"
ham,Ngày mai tôi muốn ra tòa.
ham,Ì ì về nhà Liao?
ham,OMG Bạn có thể làm một nhà nguyện đám cưới ở Frontierville?
ham,"Bây giờ tôi đang ăn, nhưng hãy quay lại làm việc sớm ... E Mountain Deer Show Huh ... Tôi xem B4 Liao, rất tốt ..."
ham,Kiểm tra thư. Tôi đã gửi thư varma và liên hệ sao chép cho bạn về tư cách thành viên.
ham,Điện thoại sai!
ham,Điện thoại sai!
ham,"Dù sao tôi không nghĩ rằng tôi có thể đảm bảo bất cứ điều gì ở đây, Lemme biết nếu bạn muốn tôi lái xe xuống phía nam và thư giãn"
spam,Tin tuyệt vời!
spam,"Xin chào, đây là Amy, chúng tôi sẽ gửi cho bạn số điện thoại miễn phí trong một vài ngày, điều này sẽ cho bạn quyền truy cập vào tất cả các bên dành cho người lớn ..."
ham,Tôi đang ở trên xe buýt trên đường đến Calicut
ham,"Xin chào, tôi có lẽ bạn đang có quá nhiều niềm vui để nhận được tin nhắn này nhưng tôi nghĩ id txt u cos tôi chán!"
ham,"Chào em bé, tôi đang ngồi trên xe buýt đẫm máu ở MO và tôi sẽ không ở nhà cho đến khoảng 7:30 có muốn làm gì đó sau đó không?"
spam,"Chào mừng bạn đến chọn, một dịch vụ O2 với các lợi ích bổ sung."
ham,Tôi đã mất 4 pound kể từ lần truy cập tài liệu của tôi tuần trước woot woot!
ham,Bạn trở lại 4 nghi thức ăn tối?
ham,Làm chủ của tôi.
ham,"Ahhhh ... vừa thức dậy! Có một giấc mơ tồi tệ về bạn, vì vậy tôi không thích bạn ngay bây giờ :) Tôi không biết gì về đêm hài nhưng tôi đoán tôi sẽ làm điều đó."
ham,Tôi là Vivek :) Tôi nhận được cuộc gọi từ số của bạn.
ham,Tại sao bạn không gọi vào bữa trưa của bạn?
ham,"Ý tôi là tôi còn lại quá sớm để kiểm tra, vì tôi đang làm việc 9-6."
ham,Tôi muốn & lt;#& gt;
ham,"Một chút nụ cười của bạn là hppnss của tôi, một giọt nước mắt của bạn là nỗi buồn của tôi, một phần trái tim của bạn là cuộc sống của tôi, một trái tim như tôi sẽ chăm sóc cho bạn,"
ham,Yup ok ...
ham,Tôi muốn nhìn thấy âm hộ xinh đẹp của bạn ...
spam,Người giữ phiếu mua hàng thân mến có bữa ăn tiếp theo của bạn về chúng tôi.
ham,"Một vài người đang ở trong trò chơi, tôi đang ở trung tâm thương mại với Iouri và Kaila"
spam,"Một vài người đang ở trong trò chơi, tôi đang ở trung tâm thương mại với Iouri và Kaila"
spam,"Bạn có thể quyên góp £ 2,50 cho Quỹ hỗ trợ thảm họa Áo châu Á của UNICEF bằng cách nhắn tin quyên góp cho 864233. £ 2,50 sẽ được thêm vào hóa đơn tiếp theo của bạn"
ham,Tương lai không phải là những gì chúng tôi dự định cho ngày mai .....!
ham,Tôi sẽ cme tôi muốn đi đến 2morrow của anh ấy.
ham,Chúng tôi được cho là gặp nhau để thảo luận về chuyến đi của chúng tôi ... Xuhui nói với bạn?
ham,Này trực tuyến!
ham,Tôi ổn.
ham,"Rất tiếc, tôi đang tắm khi bạn gọi."
ham,Aiyo bạn thật nghèo nàn ... sau đó bạn dun wan 2 ăn?
ham,Yar ... tôi đã biết dis sẽ xảy ra từ lâu rồi.
ham,Bạn thật tuyệt vời!
ham,Một cậu bé đã đến cuối 2 nhà.
ham,Ngọc Paul của nó.
ham,Ngọc Paul của nó.
ham,Vậy hôm nay bạn đang làm gì?
ham,Tôi đã nói nó ổn.
ham,Ngủ?
ham,Công việc kết nối là có.
spam,Goldviking (29/m) đang mời bạn làm bạn của anh ấy.
ham,Đừng để nghiên cứu căng thẳng cho bạn.
ham,Đó là bạn haf 2 giữ cho tôi bận rộn ...
ham,Không vội vã.
ham,Kênh nào :-) :-) :) :-).
ham,"Vì vậy, bạn nói với tôi rằng tôi có thể là Valentine thực sự của bạn và tôi đã không?"
spam,Phony Å £ 350 Giải thưởng - Số Voda ngày nay kết thúc xxxx được chọn để nhận giải thưởng Å £ 350.
ham,Chúng tôi đã làm nó!
ham,Tôi đói mua nhà smth ...
ham,\ Này Kate
ham,Ổ đĩa của tôi chỉ có thể được đọc.
ham,"Chỉ cần nhìn nó và Addie trở lại vào thứ Hai, thật tệ khi trở thành cô ấy"
ham,CHÚC MỪNG NĂM MỚI.
ham,Esplanade lor.
ham,Bạn có thể nói chuyện với tôi ..
ham,HMPH.
ham,"Vâng, nó không giống như bạn thực sự đã gọi ai đó là một punto."
ham,Không.
ham,Bạn vẫn ở xung quanh?
spam,CDS 4U: Xin chúc mừng bạn được trao £ 500 của CD Vouchers hoặc Å £ 125 Gift được đảm bảo & FreeEntry 2 Å £ 100 WKLY Draw XT Music tới 87066 TNCS www.ldew.com1win150ppmx3age16
ham,Có ai đó ở đây có một năm & lt;#& gt;
ham,Đoán xem quán rượu nào ở trong?
ham,Tôi sẽ sớm xuống
ham,Oh k.
ham,Go Fool đừng lừa dối người khác ok
ham,Số điện thoại di động của tôi
ham,"Nhân tiện, 'Rencontre' sẽ gặp lại nhau."
spam,Bạn đã giành được một khoản tiền mặt £ 1000 được đảm bảo hoặc giải thưởng Å £ 2000.
ham,Bạn tham dự bài học lái xe của bạn bao nhiêu lần một tuần vào ngày nào?
ham,"Chú G, chỉ cần kiểm tra bạn."
ham,Xin chào Boytoy!
ham,Tôi nghĩ rằng hai người kia vẫn cần phải nhận tiền mặt nhưng chúng ta có thể sẵn sàng vào lúc 9
ham,Này các cô gái ... tất cả các bạn muốn gặp 4 bữa tối tại nìâte?
spam,Thân mến
ham,Em yêu!
ham,Tuyệt vời!
ham,"Thật tuyệt, chúng ta có thể tồn tại một chút."
ham,:-( buồn tiếng con chó con buồn
ham,"Vâng, nó có thể nhưng đừng cố gắng."
ham,Dù sao thì holla ở tôi bất cứ khi nào bạn ở bên vì tôi cần một cái cớ để leo lên người ở Sarasota
ham,Bạn ở đâu.
ham,Tôi sẽ hỏi bạn lol nhưng tôi nghĩ nó ở tuổi 7
spam,"Cân bằng tiền mặt của bạn hiện là 500 pounds-để tối đa hóa tiền mặt của bạn, hãy gửi tới 86688 chỉ 150p/meg."
spam,RIÊNG TƯ!
ham,Đi theo đuổi cô ấy và chạy cô ấy trong khi cô ấy băng qua đường
spam,Tôi muốn nói với bạn những tưởng tượng đen tối sâu sắc nhất của tôi.
ham,Có Thứ Sáu sắp tới đang nghỉ phép cho Pongal không? Bạn có nhận được tin tức gì từ nơi làm việc của bạn không.
ham,Này ... rất bất tiện cho cô ấy không phải hả?
ham,"Được rồi, tôi sẽ ... bạn biết tôi được Adsense chấp thuận .."
ham,"* Thật sự rất tốt khi gặp bạn vào ngày khác Dudette, đã nhớ bạn!"
ham,Tôi muốn đến Perumbavoor
ham,Đã bao nhiêu lần tôi nói trong sân khấu đều sử dụng để cười.
spam,Bạn sẽ không tin điều đó nhưng đó là sự thật.
ham,(Bạn không nghe thấy nó từ tôi)
ham,Cảm ơn vì đã ở đó cho tôi chỉ để nói chuyện vào thứ bảy.
ham,Xin làm rõ nếu một vé trở lại mở mà tôi có thể được chuẩn bị trước để tôi quay lại Kerala.
spam,Natalie (20/f) đang mời bạn làm bạn của cô ấy.
ham,Cô chạy đi với một người đàn ông trẻ hơn.
spam,Jamster!
ham,O ic lol.
ham,"Dunno, bố tôi cho biết ông về nhà 2 mang chúng tôi ra bữa trưa."
ham,"Chúng tôi đã gửi cho JD cho dịch vụ khách hàng kiêm tài khoản điều hành cho id thư của bạn, để biết chi tiết liên hệ với chúng tôi"
ham,Mong muốn- bạn sẽ đến bác sĩ 4 gan.
ham,Hmmm.still chúng tôi không có dụng cụ mở?
ham,"Vâng, về cơ bản bất cứ lúc nào vào tuần tới, bạn có thể tránh xa mẹ & amp;"
ham,"Edison đã nói đúng, \ một kẻ ngốc có thể hỏi nhiều câu hỏi hơn một người khôn ngoan có thể trả lời \ ""Bây giờ bạn biết tại sao tất cả chúng ta không nói nên lời trong Viva .. GM"
ham,Tôi sẽ bỏ phiếu cho bất cứ nơi nào trái tim tôi hướng dẫn tôi
ham,Với sis lor của tôi ... chúng tôi Juz đã xem công việc của Ý.
ham,"Đánh dấu, đánh dấu, đánh dấu .... bạn đang ở đâu?"
ham,Lmao bạn biết tôi rất rõ ...
spam,Double Mins & Double TXT & 1/2 Giá lót giá trên điện thoại di động Bluetooth màu cam mới nhất.
ham,Tôi đang trên một chuyến tàu trở về từ Northampton nên tôi không sợ!
ham,"Chúc ngủ ngon, tôi thực sự nhớ bạn thân yêu."
ham,Này mặt trời tiếp theo 1030 có một khóa học yoga cơ bản ... tại Bugis ... chúng ta có thể đi cho điều đó ... Pilates giới thiệu tiếp theo SAT .... cho tôi biết bạn sẽ miễn phí lúc mấy giờ
ham,"Geeeee ... Internet của bạn hôm nay thực sự tệ, hả?"
spam,Điện thoại camera video miễn phí với một nửa đường cho thuê cho 12 tháng và 500 chéo NTWK MINS 100 TXTS.
ham,Tôi nghĩ rằng tôi đang làm phiền cô ấy da
ham,"Xin lỗi, tôi sẽ gọi cho bạn sau."
ham,Havent bị mắc kẹt tại Orchard trong xe của bố tôi.
ham,"Được rồi, tôi cũng sẽ xem 2 xem chương trình 9 giờ tối ..."
ham,Tôi dunno lei ... như dun haf ...
ham,Nhưng anh trai của bạn chỉ chuyển giao & lt;#& gt;
ham,Tôi gọi bạn muộn.
spam,83039 62735 = £ 450 UK Break Chỗ ở Điều khoản & Điều kiện áp dụng.
ham,Nói chuyện với G và X về điều đó
ham,Hai bạn thân mến ... đây là amp mới của tôi;
spam,5p 4 con của Alfie Moon đang cần bài hát trên mob của bạn.
ham,Như trong các phong cách khác nhau?
spam,Giành được Å £ 200 mua sắm mỗi tuần bắt đầu từ bây giờ.
ham,Gud ni8 thân mến..s ngủ ngon..tuke chăm sóc..weet những giấc mơ..muah ..
ham,Tôi muốn gửi & lt;#& gt;
spam,"Đây là nỗ lực thứ 2 để ký hợp đồng với U, bạn đã giành được giải thưởng cao nhất trong tuần này là Å £ 1000 tiền mặt hoặc Å £ 200 giải thưởng."
ham,"Chà, tôi rất vui vì bạn đã không thấy nó hoàn toàn không đồng ý ... lol"
ham,"Guy, không có flash tôi bây giờ."
spam,Bạn có muốn một chiếc điện thoại màu Nokia 3510i mới được phân phối vào ngày mai không?
ham,Mark hoạt động vào ngày mai.
ham,\ Giữ vấn đề của bạn trong trái tim của bạn
ham,"Vâng, hãy gọi cho tôi nếu bạn có một phút"
ham,\ Hi babe Uawake?
ham,"Thật tuyệt vời: Nếu bạn sắp xếp lại những chữ cái này, nó mang lại cùng một ý nghĩa ... Dormitory = Phòng thiên văn phòng bẩn = Moon Starer The Eyes = Họ thấy kết quả bầu cử = Lies cho phép kể lại mẹ chồng = Woman Hitler Eleven cộng với hai = mười hai cộng với một người của nó"
ham,Aiya chúng ta thảo luận sau Lar ... chọn ì_ lên lúc 4 phải không?
ham,Này chúc mừng sinh nhật ...
ham,"Xin lỗi, tôi đã bỏ lỡ cuộc gọi của bạn."
ham,OMG nếu nó không phải là một thứ khác của nó.
ham,"Chào buổi sáng, tôi bị sốt và khó chịu .. sẽ không thể đến văn phòng ngày hôm nay."
ham,Tôi sẽ không làm bất cứ điều gì de.
ham,Bạn hát loại thứ gì?
ham,"St Andre, Virgil's Cream"
ham,Không không.
ham,"Fri ah của tôi ... okie lor, đi 4 lái xe của tôi đi mua sắm sau ..."
ham,Gokila đang nói chuyện với bạn aha :)
ham,"Xin chào Shanil, Rakhesh ở đây. Cảm ơn, tôi đã trao đổi những thứ kim cương chưa cắt."
ham,K.K. Tháng sinh nhật Kotees biết?
ham,Nhưng tôi thực sự đã phá vỡ oh.
ham,Xin lỗi vì đây là điện thoại của bạn bè của tôi và tôi đã không viết nó yêu Kate
spam,"Themob> Nhấn vào liên kết để có được một trò chơi panther màu hồng cao cấp, số mới."
ham,"Ah, điều đó làm mọi thứ nhầm lẫn, phải không?"
ham,"Aight, gọi cho tôi khi bạn thân"
ham,"Không, điều đó tốt."
spam,"MSG này dành cho đơn đặt hàng nội dung di động của bạn, nó đã bực bội vì lần thử trước đó đã thất bại do các truy vấn lỗi mạng đối với khách hàng sau đó là@netvision.uk.com"
ham,"Trong một tin tức khác sau khi làm phiền tôi để lấy cỏ dại anh ta trong một tuần, Andres không có tiền."
ham,Một cậu bé yêu một cô gái.
ham,Tôi không nên mua một chiếc xe BMW khẩn cấp..Thôi Vry Urgent.Nhưng hv thiếu & lt;#& gt;
ham,Đinh tôi trên ya break fassyole!
ham,"Tôi thực sự cần 2 nụ hôn, bạn nhớ con con tôi từ em bé 4eva"
ham,"Dấu hiệu của sự trưởng thành không phải là khi chúng ta bắt đầu nói những điều lớn .. nhưng thực sự là, khi chúng ta bắt đầu hiểu những điều nhỏ bé ... * Chúc một buổi tối tốt đẹp * BSLVYL"
ham,"Ồ, bạn có nhiều trách nhiệm."
spam,"Ồ, bạn có nhiều trách nhiệm."
ham,Tôi đã đạt được sch rồi ...
spam,Chỉ tháng 12!
ham,Bạn chắc chắn cần một mô -đun từ e nhân văn dis sem izzit?
ham,Argh tại sao cái chết tiệt là không ai trong thị trấn; _;
spam,"Nhận 3 Lions England Tone, Trả lời Lionm 4 Mono hoặc Lionp 4 Poly."
ham,Cảm ơn.
ham,Aslamalaikkum .... Insha Allah Tohar Beeen Muht Albi Mufti Mahfuuz ... có nghĩa tương tự ở đây ....
ham,Bạn đang lái xe hay đào tạo?
ham,Lol thật sự.
spam,Lol thật sự.
ham,"Rất tiếc, tôi đã có nó, & lt;#& gt;"
ham,"\ Không enufcedit tocall.shall leave uni ở 6 +lấy xe buýt đến nhà? \ """""
ham,"Xin chào Chikku, gửi một số tin nhắn hay"
ham,"Anh ấy không thể tranh luận và anh ấy luôn đối xử với tôi như phụ của anh ấy, giống như anh ấy không bao giờ thả tôi ra ... điều mà anh ấy đã làm và tôi sẽ nhắc nhở anh ấy về điều đó nếu cần thiết"
ham,Sau khi làm việc của tôi ah ... den 6 cộng với lor ... bạn làm việc oso rite ...
ham,"Đối với các Okors tuyệt vời, có một tháng tuyệt vời."
ham,Cuz tôi chán.
ham,Wot about on wed nite tôi 3 tuổi nhưng chỉ cho đến 9!
ham,"Hoa hồng cho màu đỏ, đỏ cho máu, máu cho tim, trái tim cho u."
ham,Bất cứ cách nào bạn đang ở đâu và làm gì.
ham,Điều đó thật tệ.
ham,Nó vẫn không hoạt động.
ham,"Hmm ... Dunno leh, Mayb A Bag 4 Goigng Out Dat không quá nhỏ."
ham,Sday chỉ tham gia. Chúng tôi đã bắt đầu đào tạo hôm nay :)
ham,Xin lỗi * đã ở các cửa hàng tạp hóa.
ham,Có một số quán rượu đẹp gần đây hoặc có Frankie và Benny gần rạp chiếu phim Warner?
spam,Có một số quán rượu đẹp gần đây hoặc có Frankie và Benny gần rạp chiếu phim Warner?
ham,Yup ... Tôi chưa từng ở đó trước đây ... Bạn muốn đi tập yoga?
ham,Oh im lặng.
ham,Oh im lặng.
spam,Miễn phí cho tuần đầu tiên!
ham,Miễn phí cho tuần đầu tiên!
ham,"Xin chào em yêu, anh đang ở trên Helen's Fone, anh sẽ trở thành Princes 2 Nite, hãy đến TB Love Kate"
ham,Bây giờ tôi đang ở văn phòng da :) Bạn đang ở đâu?
ham,Aiyar bạn thật nghèo nàn ... tôi cung cấp cho bạn sự hỗ trợ của tôi k ... jia bạn!
ham,Oh vô tình không có thời gian xấu.
spam,
ham,
ham,
ham,
ham,
ham,
ham,
ham,
ham,
ham,
ham,
ham,
ham,
ham,
ham,
ham,
ham,
spam,
ham,
ham,
ham,
ham,
ham,
ham,
ham,
ham,
ham,
ham,
ham,
ham,
ham,
spam,
ham,
ham,
ham,
ham,
ham,
ham,
ham,
ham,
ham,
ham,
spam,
spam,
ham,
ham,
ham,
ham,
ham,
spam,
ham,
ham,
ham,
spam,
spam,
ham,
ham,
ham,
spam,
ham,
ham,
ham,
ham,
ham,
ham,
ham,
ham,
spam,
ham,
ham,
ham,
ham,
ham,
ham,
ham,
ham,
ham,
ham,
ham,
ham,
ham,
spam,
ham,
ham,
ham,
spam,
ham,
ham,
ham,
ham,
spam,
ham,
ham,
ham,
ham,
ham,
ham,
ham,
ham,
ham,
ham,
ham,
ham,
spam,
ham,
ham,
ham,
ham,
ham,
ham,
ham,
ham,
ham,
ham,
ham,
ham,
ham,
ham,
ham,
ham,
ham,
ham,
spam,
ham,
ham,
ham,
ham,
ham,
ham,
ham,
ham,
spam,
ham,
ham,
ham,
ham,
ham,
ham,
spam,
ham,
ham,
ham,
ham,
ham,
ham,
spam,
ham,
spam,
ham,
ham,
ham,
ham,
ham,
ham,
ham,
ham,
ham,
ham,
ham,
ham,
ham,
ham,
ham,
ham,
ham,
ham,
ham,
spam,
ham,
ham,
ham,
ham,
ham,
ham,
ham,
ham,
ham,
ham,
ham,
ham,
ham,
ham,
ham,
ham,
ham,
ham,
ham,
ham,
ham,
ham,
ham,
ham,
ham,
ham,
ham,
spam,
ham,
ham,
ham,
ham,
ham,
ham,
ham,
ham,
ham,
ham,
ham,
ham,
ham,
ham,
ham,
ham,
ham,
ham,
ham,
ham,
ham,
spam,
spam,
spam,
ham,
spam,
ham,
spam,
ham,
ham,
ham,
ham,
ham,
ham,
spam,
spam,
ham,
ham,
spam,
ham,
ham,
ham,
ham,
ham,
ham,
ham,
ham,
ham,
ham,
ham,
ham,
ham,
ham,
ham,
ham,
ham,
ham,
ham,
ham,
ham,
ham,
ham,
ham,
ham,
ham,
ham,
ham,
ham,
ham,
ham,
ham,
ham,
ham,
ham,
ham,
ham,
ham,
ham,
ham,
ham,
ham,
ham,
ham,
ham,
spam,
ham,
ham,
ham,
ham,
ham,
ham,
ham,
ham,
ham,
ham,
ham,
ham,
ham,
ham,
ham,
spam,
ham,
ham,
ham,
ham,
ham,
spam,
ham,
ham,
ham,
ham,
ham,
ham,
spam,
ham,
ham,
ham,
spam,
ham,
spam,
ham,
ham,
ham,
spam,
spam,
spam,
ham,
ham,
ham,
ham,
ham,
ham,
ham,
ham,
ham,
ham,
ham,
ham,
ham,
spam,
ham,
ham,
ham,
ham,
spam,
ham,
ham,
ham,
ham,
spam,
ham,
ham,
ham,
ham,
spam,
ham,
ham,
ham,
spam,
ham,
ham,
ham,
ham,
ham,
ham,
ham,
ham,
ham,
ham,
ham,
ham,
ham,
ham,
ham,
ham,
ham,
ham,
ham,
ham,
ham,
ham,
spam,
ham,
spam,
ham,
ham,
ham,
ham,
ham,
ham,
ham,
ham,
ham,
ham,
spam,
ham,
ham,
spam,
ham,
ham,
ham,
ham,
ham,
ham,
spam,
ham,
ham,
ham,
ham,
ham,
ham,
ham,
ham,
ham,
ham,
ham,
ham,
ham,
ham,
ham,
ham,
ham,
ham,
spam,
spam,
ham,
ham,
ham,
ham,
